representation,candidate,seed,n,k,min_cluster_size,SW,CH,MQ,MQ_status,S_Dbw,AVI,AVU,AVI_undefined_clusters,AVU_undefined_ordered_pairs,network_convention,max_cluster_size,median_cluster_size,negative_silhouette_fraction,below_20_territories_clusters,status,elapsed_seconds,source_run,S_Dbw_status
annual_2023,kmeans_k4,1729,2016,4,127,0.24023677355726694,779.8270404177405,,definition_pending_organizer,0.9959874251806291,0.8847187493492511,0.5296353331236692,0,0,binary; symmetric adjacency; internal edges counted twice; AVU ordered sum divided by K,859,515.0,0.04563492063492063,0,completed,1.0067497999989428,research-20260923T123427735210Z,
annual_2023,kmeans_k6,1729,2016,6,91,0.2254819345392957,675.1336871138991,,definition_pending_organizer,0.8291424042821498,0.8365902207058157,0.5000802283918312,0,0,binary; symmetric adjacency; internal edges counted twice; AVU ordered sum divided by K,426,371.0,0.06101190476190476,0,completed,0.5904195000002801,research-20260923T123427735210Z,
annual_2023,kmeans_k8,1729,2016,8,88,0.2154401527536926,584.0431738692646,,definition_pending_organizer,,0.8046497722066004,0.5138588230468745,0,0,binary; symmetric adjacency; internal edges counted twice; AVU ordered sum divided by K,351,278.5,0.05952380952380952,0,completed,0.5163648999987345,research-20260923T123427735210Z,S_Dbw undefined: zero centroid density
annual_2023,kmeans_k12,1729,2016,12,27,0.19888138996208973,488.70375219613675,,definition_pending_organizer,,0.7565750273590841,0.5209945502237273,0,0,binary; symmetric adjacency; internal edges counted twice; AVU ordered sum divided by K,282,191.5,0.0679563492063492,0,completed,0.5800477999982832,research-20260923T123427735210Z,S_Dbw undefined: zero centroid density
annual_2023,ward_k4,1729,2016,4,138,0.21144062975268077,681.7223085347704,,definition_pending_organizer,0.9592973678578101,0.8858804978923462,0.516327036910519,0,0,binary; symmetric adjacency; internal edges counted twice; AVU ordered sum divided by K,949,464.5,0.14384920634920634,0,completed,0.4880291000008583,research-20260923T123427735210Z,
annual_2023,ward_k6,1729,2016,6,138,0.15254740512389922,549.355425579511,,definition_pending_organizer,1.0066267794344554,0.8242337634258249,0.47034887211123366,0,0,binary; symmetric adjacency; internal edges counted twice; AVU ordered sum divided by K,640,275.5,0.2663690476190476,0,completed,0.5370321000009426,research-20260923T123427735210Z,
annual_2023,ward_k8,1729,2016,8,138,0.14930590419724962,480.8083053646513,,definition_pending_organizer,,0.7883397560430174,0.5078212591548869,0,0,binary; symmetric adjacency; internal edges counted twice; AVU ordered sum divided by K,512,242.5,0.22817460317460317,0,completed,0.4790471999986039,research-20260923T123427735210Z,S_Dbw undefined: zero centroid density
annual_2023,ward_k12,1729,2016,12,16,0.15057144036425985,397.435082404448,,definition_pending_organizer,,0.703172457582364,0.5048355131630626,0,0,binary; symmetric adjacency; internal edges counted twice; AVU ordered sum divided by K,289,184.0,0.21329365079365079,1,completed,0.13346050000109244,research-20260923T123427735210Z,S_Dbw undefined: zero centroid density
annual_2023,gmm_full_k4,1729,2016,4,189,0.1809439853897938,482.2232202674053,,definition_pending_organizer,1.2111314039652767,0.804243832308732,0.5448949229020186,0,0,binary; symmetric adjacency; internal edges counted twice; AVU ordered sum divided by K,998,414.5,0.19940476190476192,0,completed,1.52409070000067,research-20260923T123427735210Z,
annual_2023,gmm_full_k6,1729,2016,6,162,0.1483376490293379,410.6170075228253,,definition_pending_organizer,1.0338010130230466,0.766401688473938,0.524875375756415,0,0,binary; symmetric adjacency; internal edges counted twice; AVU ordered sum divided by K,501,313.5,0.2509920634920635,0,completed,1.0985894999976153,research-20260923T123427735210Z,
annual_2023,gmm_full_k8,1729,2016,8,51,0.13456749736995882,345.92390534072865,,definition_pending_organizer,,0.7059613015375265,0.5106503229586644,0,0,binary; symmetric adjacency; internal edges counted twice; AVU ordered sum divided by K,432,255.5,0.2604166666666667,0,completed,1.0913830000026792,research-20260923T123427735210Z,S_Dbw undefined: zero centroid density
annual_2023,gmm_full_k12,1729,2016,12,56,0.12913017298412952,298.6806708727238,,definition_pending_organizer,,0.6792665071996864,0.5280209029823653,0,0,binary; symmetric adjacency; internal edges counted twice; AVU ordered sum divided by K,304,167.5,0.2554563492063492,0,completed,1.6241784999983793,research-20260923T123427735210Z,S_Dbw undefined: zero centroid density
annual_2023,spectral_global_k4,1729,2016,4,8,0.3624272154049965,480.0477064557377,,definition_pending_organizer,0.749076113574565,0.7563372298053666,0.5649000193423641,0,0,binary; symmetric adjacency; internal edges counted twice; AVU ordered sum divided by K,1582,213.0,0.08928571428571429,1,completed,1.6429598999966402,research-20260923T123427735210Z,
annual_2023,spectral_global_k6,1729,2016,6,8,0.2537957339108288,371.7968198000952,,definition_pending_organizer,,0.7270791441854216,0.4807522108671627,0,0,binary; symmetric adjacency; internal edges counted twice; AVU ordered sum divided by K,1399,58.5,0.13988095238095238,1,completed,1.0174932000008994,research-20260923T123427735210Z,S_Dbw undefined: zero centroid density
annual_2023,spectral_global_k8,1729,2016,8,2,0.17673218504691748,337.4025539617031,,definition_pending_organizer,,0.6365254709378244,0.4001898248195726,0,0,binary; symmetric adjacency; internal edges counted twice; AVU ordered sum divided by K,824,50.5,0.17410714285714285,3,completed,0.9914337000009255,research-20260923T123427735210Z,S_Dbw undefined: zero centroid density
annual_2023,spectral_global_k12,1729,2016,12,2,0.16268564821378573,343.39693704674346,,definition_pending_organizer,,0.6632112333736251,0.4054935672302254,0,0,binary; symmetric adjacency; internal edges counted twice; AVU ordered sum divided by K,360,161.0,0.19295634920634921,4,completed,0.5880810999988171,research-20260923T123427735210Z,S_Dbw undefined: zero centroid density
annual_2023,spectral_local_k4,1729,2016,4,81,0.20971967584107454,587.9720509254985,,definition_pending_organizer,0.9077280506812891,0.9049517775096134,0.6014869559504196,0,0,binary; symmetric adjacency; internal edges counted twice; AVU ordered sum divided by K,980,477.5,0.18700396825396826,0,completed,0.9789124000017182,research-20260923T123427735210Z,
annual_2023,spectral_local_k6,1729,2016,6,66,0.16591058636621078,544.6164702586215,,definition_pending_organizer,0.8705468241464455,0.8709035475982065,0.51893629534298,0,0,binary; symmetric adjacency; internal edges counted twice; AVU ordered sum divided by K,630,304.5,0.20287698412698413,0,completed,3.756182799999806,research-20260923T123427735210Z,
annual_2023,spectral_local_k8,1729,2016,8,62,0.1471282704737624,463.62643321391994,,definition_pending_organizer,0.669964453852369,0.8362114401463461,0.5009538269697585,0,0,binary; symmetric adjacency; internal edges counted twice; AVU ordered sum divided by K,527,226.5,0.22172619047619047,0,completed,0.5662517999990087,research-20260923T123427735210Z,
annual_2023,spectral_local_k12,1729,2016,12,28,0.14019236428033802,391.60726198014066,,definition_pending_organizer,,0.7826639198856779,0.5217019256968012,0,0,binary; symmetric adjacency; internal edges counted twice; AVU ordered sum divided by K,305,147.5,0.21279761904761904,0,completed,0.9927711999989697,research-20260923T123427735210Z,S_Dbw undefined: zero centroid density
annual_2023,leiden_global_r0p4,1729,2016,8,6,0.16028085587928081,412.0759200456888,,definition_pending_organizer,,0.736307264289568,0.41378886785413277,0,0,binary; symmetric adjacency; internal edges counted twice; AVU ordered sum divided by K,461,286.0,0.25496031746031744,2,completed,1.1965471999974397,research-20260923T123427735210Z,S_Dbw undefined: zero centroid density
annual_2023,leiden_global_r0p7,1729,2016,12,3,0.13440494837828462,329.1019658286546,,definition_pending_organizer,,0.6885881721444863,0.4266842378640921,0,0,binary; symmetric adjacency; internal edges counted twice; AVU ordered sum divided by K,390,170.0,0.23809523809523808,3,completed,0.5248156000016024,research-20260923T123427735210Z,S_Dbw undefined: zero centroid density
annual_2023,leiden_global_r1p0,1729,2016,15,3,0.12878281500719838,323.6477830824925,,definition_pending_organizer,,0.6934180557227556,0.44761996196984727,0,0,binary; symmetric adjacency; internal edges counted twice; AVU ordered sum divided by K,298,125.0,0.25049603174603174,3,completed,0.46970299999884446,research-20260923T123427735210Z,S_Dbw undefined: zero centroid density
annual_2023,leiden_local_r0p4,1729,2016,7,135,0.16092502637550296,526.5576151143148,,definition_pending_organizer,1.1850139357168907,0.8504803205824764,0.5031807983685236,0,0,binary; symmetric adjacency; internal edges counted twice; AVU ordered sum divided by K,461,277.0,0.23809523809523808,0,completed,0.5718538999972225,research-20260923T123427735210Z,
annual_2023,leiden_local_r0p7,1729,2016,10,44,0.14026426823667432,429.4686341050819,,definition_pending_organizer,,0.8186998007456661,0.5038888642785901,0,0,binary; symmetric adjacency; internal edges counted twice; AVU ordered sum divided by K,428,202.0,0.25793650793650796,0,completed,0.4696263000005274,research-20260923T123427735210Z,S_Dbw undefined: zero centroid density
annual_2023,leiden_local_r1p0,1729,2016,14,52,0.13904869788703,363.0115612589944,,definition_pending_organizer,,0.7817028944687477,0.5232718723768793,0,0,binary; symmetric adjacency; internal edges counted twice; AVU ordered sum divided by K,221,136.0,0.2177579365079365,0,completed,0.1140090999979293,research-20260923T123427735210Z,S_Dbw undefined: zero centroid density
2023-01-01,kmeans_k4,1729,2016,4,284,0.25259459998326694,603.1376986177308,,definition_pending_organizer,1.120481630456172,0.867202369011519,0.5717339558980693,0,0,binary; symmetric adjacency; internal edges counted twice; AVU ordered sum divided by K,765,483.5,0.08878968253968254,0,completed,0.6424587999972573,research-20260923T123523157700Z,
2023-01-01,kmeans_k6,1729,2016,6,67,0.21250449846365801,526.7218226884814,,definition_pending_organizer,1.2309668514379237,0.8218927849164355,0.5070646433326428,0,0,binary; symmetric adjacency; internal edges counted twice; AVU ordered sum divided by K,504,355.0,0.06498015873015874,0,completed,0.971092799998587,research-20260923T123523157700Z,
2023-01-01,kmeans_k8,1729,2016,8,19,0.21223082463175297,469.99558240268533,,definition_pending_organizer,,0.7710259013522178,0.47524477146080407,0,0,binary; symmetric adjacency; internal edges counted twice; AVU ordered sum divided by K,414,291.0,0.07291666666666667,1,completed,0.5328623999994306,research-20260923T123523157700Z,S_Dbw undefined: zero centroid density
2023-01-01,kmeans_k12,1729,2016,12,14,0.1835321250672569,397.03368660271207,,definition_pending_organizer,,0.7346310484752879,0.5086885405237349,0,0,binary; symmetric adjacency; internal edges counted twice; AVU ordered sum divided by K,257,177.0,0.10069444444444445,1,completed,1.0971329999993031,research-20260923T123523157700Z,S_Dbw undefined: zero centroid density
2023-01-01,ward_k4,1729,2016,4,127,0.1798093209518963,480.0648928389941,,definition_pending_organizer,1.1627899424854915,0.8554851838590762,0.5173312769043432,0,0,binary; symmetric adjacency; internal edges counted twice; AVU ordered sum divided by K,820,534.5,0.16170634920634921,0,completed,0.13792670000111684,research-20260923T123523157700Z,
2023-01-01,ward_k6,1729,2016,6,127,0.15097965322384505,403.5898288193537,,definition_pending_organizer,1.2909404919725853,0.8042932627205245,0.4852194273221759,0,0,binary; symmetric adjacency; internal edges counted twice; AVU ordered sum divided by K,571,325.0,0.2638888888888889,0,completed,0.49603290000231937,research-20260923T123523157700Z,
2023-01-01,ward_k8,1729,2016,8,22,0.15711967716040948,372.2719913301291,,definition_pending_organizer,,0.7494164992868066,0.45513214053458817,0,0,binary; symmetric adjacency; internal edges counted twice; AVU ordered sum divided by K,442,268.0,0.2524801587301587,0,completed,0.5488087999983691,research-20260923T123523157700Z,S_Dbw undefined: zero centroid density
2023-01-01,ward_k12,1729,2016,12,22,0.16095239847993956,329.711254496446,,definition_pending_organizer,,0.7115776695691806,0.4611997018630019,0,0,binary; symmetric adjacency; internal edges counted twice; AVU ordered sum divided by K,310,140.0,0.1909722222222222,0,completed,0.545426699998643,research-20260923T123523157700Z,S_Dbw undefined: zero centroid density
2023-01-01,gmm_full_k4,1729,2016,4,218,0.13379777474987412,309.88119123228455,,definition_pending_organizer,1.4185207027941817,0.7852329214905185,0.5465870840827458,0,0,binary; symmetric adjacency; internal edges counted twice; AVU ordered sum divided by K,853,472.5,0.27331349206349204,0,completed,1.057709699998668,research-20260923T123523157700Z,
2023-01-01,gmm_full_k6,1729,2016,6,177,0.13632859723306626,301.0585813350499,,definition_pending_organizer,1.2866147063873403,0.7367493457854125,0.5305190637219361,0,0,binary; symmetric adjacency; internal edges counted twice; AVU ordered sum divided by K,527,338.5,0.2683531746031746,0,completed,4.193133600001602,research-20260923T123523157700Z,
2023-01-01,gmm_full_k8,1729,2016,8,74,0.11951140015512765,259.9257888489704,,definition_pending_organizer,,0.6766883541925377,0.5380651747132718,0,0,binary; symmetric adjacency; internal edges counted twice; AVU ordered sum divided by K,453,231.5,0.2569444444444444,0,completed,0.9798454999981914,research-20260923T123523157700Z,S_Dbw undefined: zero centroid density
2023-01-01,gmm_full_k12,1729,2016,12,35,0.08458796838996184,220.5826039438303,,definition_pending_organizer,,0.6247654774601205,0.5194009891794439,0,0,binary; symmetric adjacency; internal edges counted twice; AVU ordered sum divided by K,282,178.0,0.35267857142857145,0,completed,1.198148300001776,research-20260923T123523157700Z,S_Dbw undefined: zero centroid density
2023-01-01,spectral_global_k4,1729,2016,4,9,0.18566312791643944,340.5254929118961,,definition_pending_organizer,1.4206473266821857,0.7938326933029747,0.5109290564455164,0,0,binary; symmetric adjacency; internal edges counted twice; AVU ordered sum divided by K,1435,286.0,0.16964285714285715,1,completed,4.141780400001153,research-20260923T123523157700Z,
2023-01-01,spectral_global_k6,1729,2016,6,8,0.16154087328394873,411.94464035034514,,definition_pending_organizer,1.1439587366736834,0.7955830001128973,0.4490766889257976,0,0,binary; symmetric adjacency; internal edges counted twice; AVU ordered sum divided by K,567,406.0,0.21081349206349206,1,completed,0.6402858000001288,research-20260923T123523157700Z,
2023-01-01,spectral_global_k8,1729,2016,8,7,0.13732813374402966,334.7707403677793,,definition_pending_organizer,1.0471214938447286,0.7690753330279293,0.44473885080511905,0,0,binary; symmetric adjacency; internal edges counted twice; AVU ordered sum divided by K,463,251.0,0.24553571428571427,1,completed,0.9926014000011492,research-20260923T123523157700Z,
2023-01-01,spectral_global_k12,1729,2016,12,7,0.12401265365175757,292.9760851054993,,definition_pending_organizer,,0.7301114943648294,0.48238598783085745,0,0,binary; symmetric adjacency; internal edges counted twice; AVU ordered sum divided by K,459,147.0,0.24454365079365079,1,completed,1.008105600001727,research-20260923T123523157700Z,S_Dbw undefined: zero centroid density
2023-01-01,spectral_local_k4,1729,2016,4,83,0.17148580433466779,412.9480010003747,,definition_pending_organizer,1.0145009450803422,0.9085580725371485,0.5949560875862532,0,0,binary; symmetric adjacency; internal edges counted twice; AVU ordered sum divided by K,883,525.0,0.2584325396825397,0,completed,0.6020685000003141,research-20260923T123523157700Z,
2023-01-01,spectral_local_k6,1729,2016,6,57,0.13790725336224238,371.7540828503085,,definition_pending_organizer,0.7735630866107637,0.8525027929942707,0.5334583351297387,0,0,binary; symmetric adjacency; internal edges counted twice; AVU ordered sum divided by K,557,375.5,0.26240079365079366,0,completed,0.986790300001303,research-20260923T123523157700Z,
2023-01-01,spectral_local_k8,1729,2016,8,54,0.13483479148709918,340.875098063366,,definition_pending_organizer,0.90926403245761,0.8146327088816671,0.5204142295277467,0,0,binary; symmetric adjacency; internal edges counted twice; AVU ordered sum divided by K,475,248.0,0.2058531746031746,0,completed,0.6267069999994419,research-20260923T123523157700Z,
2023-01-01,spectral_local_k12,1729,2016,12,49,0.08486463982364625,225.4682010112048,,definition_pending_organizer,,0.7540756304564296,0.505989288151009,0,0,binary; symmetric adjacency; internal edges counted twice; AVU ordered sum divided by K,360,153.5,0.3159722222222222,0,completed,0.6055941000013263,research-20260923T123523157700Z,S_Dbw undefined: zero centroid density
2023-01-01,leiden_global_r0p4,1729,2016,6,6,0.1523007660313104,384.779325904078,,definition_pending_organizer,1.0968925182446911,0.7943193285883647,0.4555311838427722,0,0,binary; symmetric adjacency; internal edges counted twice; AVU ordered sum divided by K,579,374.5,0.19295634920634921,1,completed,1.6064519999999902,research-20260923T123523157700Z,
2023-01-01,leiden_global_r0p7,1729,2016,10,6,0.11391680054481866,296.2063780720535,,definition_pending_organizer,,0.7647349020572688,0.4813269822610831,0,0,binary; symmetric adjacency; internal edges counted twice; AVU ordered sum divided by K,415,187.0,0.27728174603174605,1,completed,0.5162840000011784,research-20260923T123523157700Z,S_Dbw undefined: zero centroid density
2023-01-01,leiden_global_r1p0,1729,2016,13,6,0.11804567366635854,288.94906760901085,,definition_pending_organizer,,0.7492442219605757,0.4881737593177252,0,0,binary; symmetric adjacency; internal edges counted twice; AVU ordered sum divided by K,254,171.0,0.27232142857142855,1,completed,0.4663780000009865,research-20260923T123523157700Z,S_Dbw undefined: zero centroid density
2023-01-01,leiden_local_r0p4,1729,2016,5,240,0.12903694266666726,413.28139046987616,,definition_pending_organizer,1.0278741107668734,0.8707167554550747,0.5658870154641874,0,0,binary; symmetric adjacency; internal edges counted twice; AVU ordered sum divided by K,640,433.0,0.27728174603174605,0,completed,0.12250950000088778,research-20260923T123523157700Z,
2023-01-01,leiden_local_r0p7,1729,2016,9,105,0.10905805849765289,335.7690694054423,,definition_pending_organizer,,0.8241776890950848,0.5069194647625692,0,0,binary; symmetric adjacency; internal edges counted twice; AVU ordered sum divided by K,341,195.0,0.2976190476190476,0,completed,0.5124524000020756,research-20260923T123523157700Z,S_Dbw undefined: zero centroid density
2023-01-01,leiden_local_r1p0,1729,2016,14,66,0.08943586309342551,277.8766510225398,,definition_pending_organizer,,0.7687025619735796,0.5205108007493933,0,0,binary; symmetric adjacency; internal edges counted twice; AVU ordered sum divided by K,257,140.5,0.32043650793650796,0,completed,0.4803630000023986,research-20260923T123523157700Z,S_Dbw undefined: zero centroid density
2023-06-01,kmeans_k4,1729,2016,4,100,0.24250124561806455,787.7707743213963,,definition_pending_organizer,0.9636478696667956,0.881773835863658,0.5130084889797566,0,0,binary; symmetric adjacency; internal edges counted twice; AVU ordered sum divided by K,837,539.5,0.036210317460317464,0,completed,0.9382331000015256,research-20260923T123523157700Z,
2023-06-01,kmeans_k6,1729,2016,6,78,0.2254904351558796,680.8506126550263,,definition_pending_organizer,0.9235410130511237,0.8381938195224796,0.4966035348117009,0,0,binary; symmetric adjacency; internal edges counted twice; AVU ordered sum divided by K,422,383.0,0.05257936507936508,0,completed,11.036552899997332,research-20260923T123523157700Z,
2023-06-01,kmeans_k8,1729,2016,8,78,0.2155899617626903,591.9020528273716,,definition_pending_organizer,0.9017099171253559,0.8052222243288247,0.49835141786514986,0,0,binary; symmetric adjacency; internal edges counted twice; AVU ordered sum divided by K,318,292.5,0.050595238095238096,0,completed,0.5409192000006442,research-20260923T123523157700Z,
2023-06-01,kmeans_k12,1729,2016,12,21,0.20768008893471415,486.7479314965902,,definition_pending_organizer,,0.741718252035131,0.5004685279064003,0,0,binary; symmetric adjacency; internal edges counted twice; AVU ordered sum divided by K,299,183.0,0.062003968253968256,0,completed,0.6383380000006582,research-20260923T123523157700Z,S_Dbw undefined: zero centroid density
2023-06-01,ward_k4,1729,2016,4,46,0.2088784940725268,657.8023849557046,,definition_pending_organizer,1.0774737003075212,0.8660365032492172,0.505826853043649,0,0,binary; symmetric adjacency; internal edges counted twice; AVU ordered sum divided by K,861,554.5,0.13095238095238096,0,completed,0.4905657999988762,research-20260923T123523157700Z,
2023-06-01,ward_k6,1729,2016,6,46,0.18692074195358763,562.5638471784616,,definition_pending_organizer,1.1052593879577777,0.8182655798200157,0.4550491083712309,0,0,binary; symmetric adjacency; internal edges counted twice; AVU ordered sum divided by K,610,335.0,0.21825396825396826,0,completed,0.5360780000009981,research-20260923T123523157700Z,
2023-06-01,ward_k8,1729,2016,8,46,0.14290578333560133,485.69441653356824,,definition_pending_organizer,,0.7908320353432426,0.4840586762504686,0,0,binary; symmetric adjacency; internal edges counted twice; AVU ordered sum divided by K,419,259.5,0.2544642857142857,0,completed,0.4975183999995352,research-20260923T123523157700Z,S_Dbw undefined: zero centroid density
2023-06-01,ward_k12,1729,2016,12,15,0.16136215595434444,411.83028528034777,,definition_pending_organizer,,0.7223178323922653,0.483985433516793,0,0,binary; symmetric adjacency; internal edges counted twice; AVU ordered sum divided by K,271,198.0,0.18055555555555555,1,completed,0.5278230000003532,research-20260923T123523157700Z,S_Dbw undefined: zero centroid density
2023-06-01,gmm_full_k4,1729,2016,4,167,0.176859152434562,492.4274761831183,,definition_pending_organizer,1.2130764507363776,0.8063032501585152,0.5542733202310467,0,0,binary; symmetric adjacency; internal edges counted twice; AVU ordered sum divided by K,1070,389.5,0.20982142857142858,0,completed,1.150948900001822,research-20260923T123523157700Z,
2023-06-01,gmm_full_k6,1729,2016,6,144,0.1560879552445268,392.8027128221408,,definition_pending_organizer,1.0418819672960828,0.7433253885615351,0.5002145910763635,0,0,binary; symmetric adjacency; internal edges counted twice; AVU ordered sum divided by K,604,323.5,0.24305555555555555,0,completed,0.5382160999979533,research-20260923T123523157700Z,
2023-06-01,gmm_full_k8,1729,2016,8,119,0.11867642534919773,326.81341388828713,,definition_pending_organizer,0.992649117296512,0.7056152381958023,0.5159942986173887,0,0,binary; symmetric adjacency; internal edges counted twice; AVU ordered sum divided by K,414,248.0,0.2896825396825397,0,completed,1.0753939999995055,research-20260923T123523157700Z,
2023-06-01,gmm_full_k12,1729,2016,12,58,0.08697245471638365,275.2425750626064,,definition_pending_organizer,,0.6375451571930167,0.49417467716335545,0,0,binary; symmetric adjacency; internal edges counted twice; AVU ordered sum divided by K,402,121.0,0.3055555555555556,0,completed,1.1007027000014205,research-20260923T123523157700Z,S_Dbw undefined: zero centroid density
2023-06-01,spectral_global_k4,1729,2016,4,15,0.2398590100663265,461.20739396339394,,definition_pending_organizer,0.8925301654824811,0.8510091984484336,0.5239145086754647,0,0,binary; symmetric adjacency; internal edges counted twice; AVU ordered sum divided by K,1452,274.5,0.17063492063492064,1,completed,5.156060299999808,research-20260923T123523157700Z,
2023-06-01,spectral_global_k6,1729,2016,6,3,0.2176994393813031,400.6040956946745,,definition_pending_organizer,,0.7089953247152364,0.4791703572546467,0,0,binary; symmetric adjacency; internal edges counted twice; AVU ordered sum divided by K,1173,218.5,0.13194444444444445,2,completed,0.6483087000015075,research-20260923T123523157700Z,S_Dbw undefined: zero centroid density
2023-06-01,spectral_global_k8,1729,2016,8,3,0.1694898041232758,379.9455132382277,,definition_pending_organizer,,0.7065587768373864,0.4639995469583538,0,0,binary; symmetric adjacency; internal edges counted twice; AVU ordered sum divided by K,695,148.0,0.16319444444444445,2,completed,1.0006778999995731,research-20260923T123523157700Z,S_Dbw undefined: zero centroid density
2023-06-01,spectral_global_k12,1729,2016,12,3,0.17131341188535304,375.8141323284584,,definition_pending_organizer,,0.6997422970626127,0.46508844084185297,0,0,binary; symmetric adjacency; internal edges counted twice; AVU ordered sum divided by K,418,142.5,0.18154761904761904,4,completed,0.5752930999988166,research-20260923T123523157700Z,S_Dbw undefined: zero centroid density
2023-06-01,spectral_local_k4,1729,2016,4,84,0.21038184633823626,578.6857302208788,,definition_pending_organizer,0.8957591889072362,0.9110573504312196,0.6252111281305207,0,0,binary; symmetric adjacency; internal edges counted twice; AVU ordered sum divided by K,1002,465.0,0.15476190476190477,0,completed,0.9709714000018721,research-20260923T123523157700Z,
2023-06-01,spectral_local_k6,1729,2016,6,69,0.17634580956250162,554.166274079197,,definition_pending_organizer,0.6710633335124396,0.8675813870345089,0.5394273639635673,0,0,binary; symmetric adjacency; internal edges counted twice; AVU ordered sum divided by K,667,295.0,0.16964285714285715,0,completed,1.0157546999980696,research-20260923T123523157700Z,
2023-06-01,spectral_local_k8,1729,2016,8,39,0.1334663326823537,429.87759918972836,,definition_pending_organizer,0.6664013315594238,0.8217810457744135,0.5047531027653417,0,0,binary; symmetric adjacency; internal edges counted twice; AVU ordered sum divided by K,530,246.5,0.22420634920634921,0,completed,0.6955369999996037,research-20260923T123523157700Z,
2023-06-01,spectral_local_k12,1729,2016,12,26,0.14206182673915807,397.23454532224866,,definition_pending_organizer,,0.7928512484330951,0.5205854937870408,0,0,binary; symmetric adjacency; internal edges counted twice; AVU ordered sum divided by K,337,137.5,0.22718253968253968,0,completed,0.9829547000008461,research-20260923T123523157700Z,S_Dbw undefined: zero centroid density
2023-06-01,leiden_global_r0p4,1729,2016,8,5,0.118495749472625,404.30958324444623,,definition_pending_organizer,,0.7442681017552779,0.3895006055472171,0,0,binary; symmetric adjacency; internal edges counted twice; AVU ordered sum divided by K,605,245.5,0.3368055555555556,2,completed,0.47241899999789894,research-20260923T123523157700Z,S_Dbw undefined: zero centroid density
2023-06-01,leiden_global_r0p7,1729,2016,12,5,0.1464407350866186,339.38429235184645,,definition_pending_organizer,,0.7162661668105051,0.41403047265853127,0,0,binary; symmetric adjacency; internal edges counted twice; AVU ordered sum divided by K,422,131.5,0.2251984126984127,2,completed,0.11265830000047572,research-20260923T123523157700Z,S_Dbw undefined: zero centroid density
2023-06-01,leiden_global_r1p0,1729,2016,13,39,0.11621008863428245,370.0449229037898,,definition_pending_organizer,,0.7758302507979621,0.5129353564640439,0,0,binary; symmetric adjacency; internal edges counted twice; AVU ordered sum divided by K,251,160.0,0.2941468253968254,0,completed,0.5096515000004729,research-20260923T123523157700Z,S_Dbw undefined: zero centroid density
2023-06-01,leiden_local_r0p4,1729,2016,6,244,0.15069351759512994,502.81824440296776,,definition_pending_organizer,0.9258228436281186,0.8635654775432386,0.5452356296629722,0,0,binary; symmetric adjacency; internal edges counted twice; AVU ordered sum divided by K,498,321.5,0.2728174603174603,0,completed,0.468434200000047,research-20260923T123523157700Z,
2023-06-01,leiden_local_r0p7,1729,2016,10,59,0.15605126326509014,442.2348962519041,,definition_pending_organizer,,0.8045628547856907,0.509938160460791,0,0,binary; symmetric adjacency; internal edges counted twice; AVU ordered sum divided by K,322,244.5,0.20238095238095238,0,completed,0.5815121999985422,research-20260923T123523157700Z,S_Dbw undefined: zero centroid density
2023-06-01,leiden_local_r1p0,1729,2016,14,55,0.14413695051978997,376.07946092229344,,definition_pending_organizer,,0.7821954484539543,0.5084732616046052,0,0,binary; symmetric adjacency; internal edges counted twice; AVU ordered sum divided by K,245,138.5,0.22420634920634921,0,completed,0.5014397999984794,research-20260923T123523157700Z,S_Dbw undefined: zero centroid density
2023-12-01,kmeans_k4,1729,2016,4,85,0.2516479904499988,794.1409402843627,,definition_pending_organizer,0.935455143196966,0.8790823669927779,0.517524614119705,0,0,binary; symmetric adjacency; internal edges counted twice; AVU ordered sum divided by K,840,545.5,0.04117063492063492,0,completed,0.9578714999988733,research-20260923T123523157700Z,
2023-12-01,kmeans_k6,1729,2016,6,71,0.2325026501105122,679.6201639801654,,definition_pending_organizer,0.9434362295820256,0.8333083767732142,0.48563199421923464,0,0,binary; symmetric adjacency; internal edges counted twice; AVU ordered sum divided by K,496,362.0,0.034722222222222224,0,completed,0.5283722000021953,research-20260923T123523157700Z,
2023-12-01,kmeans_k8,1729,2016,8,65,0.21260261826094157,587.8527889975962,,definition_pending_organizer,,0.8000030869503051,0.5041878014617582,0,0,binary; symmetric adjacency; internal edges counted twice; AVU ordered sum divided by K,356,261.0,0.06101190476190476,0,completed,0.5885804999998072,research-20260923T123523157700Z,S_Dbw undefined: zero centroid density
2023-12-01,kmeans_k12,1729,2016,12,21,0.195744348156342,481.2796596005034,,definition_pending_organizer,,0.7425927890562615,0.5089349892355214,0,0,binary; symmetric adjacency; internal edges counted twice; AVU ordered sum divided by K,259,159.0,0.053075396825396824,0,completed,0.6234710999997333,research-20260923T123523157700Z,S_Dbw undefined: zero centroid density
2023-12-01,ward_k4,1729,2016,4,71,0.19886099373560304,672.98354811453,,definition_pending_organizer,1.0591705831331197,0.8513040316984497,0.5358099736317439,0,0,binary; symmetric adjacency; internal edges counted twice; AVU ordered sum divided by K,969,488.0,0.16021825396825398,0,completed,4.726019699999597,research-20260923T123523157700Z,
2023-12-01,ward_k6,1729,2016,6,71,0.14496302828828497,548.5726048260724,,definition_pending_organizer,0.9615507320762435,0.8192204299654234,0.5069382670307069,0,0,binary; symmetric adjacency; internal edges counted twice; AVU ordered sum divided by K,644,292.0,0.21924603174603174,0,completed,0.49379099999714526,research-20260923T123523157700Z,
2023-12-01,ward_k8,1729,2016,8,71,0.14009036585715046,476.64024869252927,,definition_pending_organizer,1.0425612965473636,0.7712268899467077,0.4960280317146898,0,0,binary; symmetric adjacency; internal edges counted twice; AVU ordered sum divided by K,459,246.0,0.21676587301587302,0,completed,0.5347929999988992,research-20260923T123523157700Z,
2023-12-01,ward_k12,1729,2016,12,22,0.14392559229096755,392.42270378650517,,definition_pending_organizer,,0.7049091315788378,0.49184290190288454,0,0,binary; symmetric adjacency; internal edges counted twice; AVU ordered sum divided by K,358,153.5,0.22321428571428573,0,completed,0.4839103999984218,research-20260923T123523157700Z,S_Dbw undefined: zero centroid density
2023-12-01,gmm_full_k4,1729,2016,4,212,0.18681305026084036,457.73177220217485,,definition_pending_organizer,1.1424527110584304,0.7993466448977886,0.6014159205134897,0,0,binary; symmetric adjacency; internal edges counted twice; AVU ordered sum divided by K,1232,286.0,0.22767857142857142,0,completed,1.0956111000014062,research-20260923T123523157700Z,
2023-12-01,gmm_full_k6,1729,2016,6,88,0.11086935583716946,355.67366295370846,,definition_pending_organizer,1.5501333880309955,0.7272056020165895,0.5218336867293594,0,0,binary; symmetric adjacency; internal edges counted twice; AVU ordered sum divided by K,734,261.5,0.3030753968253968,0,completed,1.1058813000017835,research-20260923T123523157700Z,
2023-12-01,gmm_full_k8,1729,2016,8,77,0.11483935949240573,311.96826611863423,,definition_pending_organizer,,0.646170781071495,0.5113167769430943,0,0,binary; symmetric adjacency; internal edges counted twice; AVU ordered sum divided by K,469,271.5,0.32242063492063494,0,completed,1.4887667000002693,research-20260923T123523157700Z,S_Dbw undefined: zero centroid density
2023-12-01,gmm_full_k12,1729,2016,12,55,0.05871592640585362,243.73946854264847,,definition_pending_organizer,,0.6109060005053778,0.5177055959581215,0,0,binary; symmetric adjacency; internal edges counted twice; AVU ordered sum divided by K,298,170.0,0.36061507936507936,0,completed,1.71204729999954,research-20260923T123523157700Z,S_Dbw undefined: zero centroid density
2023-12-01,spectral_global_k4,1729,2016,4,108,0.22997732789290376,601.9953724480793,,definition_pending_organizer,0.9781881856970644,0.9003260059211202,0.612281920899961,0,0,binary; symmetric adjacency; internal edges counted twice; AVU ordered sum divided by K,1152,378.0,0.13690476190476192,0,completed,1.0440602999988187,research-20260923T123523157700Z,
2023-12-01,spectral_global_k6,1729,2016,6,20,0.20060262193431724,513.1638381166474,,definition_pending_organizer,,0.8285780921349096,0.5361987670039046,0,0,binary; symmetric adjacency; internal edges counted twice; AVU ordered sum divided by K,1014,198.0,0.12003968253968254,0,completed,1.0321060999995098,research-20260923T123523157700Z,S_Dbw undefined: zero centroid density
2023-12-01,spectral_global_k8,1729,2016,8,13,0.1861362857226863,471.4088891234807,,definition_pending_organizer,,0.7755359787686125,0.45049349204475914,0,0,binary; symmetric adjacency; internal edges counted twice; AVU ordered sum divided by K,610,155.0,0.1359126984126984,1,completed,0.5863403000003018,research-20260923T123523157700Z,S_Dbw undefined: zero centroid density
2023-12-01,spectral_global_k12,1729,2016,12,9,0.1386618094103199,326.82556983068633,,definition_pending_organizer,,0.716831116539296,0.44344551792069903,0,0,binary; symmetric adjacency; internal edges counted twice; AVU ordered sum divided by K,393,149.5,0.20932539682539683,3,completed,1.0034544000009191,research-20260923T123523157700Z,S_Dbw undefined: zero centroid density
2023-12-01,spectral_local_k4,1729,2016,4,69,0.2119562606748239,586.8367726701567,,definition_pending_organizer,0.7341447634639389,0.9051163911643254,0.6145372939481525,0,0,binary; symmetric adjacency; internal edges counted twice; AVU ordered sum divided by K,1023,462.0,0.15029761904761904,0,completed,1.0012842000032833,research-20260923T123523157700Z,
2023-12-01,spectral_local_k6,1729,2016,6,60,0.17358153941085405,554.1769027807702,,definition_pending_organizer,0.6993275703739148,0.8690830537146024,0.5210365282786951,0,0,binary; symmetric adjacency; internal edges counted twice; AVU ordered sum divided by K,630,332.0,0.16815476190476192,0,completed,0.6403353999994579,research-20260923T123523157700Z,
2023-12-01,spectral_local_k8,1729,2016,8,55,0.15921728274567223,491.7513182233623,,definition_pending_organizer,,0.8366076598820488,0.5058840190243074,0,0,binary; symmetric adjacency; internal edges counted twice; AVU ordered sum divided by K,447,265.0,0.18055555555555555,0,completed,0.995337100001052,research-20260923T123523157700Z,S_Dbw undefined: zero centroid density
2023-12-01,spectral_local_k12,1729,2016,12,22,0.1324912394417014,355.1358945647149,,definition_pending_organizer,,0.7767487973069822,0.5052062539055412,0,0,binary; symmetric adjacency; internal edges counted twice; AVU ordered sum divided by K,313,121.5,0.2197420634920635,0,completed,0.632032600002276,research-20260923T123523157700Z,S_Dbw undefined: zero centroid density
2023-12-01,leiden_global_r0p4,1729,2016,7,5,0.15159644220984506,459.695519827648,,definition_pending_organizer,,0.7469284851864667,0.41597768087106474,0,0,binary; symmetric adjacency; internal edges counted twice; AVU ordered sum divided by K,681,257.0,0.24057539682539683,2,completed,0.5723646000005829,research-20260923T123523157700Z,S_Dbw undefined: zero centroid density
2023-12-01,leiden_global_r0p7,1729,2016,11,5,0.11509914145604024,345.09985778245175,,definition_pending_organizer,,0.7186679787512789,0.4706563799863662,0,0,binary; symmetric adjacency; internal edges counted twice; AVU ordered sum divided by K,316,206.0,0.2693452380952381,2,completed,5.081927600000199,research-20260923T123523157700Z,S_Dbw undefined: zero centroid density
2023-12-01,leiden_global_r1p0,1729,2016,11,19,0.13627757757184103,416.5138874148511,,definition_pending_organizer,,0.7815905204737892,0.519812605464041,0,0,binary; symmetric adjacency; internal edges counted twice; AVU ordered sum divided by K,359,154.0,0.23214285714285715,1,completed,0.11367470000186586,research-20260923T123523157700Z,S_Dbw undefined: zero centroid density
2023-12-01,leiden_local_r0p4,1729,2016,5,257,0.15489982522241116,571.0050276955719,,definition_pending_organizer,0.881023838703918,0.8836425305816453,0.577452239196502,0,0,binary; symmetric adjacency; internal edges counted twice; AVU ordered sum divided by K,596,426.0,0.2361111111111111,0,completed,0.4693501000001561,research-20260923T123523157700Z,
2023-12-01,leiden_local_r0p7,1729,2016,12,59,0.13874780164393885,390.2800319620878,,definition_pending_organizer,,0.7918829168093429,0.5184084529919358,0,0,binary; symmetric adjacency; internal edges counted twice; AVU ordered sum divided by K,255,163.0,0.23412698412698413,0,completed,0.5020377000000735,research-20260923T123523157700Z,S_Dbw undefined: zero centroid density
2023-12-01,leiden_local_r1p0,1729,2016,15,59,0.1365804221404874,348.298857981579,,definition_pending_organizer,,0.7635062626825577,0.522543682412033,0,0,binary; symmetric adjacency; internal edges counted twice; AVU ordered sum divided by K,247,131.0,0.24107142857142858,0,completed,0.11198829999921145,research-20260923T123523157700Z,S_Dbw undefined: zero centroid density
