candidate,kind,parameter,ARI,k,elapsed_seconds
kmeans_k4,seed,2718,0.9983114067975167,4,0.6275052999990294
kmeans_k4,seed,3141,0.990094947633448,4,0.6453324999965844
kmeans_k4,month_block,101,0.9449134738227993,4,1.004164400001173
kmeans_k4,month_block,211,0.6921225068515651,4,1.0021677000004274
kmeans_k4,month_block,307,0.87354538853269,4,0.6725968000027933
kmeans_k4,month_block,401,0.9208241338172741,4,0.996718400001555
kmeans_k4,month_block,503,0.9014829465593873,4,0.997314299998834
kmeans_k4,month_block,601,0.8715005157081148,4,1.0066961999982595
kmeans_k4,drop_feature,0,0.8188630789574769,4,1.0295888999971794
kmeans_k4,drop_feature,1,0.47490113269431083,4,0.6147724000002199
kmeans_k4,drop_feature,2,0.43361548122448557,4,0.9986766000001808
kmeans_k4,drop_feature,3,0.3225097944018774,4,0.6536238999979105
kmeans_k4,drop_feature,4,0.5451659667867238,4,0.598509000003105
kmeans_k6,seed,2718,1.0,6,0.9964843000016117
kmeans_k6,seed,3141,1.0,6,1.0105379000015091
kmeans_k6,month_block,101,0.8692646668872416,6,1.0328665999986697
kmeans_k6,month_block,211,0.8000653911295913,6,1.0725978999980725
kmeans_k6,month_block,307,0.7927025363066872,6,1.0091601999993145
kmeans_k6,month_block,401,0.8391985108721339,6,1.0362997000011092
kmeans_k6,month_block,503,0.8035695204770669,6,0.6377572999990662
kmeans_k6,month_block,601,0.8603590792531194,6,1.0513170000012906
kmeans_k6,drop_feature,0,0.656687104095237,6,1.0621110000029148
kmeans_k6,drop_feature,1,0.39986967610305074,6,0.6686641000014788
kmeans_k6,drop_feature,2,0.6170668714820973,6,0.645088900000701
kmeans_k6,drop_feature,3,0.5720569281221544,6,1.0232372999998915
kmeans_k6,drop_feature,4,0.6651481547698098,6,1.034604099997523
spectral_local_k4,seed,2718,1.0,4,1.0740693000007013
spectral_local_k4,seed,3141,1.0,4,1.0632593000009365
spectral_local_k4,month_block,101,0.8729839792417757,4,1.0862291000012192
spectral_local_k4,month_block,211,0.8905604234537607,4,1.0824452999986534
spectral_local_k4,month_block,307,0.8485074530814607,4,1.0891264999991108
spectral_local_k4,month_block,401,0.845315344240962,4,6.324296499999036
spectral_local_k4,month_block,503,0.8747147319378671,4,4.2015046999986225
spectral_local_k4,month_block,601,0.8051000710726277,4,1.0754615999976522
spectral_local_k4,drop_feature,0,0.848291894791785,4,1.0499206999993476
spectral_local_k4,drop_feature,1,0.27977804759505487,4,1.0665250000020023
spectral_local_k4,drop_feature,2,0.6943227489066648,4,1.0555791000006138
spectral_local_k4,drop_feature,3,0.7324500747904047,4,1.0825645999975677
spectral_local_k4,drop_feature,4,0.758170842855661,4,1.053128999999899
spectral_local_k4,graph_k,10,0.9424735886450746,4,0.6623663999998826
spectral_local_k4,graph_k,30,0.9415502415571265,4,1.5740132999999332
leiden_local_r0p4,seed,2718,0.6126921227513136,7,0.6124830000007933
leiden_local_r0p4,seed,3141,0.5537844482194952,7,0.9647388999983377
leiden_local_r0p4,month_block,101,0.5265326133292758,6,0.5686735000017507
leiden_local_r0p4,month_block,211,0.4378754993060612,5,0.9660197000011976
leiden_local_r0p4,month_block,307,0.4862803399109818,7,0.6098462999980256
leiden_local_r0p4,month_block,401,0.5947092414844798,6,4.78981709999789
leiden_local_r0p4,month_block,503,0.5552047727932488,8,0.9636019000026863
leiden_local_r0p4,month_block,601,0.43482487257896923,6,0.5761609000001044
leiden_local_r0p4,drop_feature,0,0.4731425477596046,8,0.6093561000016052
leiden_local_r0p4,drop_feature,1,0.304689735599107,7,0.9591299999992771
leiden_local_r0p4,drop_feature,2,0.5372595372540153,7,0.5725577000011981
leiden_local_r0p4,drop_feature,3,0.47234974956985953,7,0.6098264000029303
leiden_local_r0p4,drop_feature,4,0.3121611019526201,7,0.9583235999998578
leiden_local_r0p4,graph_k,10,0.6671232616654728,9,0.5694688000003225
leiden_local_r0p4,graph_k,30,0.4486172025468877,6,0.5976109000002907
