generator,family,n_seeds,kmeans50,feature_hartigan,joint_alpha_0.5,kefrin_like_equal_scatter50,kefrine_equations_equal_scatter50,joint_tuned,kefrine_tuned
1,strong_noise,32,0.8167193740141012,0.8156097855817719,0.7924723568925699,0.8026972814102404,0.6374818517072712,0.4325728650367732,0.592512741524975
1,weak_independent,32,0.16240254755880618,0.16156033074939774,0.4477934624732145,0.3847971883807549,0.3336443807802367,0.7215509400901778,0.7884577743797128
1,weak_derived,32,0.16240254755880618,0.16156033074939774,0.1631513905325113,0.16874848667385803,0.1649250769708051,0.16559910350368567,0.1651570393586055
1,weak_noise,32,0.16240254755880618,0.16156033074939774,0.12595683809738709,0.1597524121449691,0.15772746318333478,9.865635445278956e-05,0.147594424063966
1,weak_conflict,32,0.16240254755880618,0.16156033074939774,0.09937288572449565,0.16342081678631049,0.15831968397753962,-2.113635824814936e-05,0.13802611752225155
1,strong_derived,32,0.8167193740141012,0.8156097855817719,0.8436535219801381,0.9527497436100354,0.91903783618548,0.8500224261939159,0.9539831490022849
1,weak_independent_permuted,32,0.16240254755880618,0.16156033074939774,0.10137955621841312,0.1620879914524171,0.16326796590202017,0.0002382745192028927,0.14531954734619945
1,weak_derived_permuted,32,0.16240254755880618,0.16156033074939774,0.08351256831060817,0.15298672024155874,0.15697541849236624,7.080492094405464e-05,0.1299452107575892
2,strong_noise,32,0.9537395194792123,0.9537395194792123,0.9381783950401553,0.9537557674374975,0.9494685638314518,0.8687250326906572,0.9460094641564061
2,weak_independent,32,0.13958184001729582,0.1396499530441338,0.3927542015477857,0.28588413492532105,0.2773411109669541,0.6838673137608885,0.6351000386565069
2,weak_derived,32,0.13958184001729582,0.1396499530441338,0.13942225717737391,0.1351294667860715,0.14335314186158452,0.1369027646923804,0.13740873420228267
2,weak_noise,32,0.13958184001729582,0.1396499530441338,0.09838069801263077,0.13057602895970297,0.12931228507058506,0.0002535068177371987,0.1193549808437038
2,weak_conflict,32,0.13958184001729582,0.1396499530441338,0.08373652722056929,0.1339612396507572,0.12748191634867206,0.006987727968805007,0.11673562124248933
2,strong_derived,32,0.9537395194792123,0.9537395194792123,0.9683932092809853,0.9712448175318403,0.966049255468384,0.9762697875197033,0.9742261526784306
2,weak_independent_permuted,32,0.13958184001729582,0.1396499530441338,0.08832842056466049,0.13617688587050358,0.12951673754766035,0.0027218504241928627,0.11739010149743455
2,weak_derived_permuted,32,0.13958184001729582,0.1396499530441338,0.08333240224561565,0.13653532774370447,0.1309453492380069,0.0014045482247212599,0.11382775135699003
