year,candidate,n,regions,municipality_rmse,equal_region_mse,equal_region_bias,equal_region_centered_variance
2023,controls,1797,72,0.17914463971040318,0.03487468883252822,-0.0039651159905499216,0.024567165353416152
2023,continuous5,1797,72,0.17092470002869595,0.031299931046997354,-0.0017379191360160748,0.023615036638352495
2023,kmeans4,1797,72,0.1760532248199776,0.03407694657001419,-0.003829527489250189,0.0250381316186446
2023,huber75,1797,72,0.17426382067270582,0.03248160014732751,-0.003617545269895763,0.02365377724956875
2023,mixture4,1797,72,0.17004214895244857,0.031022530577689087,-0.0025771994257936586,0.02407575972113671
2023,continuous5_region_weighted,1797,72,0.17220225115287927,0.03144711949250888,-0.0010146955244417176,0.02364384539266654
2023,continuous5_temporal15,1797,72,0.16594345511583386,0.030584991823282188,0.0026954927035056256,0.023354785299761965
2023,controls_geo3,1797,72,0.16953772683151427,0.03040456336207604,0.004830902338836457,0.023626861350672275
2023,continuous5_geo3,1797,72,0.16791670791761582,0.029148687393503774,0.003581414626560241,0.022687117995021027
2023,continuous5_geo3_temporal15,1797,72,0.16620400213794226,0.028830024920087086,0.0031440231051814336,0.022332172124878764
2023,controls_temporal15,1797,72,0.16852003737059143,0.03181316835006965,0.0012943431783715802,0.024586058701433895
2023,continuous5_geo3_region_weighted,1797,72,0.1662480114271147,0.028078649542540135,0.0008697893769680629,0.022644698517529715
2024,controls,1678,68,0.24805101727681875,0.06203659907817003,0.16815081990213315,0.02444899639891147
2024,continuous5,1678,68,0.24254438323415348,0.05855607754714961,0.1683317715428461,0.023190325894829077
2024,kmeans4,1678,68,0.24658584528539348,0.06113814687059532,0.16730126182559515,0.02489048454867338
2024,huber75,1678,68,0.24464165215031208,0.0595767851941717,0.16734934589117495,0.02353507960011009
2024,mixture4,1678,68,0.24146632280785113,0.05784862319366374,0.1673811638758336,0.023749775662172522
2024,continuous5_region_weighted,1678,68,0.24261026760990748,0.05953274267700503,0.1687703763713158,0.02339039576026018
2024,continuous5_temporal15,1678,68,0.23993198009658226,0.05914077385736629,0.1733792789380687,0.022766594173985685
2024,controls_geo3,1678,68,0.2381033831337197,0.06061935840676342,0.17496468812584634,0.023567280165310327
2024,continuous5_geo3,1678,68,0.23547389429031892,0.058851536295186066,0.17363075205617812,0.022497048296606315
2024,continuous5_geo3_temporal15,1678,68,0.23468016845492448,0.05787499264160628,0.17252602683654383,0.021925416167900964
2024,controls_temporal15,1678,68,0.24137084382782,0.059815850982531976,0.1729483938915648,0.02380067839103951
2024,continuous5_geo3_region_weighted,1678,68,0.23571724906646732,0.057044886322331886,0.17020194662029317,0.02251046002308097
