variant,group,proxy,n,row_share,column_share,population_observed_n,population_observed_sum,population_denominator
R500-30,0,Proxy_I,25,0.073964497041420121,0.8928571428571429,25,22411628,only included observed municipalities; not Russia population
R500-30,0,Proxy_II,51,0.15088757396449703,0.19465648854961831,51,9708399,only included observed municipalities; not Russia population
R500-30,0,Proxy_III,97,0.28698224852071008,0.066121336059986366,97,6858337,only included observed municipalities; not Russia population
R500-30,0,Proxy_IV,10,0.029585798816568046,0.25,10,932781,only included observed municipalities; not Russia population
R500-30,0,UNKNOWN,155,0.45857988165680474,0.70776255707762559,0,0,only included observed municipalities; not Russia population
R500-30,1,Proxy_I,3,0.0051724137931034482,0.10714285714285714,3,1758222,only included observed municipalities; not Russia population
R500-30,1,Proxy_II,180,0.31034482758620691,0.68702290076335881,180,18976546,only included observed municipalities; not Russia population
R500-30,1,Proxy_III,329,0.5672413793103448,0.22426721199727334,329,14210810,only included observed municipalities; not Russia population
R500-30,1,Proxy_IV,26,0.044827586206896551,0.65000000000000002,26,677457,only included observed municipalities; not Russia population
R500-30,1,UNKNOWN,42,0.072413793103448282,0.19178082191780821,0,0,only included observed municipalities; not Russia population
R500-30,2,Proxy_I,0,0,0,0,0,only included observed municipalities; not Russia population
R500-30,2,Proxy_II,23,0.02368692070030896,0.087786259541984726,23,1080138,only included observed municipalities; not Russia population
R500-30,2,Proxy_III,924,0.9515962924819773,0.62985685071574637,924,16887793,only included observed municipalities; not Russia population
R500-30,2,Proxy_IV,4,0.0041194644696189494,0.10000000000000001,4,80082,only included observed municipalities; not Russia population
R500-30,2,UNKNOWN,20,0.020597322348094749,0.091324200913242004,1,0,only included observed municipalities; not Russia population
R500-30,3,Proxy_I,0,0,0,0,0,only included observed municipalities; not Russia population
R500-30,3,Proxy_II,8,0.062992125984251968,0.030534351145038167,8,1094880,only included observed municipalities; not Russia population
R500-30,3,Proxy_III,117,0.92125984251968507,0.079754601226993863,117,1864477,only included observed municipalities; not Russia population
R500-30,3,Proxy_IV,0,0,0,0,0,only included observed municipalities; not Russia population
R500-30,3,UNKNOWN,2,0.015748031496062992,0.0091324200913242004,0,0,only included observed municipalities; not Russia population
R250-20,0,Proxy_I,38,0.11242603550295859,0.65517241379310343,38,26974895,only included observed municipalities; not Russia population
R250-20,0,Proxy_II,40,0.11834319526627218,0.13840830449826991,40,5186751,only included observed municipalities; not Russia population
R250-20,0,Proxy_III,95,0.28106508875739644,0.067375886524822695,95,6816718,only included observed municipalities; not Russia population
R250-20,0,Proxy_IV,10,0.029585798816568046,0.25,10,932781,only included observed municipalities; not Russia population
R250-20,0,UNKNOWN,155,0.45857988165680474,0.70776255707762559,0,0,only included observed municipalities; not Russia population
R250-20,1,Proxy_I,19,0.032758620689655175,0.32758620689655171,19,7447664,only included observed municipalities; not Russia population
R250-20,1,Proxy_II,183,0.31551724137931036,0.63321799307958482,183,13761805,only included observed municipalities; not Russia population
R250-20,1,Proxy_III,310,0.53448275862068961,0.21985815602836881,310,13736109,only included observed municipalities; not Russia population
R250-20,1,Proxy_IV,26,0.044827586206896551,0.65000000000000002,26,677457,only included observed municipalities; not Russia population
R250-20,1,UNKNOWN,42,0.072413793103448282,0.19178082191780821,0,0,only included observed municipalities; not Russia population
R250-20,2,Proxy_I,0,0,0,0,0,only included observed municipalities; not Russia population
R250-20,2,Proxy_II,54,0.055612770339855816,0.18685121107266436,54,1834111,only included observed municipalities; not Russia population
R250-20,2,Proxy_III,893,0.91967044284243049,0.6333333333333333,893,16133820,only included observed municipalities; not Russia population
R250-20,2,Proxy_IV,4,0.0041194644696189494,0.10000000000000001,4,80082,only included observed municipalities; not Russia population
R250-20,2,UNKNOWN,20,0.020597322348094749,0.091324200913242004,1,0,only included observed municipalities; not Russia population
R250-20,3,Proxy_I,1,0.007874015748031496,0.017241379310344827,1,378549,only included observed municipalities; not Russia population
R250-20,3,Proxy_II,12,0.094488188976377951,0.041522491349480967,12,824939,only included observed municipalities; not Russia population
R250-20,3,Proxy_III,112,0.88188976377952755,0.079432624113475181,112,1755869,only included observed municipalities; not Russia population
R250-20,3,Proxy_IV,0,0,0,0,0,only included observed municipalities; not Russia population
R250-20,3,UNKNOWN,2,0.015748031496062992,0.0091324200913242004,0,0,only included observed municipalities; not Russia population
R250-30,0,Proxy_I,38,0.11242603550295859,0.65517241379310343,38,26974895,only included observed municipalities; not Russia population
R250-30,0,Proxy_II,38,0.11242603550295859,0.16379310344827586,38,5145132,only included observed municipalities; not Russia population
R250-30,0,Proxy_III,97,0.28698224852071008,0.066121336059986366,97,6858337,only included observed municipalities; not Russia population
R250-30,0,Proxy_IV,10,0.029585798816568046,0.25,10,932781,only included observed municipalities; not Russia population
R250-30,0,UNKNOWN,155,0.45857988165680474,0.70776255707762559,0,0,only included observed municipalities; not Russia population
R250-30,1,Proxy_I,19,0.032758620689655175,0.32758620689655171,19,7447664,only included observed municipalities; not Russia population
R250-30,1,Proxy_II,164,0.28275862068965518,0.7068965517241379,164,13287104,only included observed municipalities; not Russia population
R250-30,1,Proxy_III,329,0.5672413793103448,0.22426721199727334,329,14210810,only included observed municipalities; not Russia population
R250-30,1,Proxy_IV,26,0.044827586206896551,0.65000000000000002,26,677457,only included observed municipalities; not Russia population
R250-30,1,UNKNOWN,42,0.072413793103448282,0.19178082191780821,0,0,only included observed municipalities; not Russia population
R250-30,2,Proxy_I,0,0,0,0,0,only included observed municipalities; not Russia population
R250-30,2,Proxy_II,23,0.02368692070030896,0.099137931034482762,23,1080138,only included observed municipalities; not Russia population
R250-30,2,Proxy_III,924,0.9515962924819773,0.62985685071574637,924,16887793,only included observed municipalities; not Russia population
R250-30,2,Proxy_IV,4,0.0041194644696189494,0.10000000000000001,4,80082,only included observed municipalities; not Russia population
R250-30,2,UNKNOWN,20,0.020597322348094749,0.091324200913242004,1,0,only included observed municipalities; not Russia population
R250-30,3,Proxy_I,1,0.007874015748031496,0.017241379310344827,1,378549,only included observed municipalities; not Russia population
R250-30,3,Proxy_II,7,0.055118110236220472,0.03017241379310345,7,716331,only included observed municipalities; not Russia population
R250-30,3,Proxy_III,117,0.92125984251968507,0.079754601226993863,117,1864477,only included observed municipalities; not Russia population
R250-30,3,Proxy_IV,0,0,0,0,0,only included observed municipalities; not Russia population
R250-30,3,UNKNOWN,2,0.015748031496062992,0.0091324200913242004,0,0,only included observed municipalities; not Russia population
R500-20,0,Proxy_I,25,0.073964497041420121,0.8928571428571429,25,22411628,only included observed municipalities; not Russia population
R500-20,0,Proxy_II,53,0.15680473372781065,0.16614420062695925,53,9750018,only included observed municipalities; not Russia population
R500-20,0,Proxy_III,95,0.28106508875739644,0.067375886524822695,95,6816718,only included observed municipalities; not Russia population
R500-20,0,Proxy_IV,10,0.029585798816568046,0.25,10,932781,only included observed municipalities; not Russia population
R500-20,0,UNKNOWN,155,0.45857988165680474,0.70776255707762559,0,0,only included observed municipalities; not Russia population
R500-20,1,Proxy_I,3,0.0051724137931034482,0.10714285714285714,3,1758222,only included observed municipalities; not Russia population
R500-20,1,Proxy_II,199,0.34310344827586209,0.62382445141065834,199,19451247,only included observed municipalities; not Russia population
R500-20,1,Proxy_III,310,0.53448275862068961,0.21985815602836881,310,13736109,only included observed municipalities; not Russia population
R500-20,1,Proxy_IV,26,0.044827586206896551,0.65000000000000002,26,677457,only included observed municipalities; not Russia population
R500-20,1,UNKNOWN,42,0.072413793103448282,0.19178082191780821,0,0,only included observed municipalities; not Russia population
R500-20,2,Proxy_I,0,0,0,0,0,only included observed municipalities; not Russia population
R500-20,2,Proxy_II,54,0.055612770339855816,0.16927899686520376,54,1834111,only included observed municipalities; not Russia population
R500-20,2,Proxy_III,893,0.91967044284243049,0.6333333333333333,893,16133820,only included observed municipalities; not Russia population
R500-20,2,Proxy_IV,4,0.0041194644696189494,0.10000000000000001,4,80082,only included observed municipalities; not Russia population
R500-20,2,UNKNOWN,20,0.020597322348094749,0.091324200913242004,1,0,only included observed municipalities; not Russia population
R500-20,3,Proxy_I,0,0,0,0,0,only included observed municipalities; not Russia population
R500-20,3,Proxy_II,13,0.10236220472440945,0.040752351097178681,13,1203488,only included observed municipalities; not Russia population
R500-20,3,Proxy_III,112,0.88188976377952755,0.079432624113475181,112,1755869,only included observed municipalities; not Russia population
R500-20,3,Proxy_IV,0,0,0,0,0,only included observed municipalities; not Russia population
R500-20,3,UNKNOWN,2,0.015748031496062992,0.0091324200913242004,0,0,only included observed municipalities; not Russia population
R1000-20,0,Proxy_I,11,0.032544378698224852,1,11,13658992,only included observed municipalities; not Russia population
R1000-20,0,Proxy_II,67,0.19822485207100593,0.19940476190476192,67,18502654,only included observed municipalities; not Russia population
R1000-20,0,Proxy_III,95,0.28106508875739644,0.067375886524822695,95,6816718,only included observed municipalities; not Russia population
R1000-20,0,Proxy_IV,10,0.029585798816568046,0.25,10,932781,only included observed municipalities; not Russia population
R1000-20,0,UNKNOWN,155,0.45857988165680474,0.70776255707762559,0,0,only included observed municipalities; not Russia population
R1000-20,1,Proxy_I,0,0,0,0,0,only included observed municipalities; not Russia population
R1000-20,1,Proxy_II,202,0.34827586206896549,0.60119047619047616,202,21209469,only included observed municipalities; not Russia population
R1000-20,1,Proxy_III,310,0.53448275862068961,0.21985815602836881,310,13736109,only included observed municipalities; not Russia population
R1000-20,1,Proxy_IV,26,0.044827586206896551,0.65000000000000002,26,677457,only included observed municipalities; not Russia population
R1000-20,1,UNKNOWN,42,0.072413793103448282,0.19178082191780821,0,0,only included observed municipalities; not Russia population
R1000-20,2,Proxy_I,0,0,0,0,0,only included observed municipalities; not Russia population
R1000-20,2,Proxy_II,54,0.055612770339855816,0.16071428571428573,54,1834111,only included observed municipalities; not Russia population
R1000-20,2,Proxy_III,893,0.91967044284243049,0.6333333333333333,893,16133820,only included observed municipalities; not Russia population
R1000-20,2,Proxy_IV,4,0.0041194644696189494,0.10000000000000001,4,80082,only included observed municipalities; not Russia population
R1000-20,2,UNKNOWN,20,0.020597322348094749,0.091324200913242004,1,0,only included observed municipalities; not Russia population
R1000-20,3,Proxy_I,0,0,0,0,0,only included observed municipalities; not Russia population
R1000-20,3,Proxy_II,13,0.10236220472440945,0.038690476190476192,13,1203488,only included observed municipalities; not Russia population
R1000-20,3,Proxy_III,112,0.88188976377952755,0.079432624113475181,112,1755869,only included observed municipalities; not Russia population
R1000-20,3,Proxy_IV,0,0,0,0,0,only included observed municipalities; not Russia population
R1000-20,3,UNKNOWN,2,0.015748031496062992,0.0091324200913242004,0,0,only included observed municipalities; not Russia population
R1000-30,0,Proxy_I,11,0.032544378698224852,1,11,13658992,only included observed municipalities; not Russia population
R1000-30,0,Proxy_II,65,0.19230769230769232,0.23297491039426524,65,18461035,only included observed municipalities; not Russia population
R1000-30,0,Proxy_III,97,0.28698224852071008,0.066121336059986366,97,6858337,only included observed municipalities; not Russia population
R1000-30,0,Proxy_IV,10,0.029585798816568046,0.25,10,932781,only included observed municipalities; not Russia population
R1000-30,0,UNKNOWN,155,0.45857988165680474,0.70776255707762559,0,0,only included observed municipalities; not Russia population
R1000-30,1,Proxy_I,0,0,0,0,0,only included observed municipalities; not Russia population
R1000-30,1,Proxy_II,183,0.31551724137931036,0.65591397849462363,183,20734768,only included observed municipalities; not Russia population
R1000-30,1,Proxy_III,329,0.5672413793103448,0.22426721199727334,329,14210810,only included observed municipalities; not Russia population
R1000-30,1,Proxy_IV,26,0.044827586206896551,0.65000000000000002,26,677457,only included observed municipalities; not Russia population
R1000-30,1,UNKNOWN,42,0.072413793103448282,0.19178082191780821,0,0,only included observed municipalities; not Russia population
R1000-30,2,Proxy_I,0,0,0,0,0,only included observed municipalities; not Russia population
R1000-30,2,Proxy_II,23,0.02368692070030896,0.082437275985663083,23,1080138,only included observed municipalities; not Russia population
R1000-30,2,Proxy_III,924,0.9515962924819773,0.62985685071574637,924,16887793,only included observed municipalities; not Russia population
R1000-30,2,Proxy_IV,4,0.0041194644696189494,0.10000000000000001,4,80082,only included observed municipalities; not Russia population
R1000-30,2,UNKNOWN,20,0.020597322348094749,0.091324200913242004,1,0,only included observed municipalities; not Russia population
R1000-30,3,Proxy_I,0,0,0,0,0,only included observed municipalities; not Russia population
R1000-30,3,Proxy_II,8,0.062992125984251968,0.028673835125448029,8,1094880,only included observed municipalities; not Russia population
R1000-30,3,Proxy_III,117,0.92125984251968507,0.079754601226993863,117,1864477,only included observed municipalities; not Russia population
R1000-30,3,Proxy_IV,0,0,0,0,0,only included observed municipalities; not Russia population
R1000-30,3,UNKNOWN,2,0.015748031496062992,0.0091324200913242004,0,0,only included observed municipalities; not Russia population
R500-30-expand-municipal-okrug,0,Proxy_I,25,0.073964497041420121,0.8928571428571429,25,22411628,only included observed municipalities; not Russia population
R500-30-expand-municipal-okrug,0,Proxy_II,55,0.16272189349112426,0.17684887459807075,55,10000728,only included observed municipalities; not Russia population
R500-30-expand-municipal-okrug,0,Proxy_III,93,0.27514792899408286,0.065585331452750348,93,6566008,only included observed municipalities; not Russia population
R500-30-expand-municipal-okrug,0,Proxy_IV,10,0.029585798816568046,0.25,10,932781,only included observed municipalities; not Russia population
R500-30-expand-municipal-okrug,0,UNKNOWN,155,0.45857988165680474,0.70776255707762559,0,0,only included observed municipalities; not Russia population
R500-30-expand-municipal-okrug,1,Proxy_I,3,0.0051724137931034482,0.10714285714285714,3,1758222,only included observed municipalities; not Russia population
R500-30-expand-municipal-okrug,1,Proxy_II,210,0.36206896551724138,0.67524115755627012,210,20925319,only included observed municipalities; not Russia population
R500-30-expand-municipal-okrug,1,Proxy_III,299,0.51551724137931032,0.21086036671368125,299,12262037,only included observed municipalities; not Russia population
R500-30-expand-municipal-okrug,1,Proxy_IV,26,0.044827586206896551,0.65000000000000002,26,677457,only included observed municipalities; not Russia population
R500-30-expand-municipal-okrug,1,UNKNOWN,42,0.072413793103448282,0.19178082191780821,0,0,only included observed municipalities; not Russia population
R500-30-expand-municipal-okrug,2,Proxy_I,0,0,0,0,0,only included observed municipalities; not Russia population
R500-30-expand-municipal-okrug,2,Proxy_II,38,0.039134912461380018,0.12218649517684887,38,1691247,only included observed municipalities; not Russia population
R500-30-expand-municipal-okrug,2,Proxy_III,909,0.93614830072090627,0.64104372355430184,909,16276684,only included observed municipalities; not Russia population
R500-30-expand-municipal-okrug,2,Proxy_IV,4,0.0041194644696189494,0.10000000000000001,4,80082,only included observed municipalities; not Russia population
R500-30-expand-municipal-okrug,2,UNKNOWN,20,0.020597322348094749,0.091324200913242004,1,0,only included observed municipalities; not Russia population
R500-30-expand-municipal-okrug,3,Proxy_I,0,0,0,0,0,only included observed municipalities; not Russia population
R500-30-expand-municipal-okrug,3,Proxy_II,8,0.062992125984251968,0.025723472668810289,8,1094880,only included observed municipalities; not Russia population
R500-30-expand-municipal-okrug,3,Proxy_III,117,0.92125984251968507,0.082510578279266569,117,1864477,only included observed municipalities; not Russia population
R500-30-expand-municipal-okrug,3,Proxy_IV,0,0,0,0,0,only included observed municipalities; not Russia population
R500-30-expand-municipal-okrug,3,UNKNOWN,2,0.015748031496062992,0.0091324200913242004,0,0,only included observed municipalities; not Russia population
R500-30-add-Adygea,0,Proxy_I,25,0.073964497041420121,0.8928571428571429,25,22411628,only included observed municipalities; not Russia population
R500-30-add-Adygea,0,Proxy_II,51,0.15088757396449703,0.19540229885057472,51,9708399,only included observed municipalities; not Russia population
R500-30-add-Adygea,0,Proxy_III,96,0.28402366863905326,0.065798492117888963,96,6731046,only included observed municipalities; not Russia population
R500-30-add-Adygea,0,Proxy_IV,11,0.032544378698224852,0.22448979591836735,11,1060072,only included observed municipalities; not Russia population
R500-30-add-Adygea,0,UNKNOWN,155,0.45857988165680474,0.70776255707762559,0,0,only included observed municipalities; not Russia population
R500-30-add-Adygea,1,Proxy_I,3,0.0051724137931034482,0.10714285714285714,3,1758222,only included observed municipalities; not Russia population
R500-30-add-Adygea,1,Proxy_II,179,0.30862068965517242,0.68582375478927204,179,18812780,only included observed municipalities; not Russia population
R500-30-add-Adygea,1,Proxy_III,324,0.55862068965517242,0.22206991089787526,324,14067792,only included observed municipalities; not Russia population
R500-30-add-Adygea,1,Proxy_IV,32,0.055172413793103448,0.65306122448979587,32,984241,only included observed municipalities; not Russia population
R500-30-add-Adygea,1,UNKNOWN,42,0.072413793103448282,0.19178082191780821,0,0,only included observed municipalities; not Russia population
R500-30-add-Adygea,2,Proxy_I,0,0,0,0,0,only included observed municipalities; not Russia population
R500-30-add-Adygea,2,Proxy_II,23,0.02368692070030896,0.088122605363984668,23,1080138,only included observed municipalities; not Russia population
R500-30-add-Adygea,2,Proxy_III,922,0.94953656024716782,0.63193968471555861,922,16823883,only included observed municipalities; not Russia population
R500-30-add-Adygea,2,Proxy_IV,6,0.0061791967044284241,0.12244897959183673,6,143992,only included observed municipalities; not Russia population
R500-30-add-Adygea,2,UNKNOWN,20,0.020597322348094749,0.091324200913242004,1,0,only included observed municipalities; not Russia population
R500-30-add-Adygea,3,Proxy_I,0,0,0,0,0,only included observed municipalities; not Russia population
R500-30-add-Adygea,3,Proxy_II,8,0.062992125984251968,0.030651340996168581,8,1094880,only included observed municipalities; not Russia population
R500-30-add-Adygea,3,Proxy_III,117,0.92125984251968507,0.080191912268677182,117,1864477,only included observed municipalities; not Russia population
R500-30-add-Adygea,3,Proxy_IV,0,0,0,0,0,only included observed municipalities; not Russia population
R500-30-add-Adygea,3,UNKNOWN,2,0.015748031496062992,0.0091324200913242004,0,0,only included observed municipalities; not Russia population
R500-30-exclude-intracity,0,Proxy_I,25,0.24509803921568626,0.8928571428571429,25,22411628,only included observed municipalities; not Russia population
R500-30-exclude-intracity,0,Proxy_II,51,0.5,0.19465648854961831,51,9708399,only included observed municipalities; not Russia population
R500-30-exclude-intracity,0,Proxy_III,15,0.14705882352941177,0.010830324909747292,15,1856612,only included observed municipalities; not Russia population
R500-30-exclude-intracity,0,Proxy_IV,10,0.098039215686274508,0.25,10,932781,only included observed municipalities; not Russia population
R500-30-exclude-intracity,0,UNKNOWN,1,0.0098039215686274508,0.016949152542372881,0,0,only included observed municipalities; not Russia population
R500-30-exclude-intracity,1,Proxy_I,3,0.0052264808362369342,0.10714285714285714,3,1758222,only included observed municipalities; not Russia population
R500-30-exclude-intracity,1,Proxy_II,180,0.31358885017421601,0.68702290076335881,180,18976546,only included observed municipalities; not Russia population
R500-30-exclude-intracity,1,Proxy_III,329,0.57317073170731703,0.2375451263537906,329,14210810,only included observed municipalities; not Russia population
R500-30-exclude-intracity,1,Proxy_IV,26,0.045296167247386762,0.65000000000000002,26,677457,only included observed municipalities; not Russia population
R500-30-exclude-intracity,1,UNKNOWN,36,0.062717770034843204,0.61016949152542377,0,0,only included observed municipalities; not Russia population
R500-30-exclude-intracity,2,Proxy_I,0,0,0,0,0,only included observed municipalities; not Russia population
R500-30-exclude-intracity,2,Proxy_II,23,0.02368692070030896,0.087786259541984726,23,1080138,only included observed municipalities; not Russia population
R500-30-exclude-intracity,2,Proxy_III,924,0.9515962924819773,0.66714801444043326,924,16887793,only included observed municipalities; not Russia population
R500-30-exclude-intracity,2,Proxy_IV,4,0.0041194644696189494,0.10000000000000001,4,80082,only included observed municipalities; not Russia population
R500-30-exclude-intracity,2,UNKNOWN,20,0.020597322348094749,0.33898305084745761,1,0,only included observed municipalities; not Russia population
R500-30-exclude-intracity,3,Proxy_I,0,0,0,0,0,only included observed municipalities; not Russia population
R500-30-exclude-intracity,3,Proxy_II,8,0.062992125984251968,0.030534351145038167,8,1094880,only included observed municipalities; not Russia population
R500-30-exclude-intracity,3,Proxy_III,117,0.92125984251968507,0.084476534296028874,117,1864477,only included observed municipalities; not Russia population
R500-30-exclude-intracity,3,Proxy_IV,0,0,0,0,0,only included observed municipalities; not Russia population
R500-30-exclude-intracity,3,UNKNOWN,2,0.015748031496062992,0.033898305084745763,0,0,only included observed municipalities; not Russia population
R500-30-exclude-capitals,0,Proxy_I,25,0.24509803921568626,0.8928571428571429,25,22411628,only included observed municipalities; not Russia population
R500-30-exclude-capitals,0,Proxy_II,51,0.5,0.19465648854961831,51,9708399,only included observed municipalities; not Russia population
R500-30-exclude-capitals,0,Proxy_III,15,0.14705882352941177,0.010830324909747292,15,1856612,only included observed municipalities; not Russia population
R500-30-exclude-capitals,0,Proxy_IV,10,0.098039215686274508,0.25,10,932781,only included observed municipalities; not Russia population
R500-30-exclude-capitals,0,UNKNOWN,1,0.0098039215686274508,0.016949152542372881,0,0,only included observed municipalities; not Russia population
R500-30-exclude-capitals,1,Proxy_I,3,0.0052264808362369342,0.10714285714285714,3,1758222,only included observed municipalities; not Russia population
R500-30-exclude-capitals,1,Proxy_II,180,0.31358885017421601,0.68702290076335881,180,18976546,only included observed municipalities; not Russia population
R500-30-exclude-capitals,1,Proxy_III,329,0.57317073170731703,0.2375451263537906,329,14210810,only included observed municipalities; not Russia population
R500-30-exclude-capitals,1,Proxy_IV,26,0.045296167247386762,0.65000000000000002,26,677457,only included observed municipalities; not Russia population
R500-30-exclude-capitals,1,UNKNOWN,36,0.062717770034843204,0.61016949152542377,0,0,only included observed municipalities; not Russia population
R500-30-exclude-capitals,2,Proxy_I,0,0,0,0,0,only included observed municipalities; not Russia population
R500-30-exclude-capitals,2,Proxy_II,23,0.02368692070030896,0.087786259541984726,23,1080138,only included observed municipalities; not Russia population
R500-30-exclude-capitals,2,Proxy_III,924,0.9515962924819773,0.66714801444043326,924,16887793,only included observed municipalities; not Russia population
R500-30-exclude-capitals,2,Proxy_IV,4,0.0041194644696189494,0.10000000000000001,4,80082,only included observed municipalities; not Russia population
R500-30-exclude-capitals,2,UNKNOWN,20,0.020597322348094749,0.33898305084745761,1,0,only included observed municipalities; not Russia population
R500-30-exclude-capitals,3,Proxy_I,0,0,0,0,0,only included observed municipalities; not Russia population
R500-30-exclude-capitals,3,Proxy_II,8,0.062992125984251968,0.030534351145038167,8,1094880,only included observed municipalities; not Russia population
R500-30-exclude-capitals,3,Proxy_III,117,0.92125984251968507,0.084476534296028874,117,1864477,only included observed municipalities; not Russia population
R500-30-exclude-capitals,3,Proxy_IV,0,0,0,0,0,only included observed municipalities; not Russia population
R500-30-exclude-capitals,3,UNKNOWN,2,0.015748031496062992,0.033898305084745763,0,0,only included observed municipalities; not Russia population
R500-30-exclude-IV,0,Proxy_I,25,0.07621951219512195,0.8928571428571429,25,22411628,only included observed municipalities; not Russia population
R500-30-exclude-IV,0,Proxy_II,51,0.15548780487804878,0.19465648854961831,51,9708399,only included observed municipalities; not Russia population
R500-30-exclude-IV,0,Proxy_III,97,0.29573170731707316,0.066121336059986366,97,6858337,only included observed municipalities; not Russia population
R500-30-exclude-IV,0,Proxy_IV,0,0,,0,0,only included observed municipalities; not Russia population
R500-30-exclude-IV,0,UNKNOWN,155,0.47256097560975607,0.70776255707762559,0,0,only included observed municipalities; not Russia population
R500-30-exclude-IV,1,Proxy_I,3,0.005415162454873646,0.10714285714285714,3,1758222,only included observed municipalities; not Russia population
R500-30-exclude-IV,1,Proxy_II,180,0.32490974729241878,0.68702290076335881,180,18976546,only included observed municipalities; not Russia population
R500-30-exclude-IV,1,Proxy_III,329,0.59386281588447654,0.22426721199727334,329,14210810,only included observed municipalities; not Russia population
R500-30-exclude-IV,1,Proxy_IV,0,0,,0,0,only included observed municipalities; not Russia population
R500-30-exclude-IV,1,UNKNOWN,42,0.075812274368231042,0.19178082191780821,0,0,only included observed municipalities; not Russia population
R500-30-exclude-IV,2,Proxy_I,0,0,0,0,0,only included observed municipalities; not Russia population
R500-30-exclude-IV,2,Proxy_II,23,0.023784901758014478,0.087786259541984726,23,1080138,only included observed municipalities; not Russia population
R500-30-exclude-IV,2,Proxy_III,924,0.9555325749741469,0.62985685071574637,924,16887793,only included observed municipalities; not Russia population
R500-30-exclude-IV,2,Proxy_IV,0,0,,0,0,only included observed municipalities; not Russia population
R500-30-exclude-IV,2,UNKNOWN,20,0.020682523267838676,0.091324200913242004,1,0,only included observed municipalities; not Russia population
R500-30-exclude-IV,3,Proxy_I,0,0,0,0,0,only included observed municipalities; not Russia population
R500-30-exclude-IV,3,Proxy_II,8,0.062992125984251968,0.030534351145038167,8,1094880,only included observed municipalities; not Russia population
R500-30-exclude-IV,3,Proxy_III,117,0.92125984251968507,0.079754601226993863,117,1864477,only included observed municipalities; not Russia population
R500-30-exclude-IV,3,Proxy_IV,0,0,,0,0,only included observed municipalities; not Russia population
R500-30-exclude-IV,3,UNKNOWN,2,0.015748031496062992,0.0091324200913242004,0,0,only included observed municipalities; not Russia population
R500-30-industrial-20,0,Proxy_I,25,0.073964497041420121,0.8928571428571429,25,22411628,only included observed municipalities; not Russia population
R500-30-industrial-20,0,Proxy_II,7,0.020710059171597635,0.18421052631578946,7,2198205,only included observed municipalities; not Russia population
R500-30-industrial-20,0,Proxy_III,101,0.29881656804733731,0.068428184281842816,101,7447189,only included observed municipalities; not Russia population
R500-30-industrial-20,0,Proxy_IV,10,0.029585798816568046,0.25,10,932781,only included observed municipalities; not Russia population
R500-30-industrial-20,0,UNKNOWN,195,0.57692307692307687,0.44930875576036866,40,6921342,only included observed municipalities; not Russia population
R500-30-industrial-20,1,Proxy_I,3,0.0051724137931034482,0.10714285714285714,3,1758222,only included observed municipalities; not Russia population
R500-30-industrial-20,1,Proxy_II,30,0.051724137931034482,0.78947368421052633,30,3111125,only included observed municipalities; not Russia population
R500-30-industrial-20,1,Proxy_III,333,0.57413793103448274,0.22560975609756098,333,14744086,only included observed municipalities; not Russia population
R500-30-industrial-20,1,Proxy_IV,26,0.044827586206896551,0.65000000000000002,26,677457,only included observed municipalities; not Russia population
R500-30-industrial-20,1,UNKNOWN,188,0.32413793103448274,0.43317972350230416,146,15332145,only included observed municipalities; not Russia population
R500-30-industrial-20,2,Proxy_I,0,0,0,0,0,only included observed municipalities; not Russia population
R500-30-industrial-20,2,Proxy_II,0,0,0,0,0,only included observed municipalities; not Russia population
R500-30-industrial-20,2,Proxy_III,924,0.9515962924819773,0.62601626016260159,924,16887793,only included observed municipalities; not Russia population
R500-30-industrial-20,2,Proxy_IV,4,0.0041194644696189494,0.10000000000000001,4,80082,only included observed municipalities; not Russia population
R500-30-industrial-20,2,UNKNOWN,43,0.044284243048403706,0.099078341013824886,24,1080138,only included observed municipalities; not Russia population
R500-30-industrial-20,3,Proxy_I,0,0,0,0,0,only included observed municipalities; not Russia population
R500-30-industrial-20,3,Proxy_II,1,0.007874015748031496,0.026315789473684209,1,175466,only included observed municipalities; not Russia population
R500-30-industrial-20,3,Proxy_III,118,0.92913385826771655,0.079945799457994585,118,2243026,only included observed municipalities; not Russia population
R500-30-industrial-20,3,Proxy_IV,0,0,0,0,0,only included observed municipalities; not Russia population
R500-30-industrial-20,3,UNKNOWN,8,0.062992125984251968,0.018433179723502304,6,540865,only included observed municipalities; not Russia population
R500-30-industrial-30,0,Proxy_I,25,0.073964497041420121,0.8928571428571429,25,22411628,only included observed municipalities; not Russia population
R500-30-industrial-30,0,Proxy_II,3,0.0088757396449704144,0.10000000000000001,3,680046,only included observed municipalities; not Russia population
R500-30-industrial-30,0,Proxy_III,105,0.31065088757396447,0.070754716981132074,105,8965348,only included observed municipalities; not Russia population
R500-30-industrial-30,0,Proxy_IV,10,0.029585798816568046,0.25,10,932781,only included observed municipalities; not Russia population
R500-30-industrial-30,0,UNKNOWN,195,0.57692307692307687,0.44930875576036866,40,6921342,only included observed municipalities; not Russia population
R500-30-industrial-30,1,Proxy_I,3,0.0051724137931034482,0.10714285714285714,3,1758222,only included observed municipalities; not Russia population
R500-30-industrial-30,1,Proxy_II,26,0.044827586206896551,0.8666666666666667,26,2851588,only included observed municipalities; not Russia population
R500-30-industrial-30,1,Proxy_III,337,0.58103448275862069,0.22708894878706198,337,15003623,only included observed municipalities; not Russia population
R500-30-industrial-30,1,Proxy_IV,26,0.044827586206896551,0.65000000000000002,26,677457,only included observed municipalities; not Russia population
R500-30-industrial-30,1,UNKNOWN,188,0.32413793103448274,0.43317972350230416,146,15332145,only included observed municipalities; not Russia population
R500-30-industrial-30,2,Proxy_I,0,0,0,0,0,only included observed municipalities; not Russia population
R500-30-industrial-30,2,Proxy_II,0,0,0,0,0,only included observed municipalities; not Russia population
R500-30-industrial-30,2,Proxy_III,924,0.9515962924819773,0.62264150943396224,924,16887793,only included observed municipalities; not Russia population
R500-30-industrial-30,2,Proxy_IV,4,0.0041194644696189494,0.10000000000000001,4,80082,only included observed municipalities; not Russia population
R500-30-industrial-30,2,UNKNOWN,43,0.044284243048403706,0.099078341013824886,24,1080138,only included observed municipalities; not Russia population
R500-30-industrial-30,3,Proxy_I,0,0,0,0,0,only included observed municipalities; not Russia population
R500-30-industrial-30,3,Proxy_II,1,0.007874015748031496,0.033333333333333333,1,175466,only included observed municipalities; not Russia population
R500-30-industrial-30,3,Proxy_III,118,0.92913385826771655,0.079514824797843664,118,2243026,only included observed municipalities; not Russia population
R500-30-industrial-30,3,Proxy_IV,0,0,0,0,0,only included observed municipalities; not Russia population
R500-30-industrial-30,3,UNKNOWN,8,0.062992125984251968,0.018433179723502304,6,540865,only included observed municipalities; not Russia population
R500-30-industrial-40,0,Proxy_I,25,0.073964497041420121,0.8928571428571429,25,22411628,only included observed municipalities; not Russia population
R500-30-industrial-40,0,Proxy_II,0,0,0,0,0,only included observed municipalities; not Russia population
R500-30-industrial-40,0,Proxy_III,108,0.31952662721893493,0.07209612817089453,108,9645394,only included observed municipalities; not Russia population
R500-30-industrial-40,0,Proxy_IV,10,0.029585798816568046,0.25,10,932781,only included observed municipalities; not Russia population
R500-30-industrial-40,0,UNKNOWN,195,0.57692307692307687,0.44930875576036866,40,6921342,only included observed municipalities; not Russia population
R500-30-industrial-40,1,Proxy_I,3,0.0051724137931034482,0.10714285714285714,3,1758222,only included observed municipalities; not Russia population
R500-30-industrial-40,1,Proxy_II,15,0.025862068965517241,0.9375,15,1551145,only included observed municipalities; not Russia population
R500-30-industrial-40,1,Proxy_III,348,0.59999999999999998,0.23230974632843793,348,16304066,only included observed municipalities; not Russia population
R500-30-industrial-40,1,Proxy_IV,26,0.044827586206896551,0.65000000000000002,26,677457,only included observed municipalities; not Russia population
R500-30-industrial-40,1,UNKNOWN,188,0.32413793103448274,0.43317972350230416,146,15332145,only included observed municipalities; not Russia population
R500-30-industrial-40,2,Proxy_I,0,0,0,0,0,only included observed municipalities; not Russia population
R500-30-industrial-40,2,Proxy_II,0,0,0,0,0,only included observed municipalities; not Russia population
R500-30-industrial-40,2,Proxy_III,924,0.9515962924819773,0.61682242990654201,924,16887793,only included observed municipalities; not Russia population
R500-30-industrial-40,2,Proxy_IV,4,0.0041194644696189494,0.10000000000000001,4,80082,only included observed municipalities; not Russia population
R500-30-industrial-40,2,UNKNOWN,43,0.044284243048403706,0.099078341013824886,24,1080138,only included observed municipalities; not Russia population
R500-30-industrial-40,3,Proxy_I,0,0,0,0,0,only included observed municipalities; not Russia population
R500-30-industrial-40,3,Proxy_II,1,0.007874015748031496,0.0625,1,175466,only included observed municipalities; not Russia population
R500-30-industrial-40,3,Proxy_III,118,0.92913385826771655,0.078771695594125501,118,2243026,only included observed municipalities; not Russia population
R500-30-industrial-40,3,Proxy_IV,0,0,0,0,0,only included observed municipalities; not Russia population
R500-30-industrial-40,3,UNKNOWN,8,0.062992125984251968,0.018433179723502304,6,540865,only included observed municipalities; not Russia population
