variant,excluded_region_code,n_known,n_unknown,cramer_V,ARI
R500-30,1,1788,219,0.32545151448696374,0.19192438020899444
R500-30,2,1736,219,0.33232198376445493,0.21247440048767721
R500-30,4,1786,219,0.32304385548198611,0.18893098712669776
R500-30,7,1793,219,0.32437386426396281,0.18865344351262101
R500-30,8,1792,219,0.3244382154917308,0.18981345660475149
R500-30,9,1789,219,0.32332798062682533,0.18773144322976448
R500-30,10,1779,219,0.32471208826183595,0.19000524128876065
R500-30,11,1777,219,0.32345373314776582,0.18626268444004476
R500-30,12,1780,219,0.32321890623932797,0.18719210066646141
R500-30,13,1777,219,0.32340514929324804,0.18585715166262856
R500-30,14,1768,219,0.32416962696290208,0.20101238005983965
R500-30,15,1790,219,0.3236311519549615,0.18617112429489877
R500-30,16,1754,219,0.32804135449109162,0.20408675989691247
R500-30,17,1787,219,0.32311839654292362,0.18903397547427134
R500-30,18,1770,219,0.32089516909989363,0.18679931252005005
R500-30,19,1785,219,0.3240507589678458,0.19046065929010272
R500-30,21,1774,219,0.3244723737133588,0.19321851991163463
R500-30,22,1732,219,0.31960369843179043,0.18059792658211382
R500-30,24,1746,219,0.3197589155484758,0.18519866462752593
R500-30,25,1764,219,0.32111625980310693,0.19363026525796564
R500-30,26,1765,218,0.32762554688211826,0.19157281695469866
R500-30,27,1781,219,0.32198218557563352,0.19337937788248871
R500-30,28,1778,219,0.32481325259941546,0.19778822863291959
R500-30,29,1780,214,0.32386446912590938,0.18786411286878391
R500-30,30,1786,219,0.32382956545875813,0.18850408345745648
R500-30,33,1779,219,0.3234387959582688,0.18914929960532129
R500-30,34,1762,219,0.32045303458882057,0.18378343299641692
R500-30,35,1772,219,0.32438268619587768,0.18777312507206434
R500-30,37,1771,219,0.32387206926136969,0.18709363568613777
R500-30,38,1759,218,0.32404474703790886,0.19557507545296904
R500-30,39,1779,218,0.32732410433133186,0.19423828838546844
R500-30,40,1772,219,0.3238039315256257,0.18500032014107606
R500-30,41,1788,219,0.32447029581636128,0.1922831486477162
R500-30,42,1797,189,0.32407265468554952,0.18938356300778486
R500-30,43,1754,219,0.32225811039669028,0.18414866206524985
R500-30,44,1769,219,0.3235555964261313,0.18504497762664171
R500-30,45,1773,219,0.32257312113467829,0.18494559678527611
R500-30,47,1779,219,0.32890529403377428,0.19662324325383387
R500-30,48,1780,218,0.32291619069614863,0.18644871678124345
R500-30,49,1796,217,0.32471924981846989,0.18891411701452418
R500-30,50,1745,219,0.32818902874965117,0.1708476744601124
R500-30,51,1785,219,0.32641715459529491,0.19333191341595551
R500-30,52,1747,219,0.32181614835990618,0.18445906854098859
R500-30,53,1776,219,0.3236470293007731,0.18710884633632341
R500-30,54,1762,219,0.32189937711821781,0.18486306959476603
R500-30,55,1764,219,0.3209662124921116,0.1839748649530342
R500-30,56,1758,219,0.32519054393415836,0.1844070807919054
R500-30,57,1776,219,0.32388481138924802,0.18727794552539778
R500-30,58,1772,219,0.3234630362548252,0.18552173653594956
R500-30,59,1755,219,0.32032399676353146,0.18660553063099056
R500-30,60,1775,219,0.32267150829184282,0.18537623753559979
R500-30,62,1771,219,0.32100155796689078,0.18413842922003568
R500-30,63,1761,219,0.31980275198432434,0.18480178454325924
R500-30,64,1758,219,0.32158433781461315,0.18429995494859827
R500-30,65,1781,219,0.32479644318059492,0.19417035284214978
R500-30,66,1733,219,0.31655485496049779,0.18390467974705191
R500-30,67,1770,219,0.32396451053615277,0.18731289482551466
R500-30,68,1773,219,0.32400035957116913,0.1860856483067381
R500-30,69,1760,219,0.3233895182133234,0.18528850667978794
R500-30,70,1778,219,0.32134203272513484,0.18623670639092726
R500-30,71,1773,219,0.32073585585310338,0.18669493997569503
R500-30,72,1791,201,0.32039474986819799,0.18754243857124009
R500-30,73,1776,219,0.32532582193552828,0.18504056256033841
R500-30,74,1760,219,0.31819285606701436,0.18230441237599709
R500-30,75,1769,219,0.32931925907024345,0.20263152833338763
R500-30,76,1778,219,0.32570794086325366,0.18692299645212282
R500-30,77,1795,77,0.32520738068201432,0.19045130806439808
R500-30,78,1717,201,0.39876531551814004,0.23943769424913952
R500-30,79,1791,219,0.32450460068245224,0.19030889078540827
R500-30,83,1795,219,0.32399278504551737,0.19018680948226888
R500-30,86,1775,219,0.32327846020619705,0.1902242433177824
R500-30,87,1793,219,0.32451759913121514,0.19112744370839965
R500-30,89,1784,219,0.3240498115245718,0.1914248388802523
R250-20,1,1788,219,0.30743519955858223,0.18411937617281729
R250-20,2,1736,219,0.31639172310356317,0.20516159299465717
R250-20,4,1786,219,0.30482469967769832,0.18115455859002158
R250-20,7,1793,219,0.30630347673356928,0.18088225250431686
R250-20,8,1792,219,0.30641747095577532,0.18196424116494531
R250-20,9,1789,219,0.30512209779981075,0.17999889208018222
R250-20,10,1779,219,0.30593543051825067,0.18128770580937256
R250-20,11,1777,219,0.30571401830509187,0.17923115843491269
R250-20,12,1780,219,0.30656280080953829,0.17937932298764483
R250-20,13,1777,219,0.30519451433406214,0.17773474542602483
R250-20,14,1768,219,0.30719989963198918,0.19317355847633155
R250-20,15,1790,219,0.30541471732727116,0.17849643609300511
R250-20,16,1754,219,0.31087797093399394,0.1963408416853534
R250-20,17,1787,219,0.30491839258131553,0.18125235289071995
R250-20,18,1770,219,0.30287846217773068,0.17882565865492522
R250-20,19,1785,219,0.30594477847596174,0.18266790163908447
R250-20,21,1774,219,0.30721252017246081,0.18624194812686659
R250-20,22,1732,219,0.30051525730693379,0.17127725310677505
R250-20,24,1746,219,0.30126338370852229,0.17715187097392679
R250-20,25,1764,219,0.3031144887160156,0.185432390697223
R250-20,26,1765,218,0.3082535397181172,0.18269312512122707
R250-20,27,1781,219,0.30400251932332722,0.18567841804305138
R250-20,28,1778,219,0.30678912203427899,0.19004563026173901
R250-20,29,1780,214,0.30571622213531985,0.17983285782601147
R250-20,30,1786,219,0.30726262327061182,0.18075629175480426
R250-20,33,1779,219,0.30678738383320814,0.18145417634317051
R250-20,34,1762,219,0.30363646130279959,0.17573014992415312
R250-20,35,1772,219,0.30620374263524713,0.17964890346911203
R250-20,37,1771,219,0.30671480468433265,0.17911093944044637
R250-20,38,1759,218,0.30614226337881517,0.18785195694364659
R250-20,39,1779,218,0.30773276692935331,0.18627063673930191
R250-20,40,1772,219,0.30376529581942247,0.1767850709734074
R250-20,41,1788,219,0.30663698633726738,0.18457381970906647
R250-20,42,1797,189,0.30606381975040131,0.18157604530628108
R250-20,43,1754,219,0.305376549528319,0.17613006017301291
R250-20,44,1769,219,0.30729902641081608,0.17784877940594562
R250-20,45,1773,219,0.30581875322988167,0.17699537485216782
R250-20,47,1779,219,0.31119819250549235,0.18889852257884637
R250-20,48,1780,218,0.30623911055563263,0.17861508813280216
R250-20,49,1796,217,0.30653552352593821,0.18115388034377472
R250-20,50,1745,219,0.29113951240456765,0.16159058582345376
R250-20,51,1785,219,0.30650183048758683,0.18539307798434548
R250-20,52,1747,219,0.30462120015300492,0.17783695299259678
R250-20,53,1776,219,0.30544495377440251,0.17904687297266342
R250-20,54,1762,219,0.30379478770461005,0.17582183230158002
R250-20,55,1764,219,0.30291734291017031,0.17571051680635219
R250-20,56,1758,219,0.30629676365031883,0.17792460836880505
R250-20,57,1776,219,0.30701033405566464,0.17935416311756508
R250-20,58,1772,219,0.30521754530111445,0.17733541718442825
R250-20,59,1755,219,0.30193269382173582,0.17886054118223257
R250-20,60,1775,219,0.30438959719103692,0.17729173884798313
R250-20,62,1771,219,0.30439841835227688,0.17774899086691726
R250-20,63,1761,219,0.30302787000593184,0.17855435937874864
R250-20,64,1758,219,0.30352707216621516,0.17597479662920895
R250-20,65,1781,219,0.3087979133023564,0.18305157610354178
R250-20,66,1733,219,0.29880668777027003,0.17648264285807788
R250-20,67,1770,219,0.30797436067793243,0.18026506918812121
R250-20,68,1773,219,0.30827156520089238,0.17982819813343986
R250-20,69,1760,219,0.30845313903808425,0.17989131250991017
R250-20,70,1778,219,0.3033936563723319,0.17821525665702548
R250-20,71,1773,219,0.30273067609669763,0.1787512016589915
R250-20,72,1791,201,0.30319077117331189,0.18071346918623385
R250-20,73,1776,219,0.30567629213375563,0.17692865082985518
R250-20,74,1760,219,0.30282326346182725,0.17620018122846653
R250-20,75,1769,219,0.31150545356878884,0.19491078168847842
R250-20,76,1778,219,0.30609979253088759,0.17892295149409423
R250-20,77,1795,77,0.30719202963380005,0.18263227637497717
R250-20,78,1717,201,0.38084978421004628,0.23127470701259312
R250-20,79,1791,219,0.3062895213419769,0.18254682920169035
R250-20,83,1795,219,0.30648842687453881,0.18155651823363242
R250-20,86,1775,219,0.30122669278881675,0.18244399517801496
R250-20,87,1793,219,0.30649294140641475,0.18332456170883762
R250-20,89,1784,219,0.30569815622629887,0.1830897414994388
R250-30,1,1788,219,0.32051182279679458,0.19133279355689381
R250-30,2,1736,219,0.32899803925364501,0.21214631283449761
R250-30,4,1786,219,0.31811342532429465,0.18832938672467439
R250-30,7,1793,219,0.31945873217919485,0.1880520213628194
R250-30,8,1792,219,0.31955659067163095,0.18920284925219463
R250-30,9,1789,219,0.31836855172201106,0.18713330415884533
R250-30,10,1779,219,0.31977678809891097,0.18938549140357694
R250-30,11,1777,219,0.318421099043036,0.18562423513245158
R250-30,12,1780,219,0.3197546670623731,0.18674297466250836
R250-30,13,1777,219,0.31851349313801286,0.18519911758032159
R250-30,14,1768,219,0.32025113972583069,0.20033475664350234
R250-30,15,1790,219,0.31864614527104351,0.18557765515672345
R250-30,16,1754,219,0.32390991879989472,0.20350044126244338
R250-30,17,1787,219,0.31819255393628443,0.18843191719644609
R250-30,18,1770,219,0.31616054629575102,0.18618829109320661
R250-30,19,1785,219,0.31901536739537628,0.18987766984641435
R250-30,21,1774,219,0.3198461004000932,0.19259315927363502
R250-30,22,1732,219,0.31484831066630936,0.17988684771236516
R250-30,24,1746,219,0.31480865056685076,0.18458096925298884
R250-30,25,1764,219,0.31677240607276991,0.19313667254144712
R250-30,26,1765,218,0.3233782178937934,0.1907821748165606
R250-30,27,1781,219,0.31745634479266838,0.19279998030856965
R250-30,28,1778,219,0.31990693055919323,0.19725073922199812
R250-30,29,1780,214,0.31897521958578468,0.18722568929473454
R250-30,30,1786,219,0.32041766284117784,0.18806027354567317
R250-30,33,1779,219,0.31987417244851957,0.18873031880600935
R250-30,34,1762,219,0.31722028623379506,0.18328313645114133
R250-30,35,1772,219,0.31949280974982702,0.1871166764842182
R250-30,37,1771,219,0.32029200453140383,0.18659018435601457
R250-30,38,1759,218,0.3191516766728304,0.19503677102455685
R250-30,39,1779,218,0.32040762470560946,0.19350535654647749
R250-30,40,1772,219,0.31714009580963193,0.1841796842791848
R250-30,41,1788,219,0.31973166106292866,0.19171321722966647
R250-30,42,1797,189,0.31919161402639207,0.18877904567084988
R250-30,43,1754,219,0.31878243260569,0.1836533436456258
R250-30,44,1769,219,0.32013144326520127,0.18452611000582067
R250-30,45,1773,219,0.31910580306693526,0.18447393821517385
R250-30,47,1779,219,0.32416218024566534,0.19604320048644627
R250-30,48,1780,218,0.31945152580464914,0.18599564040100822
R250-30,49,1796,217,0.31984923292629064,0.18828656201294947
R250-30,50,1745,219,0.30672715801045358,0.16896055230572263
R250-30,51,1785,219,0.31964509147996784,0.19257250655898275
R250-30,52,1747,219,0.31706153935718934,0.18372923970668045
R250-30,53,1776,219,0.31870637076429725,0.186468074680635
R250-30,54,1762,219,0.31740932011947387,0.18421644095785725
R250-30,55,1764,219,0.31642951269446085,0.18329166438945654
R250-30,56,1758,219,0.31853725915227538,0.18371060856284568
R250-30,57,1776,219,0.32041349732965224,0.18679255284792767
R250-30,58,1772,219,0.31856957373819755,0.18485295899078574
R250-30,59,1755,219,0.31531432453749664,0.18599723819775096
R250-30,60,1775,219,0.317676724499593,0.18473647469365409
R250-30,62,1771,219,0.31646825898187514,0.18346534094399511
R250-30,63,1761,219,0.31495826777264352,0.184188903889308
R250-30,64,1758,219,0.31704809106865695,0.18360392576018519
R250-30,65,1781,219,0.31992661305838221,0.19357359945152613
R250-30,66,1733,219,0.31261092586768491,0.18355828060807602
R250-30,67,1770,219,0.32054794827873778,0.18683852451748151
R250-30,68,1773,219,0.32052212198680247,0.18555866355626441
R250-30,69,1760,219,0.31986218945703115,0.18477834928944889
R250-30,70,1778,219,0.31675243939806458,0.1856057339350729
R250-30,71,1773,219,0.31600187149789166,0.18608849159288704
R250-30,72,1791,201,0.31566669977410539,0.18697068749725632
R250-30,73,1776,219,0.31895181037198023,0.18438184428525986
R250-30,74,1760,219,0.31475934913778231,0.18186776133523519
R250-30,75,1769,219,0.32444374741095722,0.20206875869054816
R250-30,76,1778,219,0.3192861711490082,0.18629032360989131
R250-30,77,1795,77,0.32030818553038959,0.18985400929842619
R250-30,78,1717,201,0.39278216122136428,0.23919536778713049
R250-30,79,1791,219,0.31962941120424049,0.1896936086205338
R250-30,83,1795,219,0.31910944747224013,0.1895898737137329
R250-30,86,1775,219,0.31424833047633627,0.18940249256741162
R250-30,87,1793,219,0.31962406641700469,0.19053797549780765
R250-30,89,1784,219,0.31933471364415872,0.19087502171297191
R500-20,1,1788,219,0.31142961996198543,0.18388940495831402
R500-20,2,1736,219,0.31873622306027566,0.20459370877303801
R500-20,4,1786,219,0.30883202543862115,0.18093638380035079
R500-20,7,1793,219,0.31027399096706831,0.1806696464210116
R500-20,8,1792,219,0.31036728926255863,0.18176175476991407
R500-20,9,1789,219,0.30913258422596757,0.17977824327201272
R500-20,10,1779,219,0.3099652403932423,0.18107788160812527
R500-20,11,1777,219,0.30980997108675112,0.17907629354783822
R500-20,12,1780,219,0.30904259405996787,0.17901732366851028
R500-20,13,1777,219,0.30914627439346365,0.17757878708131239
R500-20,14,1768,219,0.30992934011135459,0.19301333286473796
R500-20,15,1790,219,0.3094364366001145,0.17826990937720896
R500-20,16,1754,219,0.31407051116274864,0.19605809127243592
R500-20,17,1787,219,0.30891994550863872,0.18103566992282111
R500-20,18,1770,219,0.30659586993333765,0.17860989169958497
R500-20,19,1785,219,0.31001121564479972,0.18242904884625966
R500-20,21,1774,219,0.31090263555736808,0.18606165269737515
R500-20,22,1732,219,0.30427748708683333,0.17114188387130458
R500-20,24,1746,219,0.30515482419665146,0.1769194542655641
R500-20,25,1764,219,0.30648925597516341,0.1850491410107199
R500-20,26,1765,218,0.3116893670724199,0.18264396365509461
R500-20,27,1781,219,0.30758601880765335,0.18541038052688619
R500-20,28,1778,219,0.31075985057620537,0.18972624887741871
R500-20,29,1780,214,0.30966915598578326,0.17965380611048412
R500-20,30,1786,219,0.30970617714591819,0.18039106201724034
R500-20,33,1779,219,0.30934675800431072,0.18105551351644875
R500-20,34,1762,219,0.30583758560298174,0.17541301882688759
R500-20,35,1772,219,0.31015977528222521,0.17948467099733062
R500-20,37,1771,219,0.30931375514594761,0.17880019906611577
R500-20,38,1759,218,0.30999403663410724,0.187533068442861
R500-20,39,1779,218,0.31371064925737296,0.18624750184249766
R500-20,40,1772,219,0.3096451335430655,0.17683852249895901
R500-20,41,1788,219,0.3104466592296124,0.18431148267764505
R500-20,42,1797,189,0.31001104378444477,0.1813711755123549
R500-20,43,1754,219,0.30791719326962941,0.17582085920952362
R500-20,44,1769,219,0.30978366131994489,0.17758331276157754
R500-20,45,1773,219,0.3082960614353934,0.17665609043854474
R500-20,47,1779,219,0.31502180722527329,0.18863940329876638
R500-20,48,1780,218,0.30871706255224113,0.17825846117694552
R500-20,49,1796,217,0.31049169340261584,0.18097039397268755
R500-20,50,1745,219,0.31306058444418661,0.16297898473966013
R500-20,51,1785,219,0.31249490795068829,0.18537861962066848
R500-20,52,1747,219,0.30843043715021123,0.1777904281017002
R500-20,53,1776,219,0.30943602286874394,0.17886948535687816
R500-20,54,1762,219,0.30712862698707333,0.175638709470268
R500-20,55,1764,219,0.30648301594231941,0.17557229802844657
R500-20,56,1758,219,0.31206539160039354,0.17785059489032243
R500-20,57,1776,219,0.30951231809997953,0.17902799355540544
R500-20,58,1772,219,0.3091710642540163,0.17718796632596456
R500-20,59,1755,219,0.30599495225402817,0.17866935846235368
R500-20,60,1775,219,0.30841680177207748,0.17711507608460347
R500-20,62,1771,219,0.30800406747530246,0.17765940968037275
R500-20,63,1761,219,0.30686831581020774,0.17839136753423812
R500-20,64,1758,219,0.30709563514986288,0.17584655788292133
R500-20,65,1781,219,0.31276064313500823,0.18291270764395606
R500-20,66,1733,219,0.30192739515581812,0.1760883422422487
R500-20,67,1770,219,0.3104441848282759,0.17994935350184774
R500-20,68,1773,219,0.31083496921462733,0.17959813109834008
R500-20,69,1760,219,0.31106061532264173,0.17966202495113878
R500-20,70,1778,219,0.30699603410213688,0.17802648748496247
R500-20,71,1773,219,0.30644664736379418,0.17853284044257275
R500-20,72,1791,201,0.30692259925543858,0.18049585031863011
R500-20,73,1776,219,0.3111643647411681,0.17677300340584898
R500-20,74,1760,219,0.30520025340668661,0.17586739481830857
R500-20,75,1769,219,0.31548010621561434,0.19461516432815421
R500-20,76,1778,219,0.31162657789170062,0.17873754334670464
R500-20,77,1795,77,0.31114739350893539,0.18241521458415369
R500-20,78,1717,201,0.38530565365935454,0.23047727177365396
R500-20,79,1791,219,0.31025049129928151,0.18234046295024786
R500-20,83,1795,219,0.31044574075936249,0.18136670050142711
R500-20,86,1775,219,0.30951667157188711,0.1825302281071253
R500-20,87,1793,219,0.31044740601452969,0.18309435934516455
R500-20,89,1784,219,0.30950241524344441,0.18279818922354812
R1000-20,1,1788,219,0.28722673856481412,0.18169187080261209
R1000-20,2,1736,219,0.29505472651132525,0.20224372230021703
R1000-20,4,1786,219,0.28444623898997912,0.17873417845770562
R1000-20,7,1793,219,0.28582891547679845,0.17848311025948016
R1000-20,8,1792,219,0.2861615453613649,0.17957754104403012
R1000-20,9,1789,219,0.28444929478037367,0.1775789635649129
R1000-20,10,1779,219,0.28580354092998927,0.17888966963460631
R1000-20,11,1777,219,0.28574455577057845,0.17693302757138654
R1000-20,12,1780,219,0.28482050171706713,0.17684154009832456
R1000-20,13,1777,219,0.28483802895690469,0.17539188564553937
R1000-20,14,1768,219,0.28568247699892679,0.19064806684499488
R1000-20,15,1790,219,0.28454483347629406,0.17606765371199529
R1000-20,16,1754,219,0.29210661277804711,0.19394195665917346
R1000-20,17,1787,219,0.28454803140156026,0.17883625077070622
R1000-20,18,1770,219,0.28456047966541292,0.17662025155402516
R1000-20,19,1785,219,0.28590550355032035,0.18025035095430839
R1000-20,21,1774,219,0.28910391558949083,0.18406773442669858
R1000-20,22,1732,219,0.28209098432166024,0.16913613852512474
R1000-20,24,1746,219,0.2807215988955119,0.17474868762562573
R1000-20,25,1764,219,0.2836420875246517,0.1829352011228117
R1000-20,26,1765,218,0.28917930109765722,0.18070443769161371
R1000-20,27,1781,219,0.28548435843894071,0.18334655245380435
R1000-20,28,1778,219,0.28644683380653296,0.18742249081361412
R1000-20,29,1780,214,0.28539985358174219,0.17745750912576003
R1000-20,30,1786,219,0.28549225279922769,0.17821102270538791
R1000-20,33,1779,219,0.28523370716651536,0.17888110251893644
R1000-20,34,1762,219,0.2812832580883311,0.17327245923500273
R1000-20,35,1772,219,0.28591277431211504,0.17727954957514641
R1000-20,37,1771,219,0.28524796950472436,0.17666565773803347
R1000-20,38,1759,218,0.28818251729041816,0.18549498771111297
R1000-20,39,1779,218,0.28896061905655196,0.18400318801239057
R1000-20,40,1772,219,0.28471268216313511,0.17460227291075023
R1000-20,41,1788,219,0.28580660805620484,0.18205890919100814
R1000-20,42,1797,189,0.28578824775241635,0.17919708081089228
R1000-20,43,1754,219,0.2836567039148859,0.17363619862855828
R1000-20,44,1769,219,0.28561068387772354,0.1754310552541325
R1000-20,45,1773,219,0.28401392294003841,0.17448128522894707
R1000-20,47,1779,219,0.29046079683929693,0.18636787305237953
R1000-20,48,1780,218,0.28447306605911987,0.17608664729487797
R1000-20,49,1796,217,0.28633339496054316,0.17880699520269472
R1000-20,50,1745,219,0.27977684564107008,0.16047548915698831
R1000-20,51,1785,219,0.28810094803583891,0.18314196638515942
R1000-20,52,1747,219,0.28412427580230798,0.17567575658200146
R1000-20,53,1776,219,0.28519023828974666,0.17668107859544083
R1000-20,54,1762,219,0.28176306559526415,0.17341410643190502
R1000-20,55,1764,219,0.2817628798648229,0.17338208010305145
R1000-20,56,1758,219,0.28515481712723545,0.17557715467433441
R1000-20,57,1776,219,0.28534600463980336,0.17686603911182458
R1000-20,58,1772,219,0.28485753984463524,0.17499489872755117
R1000-20,59,1755,219,0.281838136354014,0.17659094025024824
R1000-20,60,1775,219,0.28414561523454374,0.1749411218359094
R1000-20,62,1771,219,0.28594355498292812,0.17569006357500583
R1000-20,63,1761,219,0.28250777871943261,0.17626809052947925
R1000-20,64,1758,219,0.28490870342496166,0.17382842419440483
R1000-20,65,1781,219,0.28888859261952815,0.18073207600605612
R1000-20,66,1733,219,0.27797142351184406,0.17418485162696307
R1000-20,67,1770,219,0.28628695409607513,0.17776592963017812
R1000-20,68,1773,219,0.28684127397522458,0.17748948315690133
R1000-20,69,1760,219,0.28710895526980978,0.17753962176216667
R1000-20,70,1778,219,0.28477010060327285,0.17602759573393897
R1000-20,71,1773,219,0.28440574354687859,0.17654797118356538
R1000-20,72,1791,201,0.28496081909252524,0.17854639202828823
R1000-20,73,1776,219,0.28386432783569482,0.17441769762184484
R1000-20,74,1760,219,0.28081916789749389,0.17376980848824344
R1000-20,75,1769,219,0.29157571702323587,0.1923075726067075
R1000-20,76,1778,219,0.28440783208825071,0.17638462532020474
R1000-20,77,1795,77,0.28678315382373065,0.18022745938042156
R1000-20,78,1717,201,0.35278174654637279,0.22766738208657439
R1000-20,79,1791,219,0.28606792545049203,0.18014827662424807
R1000-20,83,1795,219,0.28628268745456131,0.17919626513310544
R1000-20,86,1775,219,0.2846508698830873,0.1803086828912929
R1000-20,87,1793,219,0.28614014829494744,0.18089216498676283
R1000-20,89,1784,219,0.28475268589693681,0.18056497346469405
R1000-30,1,1788,219,0.30367548617091794,0.19046572486872032
R1000-30,2,1736,219,0.31095110204491599,0.21092591296558638
R1000-30,4,1786,219,0.30109384917074888,0.18746664659663212
R1000-30,7,1793,219,0.30238637455430589,0.18719981447907116
R1000-30,8,1792,219,0.30265076949736253,0.18836231719134056
R1000-30,9,1789,219,0.30113758554923992,0.18626872066282182
R1000-30,10,1779,219,0.30297514167323247,0.18854838033582605
R1000-30,11,1777,219,0.3018035151117654,0.184845105046579
R1000-30,12,1780,219,0.30146738141368656,0.18575515541385329
R1000-30,13,1777,219,0.30154943011759422,0.18440893155265212
R1000-30,14,1768,219,0.30236986011282069,0.19942849441578542
R1000-30,15,1790,219,0.30126765217549367,0.18470584201400242
R1000-30,16,1754,219,0.30821119039683448,0.20269383354158349
R1000-30,17,1787,219,0.30118165535365249,0.187571593772105
R1000-30,18,1770,219,0.30116957729727206,0.18550473607704995
R1000-30,19,1785,219,0.30239989576609083,0.18902146906716005
R1000-30,21,1774,219,0.30483186387925515,0.19190729762088446
R1000-30,22,1732,219,0.29977605952707481,0.17929553243614232
R1000-30,24,1746,219,0.29797698313869475,0.18379494494794904
R1000-30,25,1764,219,0.30056619752654234,0.19222577868462107
R1000-30,26,1765,218,0.30738760951798172,0.1903234182077225
R1000-30,27,1781,219,0.3021433046686049,0.19201892736442977
R1000-30,28,1778,219,0.30293564474324663,0.19624664406783118
R1000-30,29,1780,214,0.30203426799677768,0.18640740647908988
R1000-30,30,1786,219,0.30205989775146924,0.18705999465987533
R1000-30,33,1779,219,0.30180714642866069,0.18771730359164718
R1000-30,34,1762,219,0.29848955538254557,0.18239037444064629
R1000-30,35,1772,219,0.3025670702808404,0.18631216526655159
R1000-30,37,1771,219,0.3023181401623104,0.1857020806492283
R1000-30,38,1759,218,0.30452146055010665,0.1942508293348881
R1000-30,39,1779,218,0.30517805930284692,0.19274343878482347
R1000-30,40,1772,219,0.30130396455076214,0.18350837337818926
R1000-30,41,1788,219,0.30226482252526043,0.19077589437156223
R1000-30,42,1797,189,0.30227420340567873,0.18793879630243762
R1000-30,43,1754,219,0.30042598472337423,0.1826923290183505
R1000-30,44,1769,219,0.30178423744166077,0.18361940052259432
R1000-30,45,1773,219,0.30078185135641217,0.18351181669262834
R1000-30,47,1779,219,0.30672572422428229,0.19510400607180306
R1000-30,48,1780,218,0.30115030166665591,0.18501491480958615
R1000-30,49,1796,217,0.30298778993619208,0.18748126733060957
R1000-30,50,1745,219,0.29662832886645429,0.16903483609864695
R1000-30,51,1785,219,0.30439081553077202,0.19183841831574805
R1000-30,52,1747,219,0.29993295500000067,0.18306990458334255
R1000-30,53,1776,219,0.30185589793206918,0.18566151536596764
R1000-30,54,1762,219,0.29934800523678357,0.18340562584207928
R1000-30,55,1764,219,0.29877213667177688,0.18253162925599317
R1000-30,56,1758,219,0.30080577206769066,0.18284801756776017
R1000-30,57,1776,219,0.30219295232029086,0.18585637267746091
R1000-30,58,1772,219,0.3016036076342643,0.18407033664715439
R1000-30,59,1755,219,0.29863547134848267,0.18523042936712497
R1000-30,60,1775,219,0.30088752372305411,0.18394244550819588
R1000-30,62,1771,219,0.30107590097927273,0.18283008631276251
R1000-30,63,1761,219,0.29788592765411503,0.18339825338968521
R1000-30,64,1758,219,0.3016692136494471,0.18298047265700448
R1000-30,65,1781,219,0.30308421068740765,0.19267398849700398
R1000-30,66,1733,219,0.29490092592100126,0.18260136664024326
R1000-30,67,1770,219,0.30218068817803218,0.18585918023477377
R1000-30,68,1773,219,0.30234345010306146,0.18468574943507754
R1000-30,69,1760,219,0.30170904302164392,0.18386821906024745
R1000-30,70,1778,219,0.30141102075528525,0.18492740490847845
R1000-30,71,1773,219,0.30100680355066645,0.18540314387120641
R1000-30,72,1791,201,0.30067144653062428,0.18626133836976566
R1000-30,73,1776,219,0.30062365833846655,0.18341878957611665
R1000-30,74,1760,219,0.29631310567995472,0.18092511355089547
R1000-30,75,1769,219,0.30772804091342471,0.2010901873906486
R1000-30,76,1778,219,0.30108306393584805,0.18530450566354148
R1000-30,77,1795,77,0.30328792056621851,0.18899631513468856
R1000-30,78,1717,201,0.369760135774929,0.23751304821449881
R1000-30,79,1791,219,0.30275595958886142,0.18885483192159272
R1000-30,83,1795,219,0.30218750455453708,0.18873147032481721
R1000-30,86,1775,219,0.30091873775126332,0.18875588149440084
R1000-30,87,1793,219,0.30264863977465084,0.18966163664735658
R1000-30,89,1784,219,0.30173946826141446,0.18992786014016474
R500-30-expand-municipal-okrug,1,1788,219,0.33410842395852169,0.20608276611367898
R500-30-expand-municipal-okrug,2,1736,219,0.34274354872312635,0.2292511728198833
R500-30-expand-municipal-okrug,4,1786,219,0.33169501551703867,0.20301867637713092
R500-30-expand-municipal-okrug,7,1793,219,0.33285731355405201,0.20262841294473274
R500-30-expand-municipal-okrug,8,1792,219,0.33298526341486562,0.20375712714200633
R500-30-expand-municipal-okrug,9,1789,219,0.33186910866287056,0.20180819579116027
R500-30-expand-municipal-okrug,10,1779,219,0.33337496369557734,0.20404903214496467
R500-30-expand-municipal-okrug,11,1777,219,0.33198462542409091,0.20010051960010636
R500-30-expand-municipal-okrug,12,1780,219,0.3317423127205017,0.20095910971439598
R500-30-expand-municipal-okrug,13,1777,219,0.33183465493425335,0.19947380067704606
R500-30-expand-municipal-okrug,14,1768,219,0.33251084847466755,0.21555765677357519
R500-30-expand-municipal-okrug,15,1790,219,0.33212054526511414,0.20028315929414395
R500-30-expand-municipal-okrug,16,1754,219,0.33777789334116298,0.2198685357514312
R500-30-expand-municipal-okrug,17,1787,219,0.33175430349116597,0.20310017749088494
R500-30-expand-municipal-okrug,18,1770,219,0.32841203589551449,0.19915996050808643
R500-30-expand-municipal-okrug,19,1785,219,0.33274149627063593,0.20455448948779867
R500-30-expand-municipal-okrug,21,1774,219,0.33211557446459888,0.20606273122734917
R500-30-expand-municipal-okrug,22,1732,219,0.32750963073925249,0.19319604670621357
R500-30-expand-municipal-okrug,24,1746,219,0.32846799748954525,0.199142881219249
R500-30-expand-municipal-okrug,25,1764,219,0.33004537716746024,0.20833367269131395
R500-30-expand-municipal-okrug,26,1765,218,0.33930012691497091,0.20928908666579382
R500-30-expand-municipal-okrug,27,1781,219,0.33040758053397351,0.20759189692293803
R500-30-expand-municipal-okrug,28,1778,219,0.33288834410386625,0.2111403906118853
R500-30-expand-municipal-okrug,29,1780,214,0.33312465837339744,0.20261809657798305
R500-30-expand-municipal-okrug,30,1786,219,0.33236505218203088,0.20236002361181013
R500-30-expand-municipal-okrug,33,1779,219,0.33211777173341972,0.20315461752187133
R500-30-expand-municipal-okrug,34,1762,219,0.3288877899639015,0.19735329813790242
R500-30-expand-municipal-okrug,35,1772,219,0.33321922509187196,0.20188612556958371
R500-30-expand-municipal-okrug,37,1771,219,0.3322188136397351,0.20079779787836699
R500-30-expand-municipal-okrug,38,1759,218,0.33327101503463424,0.21043528182655433
R500-30-expand-municipal-okrug,39,1779,218,0.33475758547787121,0.20592923479346742
R500-30-expand-municipal-okrug,40,1772,219,0.33236821936531585,0.19879952765738698
R500-30-expand-municipal-okrug,41,1788,219,0.33294395524723897,0.20637874672503725
R500-30-expand-municipal-okrug,42,1797,189,0.33256468375506026,0.20325948065599256
R500-30-expand-municipal-okrug,43,1754,219,0.33067456971768416,0.19764610347134537
R500-30-expand-municipal-okrug,44,1769,219,0.33187978574417198,0.19857026314493847
R500-30-expand-municipal-okrug,45,1773,219,0.33101917030216321,0.19851715369514453
R500-30-expand-municipal-okrug,47,1779,219,0.33782377638395178,0.2113361132548868
R500-30-expand-municipal-okrug,48,1780,218,0.33139884708658196,0.20013951705234664
R500-30-expand-municipal-okrug,49,1796,217,0.33320987928171036,0.20288159169303108
R500-30-expand-municipal-okrug,50,1745,219,0.33784190656587615,0.18768428443200277
R500-30-expand-municipal-okrug,51,1785,219,0.33330437462653295,0.20520433273223002
R500-30-expand-municipal-okrug,52,1747,219,0.32860259881369686,0.19590438688369649
R500-30-expand-municipal-okrug,53,1776,219,0.33217163324882099,0.20087244132804988
R500-30-expand-municipal-okrug,54,1762,219,0.33046551095514831,0.19863228651436532
R500-30-expand-municipal-okrug,55,1764,219,0.32941690398913825,0.19753417333639606
R500-30-expand-municipal-okrug,56,1758,219,0.33345750753463566,0.19794700160909617
R500-30-expand-municipal-okrug,57,1776,219,0.33166126613006502,0.2001731379375766
R500-30-expand-municipal-okrug,58,1772,219,0.3319069552613661,0.19912989921565574
R500-30-expand-municipal-okrug,59,1755,219,0.32643625203377108,0.19720818611954166
R500-30-expand-municipal-okrug,60,1775,219,0.3311280635806958,0.19898194098389083
R500-30-expand-municipal-okrug,62,1771,219,0.32945199806697167,0.19770767425722011
R500-30-expand-municipal-okrug,63,1761,219,0.32847846182023394,0.19857733434773941
R500-30-expand-municipal-okrug,64,1758,219,0.33012999539718579,0.19795434840477674
R500-30-expand-municipal-okrug,65,1781,219,0.33316980423130121,0.20847386702343557
R500-30-expand-municipal-okrug,66,1733,219,0.3256196731004638,0.19816096819588722
R500-30-expand-municipal-okrug,67,1770,219,0.33253986558081972,0.2011281043870394
R500-30-expand-municipal-okrug,68,1773,219,0.33223994128667866,0.19964744857238664
R500-30-expand-municipal-okrug,69,1760,219,0.33053265148612443,0.1972424560841462
R500-30-expand-municipal-okrug,70,1778,219,0.32979365253198634,0.19993376252561415
R500-30-expand-municipal-okrug,71,1773,219,0.32939575987847702,0.20057571811354932
R500-30-expand-municipal-okrug,72,1791,201,0.328983082414737,0.20142400597487464
R500-30-expand-municipal-okrug,73,1776,219,0.33368222992669461,0.1986132746756368
R500-30-expand-municipal-okrug,74,1760,219,0.32756240932410091,0.19682958863864469
R500-30-expand-municipal-okrug,75,1769,219,0.33852187091176505,0.21783349141905886
R500-30-expand-municipal-okrug,76,1778,219,0.33417440364783102,0.20069410925191752
R500-30-expand-municipal-okrug,77,1795,77,0.33366847173906322,0.20437448723138366
R500-30-expand-municipal-okrug,78,1717,201,0.40603163524719327,0.25545417964560757
R500-30-expand-municipal-okrug,79,1791,219,0.33295795457514726,0.20432688232741206
R500-30-expand-municipal-okrug,83,1795,219,0.33246811668367093,0.20409566290285219
R500-30-expand-municipal-okrug,86,1775,219,0.33239860551270012,0.20483594215155818
R500-30-expand-municipal-okrug,87,1793,219,0.33296908034801126,0.20507644336469028
R500-30-expand-municipal-okrug,89,1784,219,0.33149910906031826,0.2040432887800544
R500-30-add-Adygea,1,1788,219,0.32545151448696374,0.19192438020899444
R500-30-add-Adygea,2,1736,219,0.33437007540566072,0.21565376541915057
R500-30-add-Adygea,4,1786,219,0.32404552782456914,0.19153034887255432
R500-30-add-Adygea,7,1793,219,0.32621009153936825,0.19129203268110007
R500-30-add-Adygea,8,1792,219,0.32615501417308862,0.19243132603472174
R500-30-add-Adygea,9,1789,219,0.32521243978810804,0.19038002268505902
R500-30-add-Adygea,10,1779,219,0.32645180580817651,0.19263867618974623
R500-30-add-Adygea,11,1777,219,0.32517606029069479,0.18885725404202491
R500-30-add-Adygea,12,1780,219,0.32493948812645929,0.18977780722693938
R500-30-add-Adygea,13,1777,219,0.32510357014767566,0.18839625657966685
R500-30-add-Adygea,14,1768,219,0.32585853129854858,0.20378996346917735
R500-30-add-Adygea,15,1790,219,0.32571035121760999,0.18884632771994372
R500-30-add-Adygea,16,1754,219,0.329957570949451,0.20704131661982858
R500-30-add-Adygea,17,1787,219,0.32422859786787767,0.1916345838687607
R500-30-add-Adygea,18,1770,219,0.32265235359048861,0.18941886532066149
R500-30-add-Adygea,19,1785,219,0.32580192047922618,0.19312291815428093
R500-30-add-Adygea,21,1774,219,0.32625542468369523,0.19593360707742064
R500-30-add-Adygea,22,1732,219,0.32134284540287988,0.18309011302465303
R500-30-add-Adygea,24,1746,219,0.32153438500101572,0.18783371162415788
R500-30-add-Adygea,25,1764,219,0.32287415076144299,0.19642571390416999
R500-30-add-Adygea,26,1765,218,0.32932345124532425,0.19423031140956465
R500-30-add-Adygea,27,1781,219,0.32368226604011618,0.19606679426008611
R500-30-add-Adygea,28,1778,219,0.3265208851354498,0.20051462182208207
R500-30-add-Adygea,29,1780,214,0.3255716106636497,0.19044049489827949
R500-30-add-Adygea,30,1786,219,0.32554826027320732,0.19110597564235049
R500-30-add-Adygea,33,1779,219,0.32519204324846401,0.19179556998352831
R500-30-add-Adygea,34,1762,219,0.32217937062623669,0.18632588571256364
R500-30-add-Adygea,35,1772,219,0.32610358186510119,0.19035195349251782
R500-30-add-Adygea,37,1771,219,0.32559079022690518,0.1896675165468131
R500-30-add-Adygea,38,1759,218,0.32590287993009781,0.1984027258234935
R500-30-add-Adygea,39,1779,218,0.32908102827792929,0.19697294676689503
R500-30-add-Adygea,40,1772,219,0.3254927164596787,0.18755606314503775
R500-30-add-Adygea,41,1788,219,0.32616206478021248,0.19494145465170507
R500-30-add-Adygea,42,1797,189,0.3257802756580333,0.19199212103224525
R500-30-add-Adygea,43,1754,219,0.32396348195221186,0.18666489266826625
R500-30-add-Adygea,44,1769,219,0.32525019671053107,0.18756290983070109
R500-30-add-Adygea,45,1773,219,0.3242814744961296,0.18748597835154082
R500-30-add-Adygea,47,1779,219,0.33066894392324214,0.19938543020529068
R500-30-add-Adygea,48,1780,218,0.32463015607998874,0.18901915740049785
R500-30-add-Adygea,49,1796,217,0.32642361053849539,0.19153071771902663
R500-30-add-Adygea,50,1745,219,0.32975287072593545,0.1738446672647192
R500-30-add-Adygea,51,1785,219,0.32816874455081479,0.19603893468141365
R500-30-add-Adygea,52,1747,219,0.32355305918338545,0.18700187461529838
R500-30-add-Adygea,53,1776,219,0.32536443083016386,0.18968344812147078
R500-30-add-Adygea,54,1762,219,0.32361472020474669,0.18743237384272271
R500-30-add-Adygea,55,1764,219,0.32267120801300181,0.18649401897186343
R500-30-add-Adygea,56,1758,219,0.32690181313998112,0.18695146234896209
R500-30-add-Adygea,57,1776,219,0.32559823186828774,0.18985060698475356
R500-30-add-Adygea,58,1772,219,0.32516403966021756,0.18805459076167519
R500-30-add-Adygea,59,1755,219,0.32212042851126449,0.18925875602262984
R500-30-add-Adygea,60,1775,219,0.32438147239759885,0.18792523817246745
R500-30-add-Adygea,62,1771,219,0.32270587727882144,0.18666338101795044
R500-30-add-Adygea,63,1761,219,0.3215664951638853,0.18740122519143959
R500-30-add-Adygea,64,1758,219,0.32330474264772791,0.18682983169986059
R500-30-add-Adygea,65,1781,219,0.32648321945495407,0.1968680904693545
R500-30-add-Adygea,66,1733,219,0.31844267075542815,0.18667570759100444
R500-30-add-Adygea,67,1770,219,0.32569043951364918,0.18989244564560928
R500-30-add-Adygea,68,1773,219,0.32569423033688427,0.18861892244531273
R500-30-add-Adygea,69,1760,219,0.32511001780832793,0.18783200879486056
R500-30-add-Adygea,70,1778,219,0.32305068214765398,0.18880622143725545
R500-30-add-Adygea,71,1773,219,0.32248869349998072,0.189311928162197
R500-30-add-Adygea,72,1791,201,0.32213515015631894,0.19017469436274539
R500-30-add-Adygea,73,1776,219,0.32701321060533184,0.18757764904200691
R500-30-add-Adygea,74,1760,219,0.31994926025395748,0.184871659438435
R500-30-add-Adygea,75,1769,219,0.33114514440318604,0.20549511133384243
R500-30-add-Adygea,76,1778,219,0.32741664795359904,0.18950851566952248
R500-30-add-Adygea,77,1795,77,0.32691128845681094,0.19307360798053277
R500-30-add-Adygea,78,1717,201,0.40035569032528479,0.24267975301331352
R500-30-add-Adygea,79,1791,219,0.32620412087315187,0.19294156643417901
R500-30-add-Adygea,83,1795,219,0.32569837066184359,0.1928053888850951
R500-30-add-Adygea,86,1775,219,0.32507153943384964,0.19299895305064146
R500-30-add-Adygea,87,1793,219,0.326220308348035,0.1937579486674936
R500-30-add-Adygea,89,1784,219,0.32578020037906547,0.19412814396379546
R500-30-exclude-intracity,1,1706,59,0.40426466217172974,0.24421657892253637
R500-30-exclude-intracity,2,1654,59,0.40838567098937112,0.26954350832293467
R500-30-exclude-intracity,4,1704,59,0.4028925722420324,0.24070578641206766
R500-30-exclude-intracity,7,1711,59,0.4026567280601252,0.23994848910505689
R500-30-exclude-intracity,8,1710,59,0.40220892566006899,0.24154491913852238
R500-30-exclude-intracity,9,1707,59,0.40230478967930816,0.23890951974394362
R500-30-exclude-intracity,10,1697,59,0.40254345417269127,0.24217282528053721
R500-30-exclude-intracity,11,1695,59,0.40175774187505581,0.23801398832980608
R500-30-exclude-intracity,12,1698,59,0.40140204324894263,0.23892273473513853
R500-30-exclude-intracity,13,1695,59,0.40140725049678411,0.23742355356209779
R500-30-exclude-intracity,14,1686,59,0.40213077642248868,0.25588910330871961
R500-30-exclude-intracity,15,1708,59,0.40293145451289963,0.23690697184021825
R500-30-exclude-intracity,16,1672,59,0.40340964028051834,0.25896558350358717
R500-30-exclude-intracity,17,1705,59,0.40273489526599598,0.24079180497656125
R500-30-exclude-intracity,18,1688,59,0.39878545331206372,0.23871271315317646
R500-30-exclude-intracity,19,1703,59,0.40214356337627771,0.24257127995946851
R500-30-exclude-intracity,21,1692,59,0.40160923465533599,0.24593325544430009
R500-30-exclude-intracity,22,1650,59,0.39783865740072438,0.23271996645219009
R500-30-exclude-intracity,24,1664,59,0.3983388755109486,0.23783785287998091
R500-30-exclude-intracity,25,1682,59,0.39990846047857215,0.24687256427608603
R500-30-exclude-intracity,26,1683,58,0.40677952823061103,0.2440411533518943
R500-30-exclude-intracity,27,1699,59,0.39940201196093272,0.24625137369485794
R500-30-exclude-intracity,28,1696,59,0.40369583070838483,0.25162140125847526
R500-30-exclude-intracity,29,1698,54,0.40177331394753646,0.23967313728003409
R500-30-exclude-intracity,30,1704,59,0.40180570782548625,0.24023519635419013
R500-30-exclude-intracity,33,1697,59,0.40174008520548976,0.24126021870286876
R500-30-exclude-intracity,34,1680,59,0.39852829394759115,0.23544564232520573
R500-30-exclude-intracity,35,1690,59,0.40221698179087534,0.23978069884143818
R500-30-exclude-intracity,37,1689,59,0.40227241574930633,0.23907960430069644
R500-30-exclude-intracity,38,1677,58,0.40277442288475296,0.24939279616329113
R500-30-exclude-intracity,39,1697,58,0.40854526301018979,0.24728769637487158
R500-30-exclude-intracity,40,1690,59,0.40228572488591208,0.23640487252408449
R500-30-exclude-intracity,41,1706,59,0.40366701980326475,0.24468763058240683
R500-30-exclude-intracity,42,1715,29,0.40189782105816624,0.2409040690261956
R500-30-exclude-intracity,43,1672,59,0.40069074338902078,0.23625982270874049
R500-30-exclude-intracity,44,1687,59,0.4017054377528077,0.2367259693537028
R500-30-exclude-intracity,45,1691,59,0.40089555153179024,0.23653800312927556
R500-30-exclude-intracity,47,1697,59,0.409671743459255,0.24998892666826333
R500-30-exclude-intracity,48,1698,58,0.40115577487101545,0.23806523738550753
R500-30-exclude-intracity,49,1714,57,0.40250403073096885,0.24044235395654193
R500-30-exclude-intracity,50,1663,59,0.4219434138146011,0.21821853936992205
R500-30-exclude-intracity,51,1703,59,0.4041055108310761,0.24572164371129368
R500-30-exclude-intracity,52,1665,59,0.39975876539189859,0.23665583799745332
R500-30-exclude-intracity,53,1694,59,0.40168379613520211,0.23892051042788592
R500-30-exclude-intracity,54,1680,59,0.40206584897431991,0.23677324411129116
R500-30-exclude-intracity,55,1682,59,0.39854107440006892,0.23555835403192932
R500-30-exclude-intracity,56,1676,59,0.40503640853542883,0.23641621736204538
R500-30-exclude-intracity,57,1694,59,0.40203249166417421,0.2391178795181822
R500-30-exclude-intracity,58,1690,59,0.40146774635037824,0.23718437289662192
R500-30-exclude-intracity,59,1673,59,0.39885630197965699,0.23904053531619646
R500-30-exclude-intracity,60,1693,59,0.40097018398444401,0.23697562656984344
R500-30-exclude-intracity,62,1689,59,0.39855134071377879,0.23551590863717795
R500-30-exclude-intracity,63,1679,59,0.3980846677225392,0.23672284027076865
R500-30-exclude-intracity,64,1676,59,0.39906037294068286,0.23608741440151501
R500-30-exclude-intracity,65,1699,59,0.40268405947064967,0.24734241463209841
R500-30-exclude-intracity,66,1651,59,0.39766293454581653,0.23672956922912794
R500-30-exclude-intracity,67,1688,59,0.40195846847638733,0.23933385532087179
R500-30-exclude-intracity,68,1691,59,0.40221287502361197,0.23780935405470419
R500-30-exclude-intracity,69,1678,59,0.40175141340711557,0.23732372561393975
R500-30-exclude-intracity,70,1696,59,0.40003928002500216,0.23787466960609879
R500-30-exclude-intracity,71,1691,59,0.39864789392700634,0.23850316176324424
R500-30-exclude-intracity,72,1709,41,0.39832280849544832,0.23895291713411884
R500-30-exclude-intracity,73,1694,59,0.40454802533094025,0.23653614995539846
R500-30-exclude-intracity,74,1678,59,0.39694730414838392,0.23391443808411005
R500-30-exclude-intracity,75,1687,59,0.4062592188746712,0.25714388351422407
R500-30-exclude-intracity,76,1696,59,0.40493008835524058,0.23867291785287639
R500-30-exclude-intracity,79,1709,59,0.40234234998351587,0.24229194427340572
R500-30-exclude-intracity,83,1713,59,0.40183801682202402,0.24193525927416859
R500-30-exclude-intracity,86,1693,59,0.40282010234480731,0.24248606860989261
R500-30-exclude-intracity,87,1711,59,0.40341416497087651,0.24319678142297849
R500-30-exclude-intracity,89,1702,59,0.40267997897292673,0.24363677465312211
R500-30-exclude-capitals,1,1706,59,0.40426466217172974,0.24421657892253637
R500-30-exclude-capitals,2,1654,59,0.40838567098937112,0.26954350832293467
R500-30-exclude-capitals,4,1704,59,0.4028925722420324,0.24070578641206766
R500-30-exclude-capitals,7,1711,59,0.4026567280601252,0.23994848910505689
R500-30-exclude-capitals,8,1710,59,0.40220892566006899,0.24154491913852238
R500-30-exclude-capitals,9,1707,59,0.40230478967930816,0.23890951974394362
R500-30-exclude-capitals,10,1697,59,0.40254345417269127,0.24217282528053721
R500-30-exclude-capitals,11,1695,59,0.40175774187505581,0.23801398832980608
R500-30-exclude-capitals,12,1698,59,0.40140204324894263,0.23892273473513853
R500-30-exclude-capitals,13,1695,59,0.40140725049678411,0.23742355356209779
R500-30-exclude-capitals,14,1686,59,0.40213077642248868,0.25588910330871961
R500-30-exclude-capitals,15,1708,59,0.40293145451289963,0.23690697184021825
R500-30-exclude-capitals,16,1672,59,0.40340964028051834,0.25896558350358717
R500-30-exclude-capitals,17,1705,59,0.40273489526599598,0.24079180497656125
R500-30-exclude-capitals,18,1688,59,0.39878545331206372,0.23871271315317646
R500-30-exclude-capitals,19,1703,59,0.40214356337627771,0.24257127995946851
R500-30-exclude-capitals,21,1692,59,0.40160923465533599,0.24593325544430009
R500-30-exclude-capitals,22,1650,59,0.39783865740072438,0.23271996645219009
R500-30-exclude-capitals,24,1664,59,0.3983388755109486,0.23783785287998091
R500-30-exclude-capitals,25,1682,59,0.39990846047857215,0.24687256427608603
R500-30-exclude-capitals,26,1683,58,0.40677952823061103,0.2440411533518943
R500-30-exclude-capitals,27,1699,59,0.39940201196093272,0.24625137369485794
R500-30-exclude-capitals,28,1696,59,0.40369583070838483,0.25162140125847526
R500-30-exclude-capitals,29,1698,54,0.40177331394753646,0.23967313728003409
R500-30-exclude-capitals,30,1704,59,0.40180570782548625,0.24023519635419013
R500-30-exclude-capitals,33,1697,59,0.40174008520548976,0.24126021870286876
R500-30-exclude-capitals,34,1680,59,0.39852829394759115,0.23544564232520573
R500-30-exclude-capitals,35,1690,59,0.40221698179087534,0.23978069884143818
R500-30-exclude-capitals,37,1689,59,0.40227241574930633,0.23907960430069644
R500-30-exclude-capitals,38,1677,58,0.40277442288475296,0.24939279616329113
R500-30-exclude-capitals,39,1697,58,0.40854526301018979,0.24728769637487158
R500-30-exclude-capitals,40,1690,59,0.40228572488591208,0.23640487252408449
R500-30-exclude-capitals,41,1706,59,0.40366701980326475,0.24468763058240683
R500-30-exclude-capitals,42,1715,29,0.40189782105816624,0.2409040690261956
R500-30-exclude-capitals,43,1672,59,0.40069074338902078,0.23625982270874049
R500-30-exclude-capitals,44,1687,59,0.4017054377528077,0.2367259693537028
R500-30-exclude-capitals,45,1691,59,0.40089555153179024,0.23653800312927556
R500-30-exclude-capitals,47,1697,59,0.409671743459255,0.24998892666826333
R500-30-exclude-capitals,48,1698,58,0.40115577487101545,0.23806523738550753
R500-30-exclude-capitals,49,1714,57,0.40250403073096885,0.24044235395654193
R500-30-exclude-capitals,50,1663,59,0.4219434138146011,0.21821853936992205
R500-30-exclude-capitals,51,1703,59,0.4041055108310761,0.24572164371129368
R500-30-exclude-capitals,52,1665,59,0.39975876539189859,0.23665583799745332
R500-30-exclude-capitals,53,1694,59,0.40168379613520211,0.23892051042788592
R500-30-exclude-capitals,54,1680,59,0.40206584897431991,0.23677324411129116
R500-30-exclude-capitals,55,1682,59,0.39854107440006892,0.23555835403192932
R500-30-exclude-capitals,56,1676,59,0.40503640853542883,0.23641621736204538
R500-30-exclude-capitals,57,1694,59,0.40203249166417421,0.2391178795181822
R500-30-exclude-capitals,58,1690,59,0.40146774635037824,0.23718437289662192
R500-30-exclude-capitals,59,1673,59,0.39885630197965699,0.23904053531619646
R500-30-exclude-capitals,60,1693,59,0.40097018398444401,0.23697562656984344
R500-30-exclude-capitals,62,1689,59,0.39855134071377879,0.23551590863717795
R500-30-exclude-capitals,63,1679,59,0.3980846677225392,0.23672284027076865
R500-30-exclude-capitals,64,1676,59,0.39906037294068286,0.23608741440151501
R500-30-exclude-capitals,65,1699,59,0.40268405947064967,0.24734241463209841
R500-30-exclude-capitals,66,1651,59,0.39766293454581653,0.23672956922912794
R500-30-exclude-capitals,67,1688,59,0.40195846847638733,0.23933385532087179
R500-30-exclude-capitals,68,1691,59,0.40221287502361197,0.23780935405470419
R500-30-exclude-capitals,69,1678,59,0.40175141340711557,0.23732372561393975
R500-30-exclude-capitals,70,1696,59,0.40003928002500216,0.23787466960609879
R500-30-exclude-capitals,71,1691,59,0.39864789392700634,0.23850316176324424
R500-30-exclude-capitals,72,1709,41,0.39832280849544832,0.23895291713411884
R500-30-exclude-capitals,73,1694,59,0.40454802533094025,0.23653614995539846
R500-30-exclude-capitals,74,1678,59,0.39694730414838392,0.23391443808411005
R500-30-exclude-capitals,75,1687,59,0.4062592188746712,0.25714388351422407
R500-30-exclude-capitals,76,1696,59,0.40493008835524058,0.23867291785287639
R500-30-exclude-capitals,79,1709,59,0.40234234998351587,0.24229194427340572
R500-30-exclude-capitals,83,1713,59,0.40183801682202402,0.24193525927416859
R500-30-exclude-capitals,86,1693,59,0.40282010234480731,0.24248606860989261
R500-30-exclude-capitals,87,1711,59,0.40341416497087651,0.24319678142297849
R500-30-exclude-capitals,89,1702,59,0.40267997897292673,0.24363677465312211
R500-30-exclude-IV,1,1748,219,0.39090185507215408,0.18476459605000606
R500-30-exclude-IV,2,1696,219,0.39850516580186929,0.20427422887789121
R500-30-exclude-IV,8,1752,219,0.38970371527324965,0.18279274656538011
R500-30-exclude-IV,10,1739,219,0.3899881113907514,0.18299856396864272
R500-30-exclude-IV,11,1737,219,0.38844557073454411,0.17921722331543882
R500-30-exclude-IV,12,1740,219,0.38815000676197786,0.18023368932712669
R500-30-exclude-IV,13,1737,219,0.38850396364137624,0.17913196510318999
R500-30-exclude-IV,14,1728,219,0.38952491140439127,0.19372139287592716
R500-30-exclude-IV,16,1714,219,0.39349350058015908,0.19650716182149208
R500-30-exclude-IV,18,1730,219,0.38497972114663792,0.17967613296670598
R500-30-exclude-IV,19,1745,219,0.3890628817600239,0.18323572944406161
R500-30-exclude-IV,21,1734,219,0.38944257636650309,0.18598764514016022
R500-30-exclude-IV,22,1692,219,0.38351740885606111,0.17406768445120888
R500-30-exclude-IV,24,1706,219,0.38348858239055134,0.1779648939510825
R500-30-exclude-IV,25,1724,219,0.38513293922183828,0.18584421531868434
R500-30-exclude-IV,26,1725,218,0.3936740196751769,0.1844762455743664
R500-30-exclude-IV,27,1741,219,0.38659634327459957,0.18615298632219146
R500-30-exclude-IV,28,1738,219,0.39023936840742035,0.19059108872572145
R500-30-exclude-IV,29,1740,214,0.38904468490619071,0.18102818154640613
R500-30-exclude-IV,30,1746,219,0.38892813555361494,0.18151417235740266
R500-30-exclude-IV,33,1739,219,0.38828186636982021,0.18195480658565685
R500-30-exclude-IV,34,1722,219,0.38456145055669699,0.17693523850875037
R500-30-exclude-IV,35,1732,219,0.38967357191452762,0.18099756165561962
R500-30-exclude-IV,37,1731,219,0.38899080909777328,0.18019666565592565
R500-30-exclude-IV,38,1719,218,0.38858416062521539,0.18789119358277123
R500-30-exclude-IV,39,1739,218,0.39318633752596716,0.18687794781801345
R500-30-exclude-IV,40,1732,219,0.38899492003297048,0.17817159220056425
R500-30-exclude-IV,41,1748,219,0.38980970279923688,0.18512443470564802
R500-30-exclude-IV,42,1757,189,0.38926093058413325,0.18234540536872706
R500-30-exclude-IV,43,1714,219,0.3870594252249987,0.17754514502704327
R500-30-exclude-IV,44,1729,219,0.38872161998457633,0.17841331393467083
R500-30-exclude-IV,45,1733,219,0.38739653096768839,0.17814546964665551
R500-30-exclude-IV,47,1739,219,0.39519455038923601,0.18930981984784276
R500-30-exclude-IV,48,1740,218,0.38779106479784842,0.17952523687491734
R500-30-exclude-IV,49,1756,217,0.39010475021497731,0.18182759017559424
R500-30-exclude-IV,50,1705,219,0.39391605303798743,0.16059049517440274
R500-30-exclude-IV,51,1745,219,0.39207196183794346,0.18611192466639509
R500-30-exclude-IV,52,1707,219,0.38629746511736668,0.17776477684346745
R500-30-exclude-IV,53,1736,219,0.38872917235150006,0.18025911453621551
R500-30-exclude-IV,54,1722,219,0.38642004289025172,0.17795747401344775
R500-30-exclude-IV,55,1724,219,0.38533580122037153,0.17733487204323573
R500-30-exclude-IV,56,1718,219,0.39077174786165914,0.17752635651611862
R500-30-exclude-IV,57,1736,219,0.38903584454130552,0.18041467003947728
R500-30-exclude-IV,58,1732,219,0.38858163645885829,0.17884999957951295
R500-30-exclude-IV,59,1715,219,0.38408332539595247,0.17928951575572311
R500-30-exclude-IV,60,1735,219,0.3875096766875063,0.1785407684009809
R500-30-exclude-IV,62,1731,219,0.38536406594256056,0.17743296581946896
R500-30-exclude-IV,63,1721,219,0.38356670329697451,0.17768968554868603
R500-30-exclude-IV,64,1718,219,0.38608034937504676,0.1776865745349378
R500-30-exclude-IV,65,1741,219,0.39030922644262328,0.1869393909212729
R500-30-exclude-IV,66,1693,219,0.37873184287217931,0.17562169799422603
R500-30-exclude-IV,67,1730,219,0.38911668532596067,0.18049928770351445
R500-30-exclude-IV,68,1733,219,0.38926760380705244,0.17937002090082244
R500-30-exclude-IV,69,1720,219,0.38841261094749135,0.17856613582698769
R500-30-exclude-IV,70,1738,219,0.38574335437650858,0.17931395492504473
R500-30-exclude-IV,71,1733,219,0.38478556398152841,0.17955416413760575
R500-30-exclude-IV,72,1751,201,0.38435029215636568,0.18022736268956571
R500-30-exclude-IV,73,1736,219,0.39104213795074566,0.17822750584385641
R500-30-exclude-IV,74,1720,219,0.38152745486791195,0.17516942199607968
R500-30-exclude-IV,75,1729,219,0.39555594468517091,0.19523704728761967
R500-30-exclude-IV,76,1738,219,0.39142773886971122,0.17993122135989742
R500-30-exclude-IV,77,1755,77,0.39071600144629215,0.18338536241735312
R500-30-exclude-IV,78,1677,201,0.48817615660704594,0.23133216585973501
R500-30-exclude-IV,79,1751,219,0.38986175836609055,0.18321327227238887
R500-30-exclude-IV,83,1755,219,0.38917134027568029,0.18313593666498273
R500-30-exclude-IV,86,1735,219,0.38776931939738873,0.18232875196544152
R500-30-exclude-IV,87,1753,219,0.3898505501044699,0.18405640924424893
R500-30-exclude-IV,89,1744,219,0.38907425476110796,0.18399564603692983
R500-30-industrial-20,1,1574,433,0.27846718718195512,0.11009034223205698
R500-30-industrial-20,2,1525,430,0.27952311904088478,0.12107250993398076
R500-30-industrial-20,4,1571,434,0.27325005811806191,0.103315834107695
R500-30-industrial-20,7,1578,434,0.27735253629056322,0.10629650826954444
R500-30-industrial-20,8,1577,434,0.2772152224159033,0.1086512244986613
R500-30-industrial-20,9,1574,434,0.27521073508601335,0.10340526413054116
R500-30-industrial-20,10,1564,434,0.2777750280682415,0.10939426730384726
R500-30-industrial-20,11,1564,432,0.27522629352131167,0.10635413061301986
R500-30-industrial-20,12,1567,432,0.27698105879996576,0.10760620104037677
R500-30-industrial-20,13,1562,434,0.27669203056408076,0.10666261565113262
R500-30-industrial-20,14,1553,434,0.27667962086854314,0.11704528315235629
R500-30-industrial-20,15,1575,434,0.27625131468276459,0.1015212715110704
R500-30-industrial-20,16,1539,434,0.27550959110215395,0.11560046232441103
R500-30-industrial-20,17,1572,434,0.27358587537395945,0.10390784799373765
R500-30-industrial-20,18,1559,430,0.27413058035762433,0.1069554087392952
R500-30-industrial-20,19,1572,432,0.27778822971324624,0.10981107998438462
R500-30-industrial-20,21,1562,431,0.27526939951784918,0.10981813748847792
R500-30-industrial-20,22,1521,430,0.27355192024906361,0.10407354339425727
R500-30-industrial-20,24,1538,427,0.27562046538872287,0.10646874187949808
R500-30-industrial-20,25,1558,425,0.27447125281595142,0.11242581759079405
R500-30-industrial-20,26,1563,420,0.27399261342249837,0.10696603209226901
R500-30-industrial-20,27,1567,433,0.27346684625552437,0.11075620895115142
R500-30-industrial-20,28,1563,434,0.27788105668409085,0.114044616898371
R500-30-industrial-20,29,1565,429,0.27693468075963784,0.10777836261142297
R500-30-industrial-20,30,1572,433,0.27709856157919138,0.10813026974751376
R500-30-industrial-20,33,1568,430,0.27752094448648762,0.10896947773539686
R500-30-industrial-20,34,1551,430,0.27256386439735214,0.10439785968799919
R500-30-industrial-20,35,1557,434,0.27726048834181083,0.10780623930043645
R500-30-industrial-20,37,1562,428,0.27686270493766796,0.10707899470621636
R500-30-industrial-20,38,1550,427,0.27616702256009262,0.11196673159425263
R500-30-industrial-20,39,1566,431,0.28127853093292854,0.11093340102084585
R500-30-industrial-20,40,1558,433,0.2774228230232037,0.1056617184203468
R500-30-industrial-20,41,1573,434,0.27841434137111348,0.11109661396793123
R500-30-industrial-20,42,1582,404,0.27699127517677236,0.10833705576357075
R500-30-industrial-20,43,1540,433,0.2756635525561742,0.10584453163112784
R500-30-industrial-20,44,1556,432,0.27654874600592855,0.10602591359774419
R500-30-industrial-20,45,1560,432,0.27664440762718218,0.1064508887703311
R500-30-industrial-20,47,1565,433,0.28112023302564404,0.11315103578233779
R500-30-industrial-20,48,1566,432,0.27594530676345141,0.10662031954129965
R500-30-industrial-20,49,1582,431,0.27699127517677236,0.10833705576357075
R500-30-industrial-20,50,1573,391,0.27595436453314709,0.10638263895625701
R500-30-industrial-20,51,1570,434,0.27907144981512688,0.11137530642452373
R500-30-industrial-20,52,1538,428,0.27379736303728225,0.10512932696154342
R500-30-industrial-20,53,1562,433,0.27703415304665419,0.10749682965275723
R500-30-industrial-20,54,1549,432,0.27429971585290785,0.10557173510938628
R500-30-industrial-20,55,1549,434,0.27336708784062158,0.1050196535469049
R500-30-industrial-20,56,1547,430,0.27785947504374453,0.10413043525879022
R500-30-industrial-20,57,1564,431,0.27691014920303253,0.10729025527601242
R500-30-industrial-20,58,1557,434,0.27674349071932053,0.1065486269317483
R500-30-industrial-20,59,1543,431,0.26833714436440814,0.10312715553468409
R500-30-industrial-20,60,1562,432,0.27669203056408076,0.10666261565113262
R500-30-industrial-20,62,1556,434,0.27336271252068811,0.10497013768198993
R500-30-industrial-20,63,1551,429,0.27307908289817012,0.10563945851918351
R500-30-industrial-20,64,1543,434,0.27374374426376175,0.10524906861447984
R500-30-industrial-20,65,1568,432,0.27667842865181974,0.1123595877224846
R500-30-industrial-20,66,1543,409,0.27306783830638226,0.10682834226980086
R500-30-industrial-20,67,1556,433,0.27723660384666421,0.10769972646667936
R500-30-industrial-20,68,1562,430,0.27652212462718695,0.10624768734665634
R500-30-industrial-20,69,1549,430,0.27689515097741696,0.10653001934482856
R500-30-industrial-20,70,1564,433,0.27418184179639277,0.10626220934168012
R500-30-industrial-20,71,1562,430,0.2740270539429952,0.10685245388727535
R500-30-industrial-20,72,1580,412,0.27375929471930072,0.10706259699494604
R500-30-industrial-20,73,1562,433,0.28019899589195474,0.10585801688378506
R500-30-industrial-20,74,1552,427,0.27258791911776303,0.10450321544475207
R500-30-industrial-20,75,1554,434,0.28007546029410557,0.11645518472669752
R500-30-industrial-20,76,1565,432,0.28060433171005117,0.10699506626486559
R500-30-industrial-20,77,1580,292,0.27856972302666472,0.10910564303785232
R500-30-industrial-20,78,1502,416,0.39579776441637471,0.14570165114518782
R500-30-industrial-20,79,1577,433,0.27687884176468452,0.10935270176987491
R500-30-industrial-20,83,1580,434,0.27694672209494131,0.1088939189728494
R500-30-industrial-20,86,1565,429,0.27674033557933214,0.10675423003337699
R500-30-industrial-20,87,1578,434,0.27770920541455762,0.10956137377381917
R500-30-industrial-20,89,1570,433,0.27708589173190784,0.10878620270121422
R500-30-industrial-30,1,1574,433,0.27456395614781576,0.10047663731490331
R500-30-industrial-30,2,1525,430,0.27514213709565177,0.11035397822797335
R500-30-industrial-30,4,1571,434,0.26933382259947847,0.093668502277860666
R500-30-industrial-30,7,1578,434,0.27345736775414864,0.096755676207074356
R500-30-industrial-30,8,1577,434,0.2733437568488703,0.099149552343009609
R500-30-industrial-30,9,1574,434,0.27127317986507543,0.09378897346872031
R500-30-industrial-30,10,1564,434,0.2739017307552179,0.09982675386731181
R500-30-industrial-30,11,1564,432,0.27221779909206584,0.097773997452427569
R500-30-industrial-30,12,1567,432,0.27312177804409932,0.098173240729634931
R500-30-industrial-30,13,1562,434,0.2728424181252585,0.097295150232693445
R500-30-industrial-30,14,1553,434,0.27284876112003614,0.10689977578864168
R500-30-industrial-30,15,1575,434,0.27229912950007978,0.091892512389328343
R500-30-industrial-30,16,1539,434,0.27144902797178633,0.10532633507007171
R500-30-industrial-30,17,1572,434,0.26967346039756701,0.094278012264581906
R500-30-industrial-30,18,1559,430,0.27020950642064195,0.09745459212621152
R500-30-industrial-30,19,1572,432,0.27390874736042914,0.10021964551854769
R500-30-industrial-30,21,1562,431,0.27132313373099315,0.1001072582447034
R500-30-industrial-30,22,1521,430,0.2696732064530411,0.094753862438987119
R500-30-industrial-30,24,1538,427,0.271809186807415,0.096862972617699397
R500-30-industrial-30,25,1558,425,0.27054858422512268,0.10251377063996642
R500-30-industrial-30,26,1563,420,0.27107037960878055,0.098296853826436589
R500-30-industrial-30,27,1567,433,0.26955785163585955,0.10097514445843357
R500-30-industrial-30,28,1563,434,0.27400357468289888,0.1041268916658934
R500-30-industrial-30,29,1565,429,0.27307817824866104,0.098330712332360098
R500-30-industrial-30,30,1572,433,0.27323316332226083,0.09866283569931586
R500-30-industrial-30,33,1568,430,0.27364987579660882,0.099436717070155445
R500-30-industrial-30,34,1551,430,0.26850247729928134,0.095025123315947882
R500-30-industrial-30,35,1557,434,0.27340297886982329,0.098349969810959975
R500-30-industrial-30,37,1562,428,0.27300959249363982,0.097680745843813185
R500-30-industrial-30,38,1550,427,0.27325979152923047,0.10297275021106535
R500-30-industrial-30,39,1566,431,0.27746317975694834,0.10265482125046631
R500-30-industrial-30,40,1558,433,0.27444566213555865,0.096262740881360415
R500-30-industrial-30,41,1573,434,0.27450682010262289,0.10140274147356655
R500-30-industrial-30,42,1582,404,0.27312071025368001,0.098862748985761473
R500-30-industrial-30,43,1540,433,0.27167754473106198,0.096463042016631848
R500-30-industrial-30,44,1556,432,0.2727066137462173,0.096700433145344045
R500-30-industrial-30,45,1560,432,0.27279728028429384,0.097097379830473951
R500-30-industrial-30,47,1565,433,0.27715243852517374,0.10329740940629652
R500-30-industrial-30,48,1566,432,0.27193292096183652,0.097203462518038922
R500-30-industrial-30,49,1582,431,0.27312071025368001,0.098862748985761473
R500-30-industrial-30,50,1573,391,0.27281805694385208,0.098221584879438106
R500-30-industrial-30,51,1570,434,0.2751588293486355,0.10166351985043284
R500-30-industrial-30,52,1538,428,0.26989954945588135,0.09574629809470829
R500-30-industrial-30,53,1562,433,0.27317752549927554,0.098067700312539918
R500-30-industrial-30,54,1549,432,0.27018490572611809,0.096101621756105232
R500-30-industrial-30,55,1549,434,0.26946957475044503,0.095653926831734182
R500-30-industrial-30,56,1547,430,0.2747397134839531,0.095582637917097132
R500-30-industrial-30,57,1564,431,0.27305456329688693,0.097878093175081407
R500-30-industrial-30,58,1557,434,0.27289659802789973,0.097185329326500619
R500-30-industrial-30,59,1543,431,0.26310106541645983,0.093487844974528791
R500-30-industrial-30,60,1562,432,0.2728424181252585,0.097295150232693445
R500-30-industrial-30,62,1556,434,0.26945943908242292,0.095614522067218474
R500-30-industrial-30,63,1551,429,0.26900692314528435,0.096173066062364657
R500-30-industrial-30,64,1543,434,0.26984303122341291,0.095861471912604523
R500-30-industrial-30,65,1568,432,0.27282988614042747,0.10257361918449838
R500-30-industrial-30,66,1543,409,0.2688138262086972,0.097206346881382508
R500-30-industrial-30,67,1556,433,0.27338033937251827,0.098250468613128625
R500-30-industrial-30,68,1562,430,0.27267599719581975,0.096910908593706546
R500-30-industrial-30,69,1549,430,0.27305122816953975,0.097161225059260115
R500-30-industrial-30,70,1564,433,0.27024659221611713,0.096813125473003095
R500-30-industrial-30,71,1562,430,0.2701057408112173,0.097361858999193682
R500-30-industrial-30,72,1580,412,0.26982959296670078,0.097571581776131566
R500-30-industrial-30,73,1562,433,0.2764035151334916,0.09649789746917746
R500-30-industrial-30,74,1552,427,0.26852526207384847,0.095123379210964309
R500-30-industrial-30,75,1554,434,0.27616419015591609,0.10635838703467131
R500-30-industrial-30,76,1565,432,0.27679812768204948,0.09755236848443409
R500-30-industrial-30,77,1580,292,0.27465150873988364,0.099566256086151397
R500-30-industrial-30,78,1502,416,0.38855220439803279,0.13313431167226536
R500-30-industrial-30,79,1577,433,0.27301561355584603,0.099798227054722938
R500-30-industrial-30,83,1580,434,0.27307920481433379,0.099376322089661545
R500-30-industrial-30,86,1565,429,0.27256306434493477,0.099973832867195661
R500-30-industrial-30,87,1578,434,0.27381950323172038,0.099989256344423558
R500-30-industrial-30,89,1570,433,0.27377126593466755,0.099039948930393695
R500-30-industrial-40,1,1574,433,0.26418528940851288,0.086282062878266882
R500-30-industrial-40,2,1525,430,0.26295402452605487,0.093912724979359596
R500-30-industrial-40,4,1571,434,0.25874699343508523,0.079464444240120766
R500-30-industrial-40,7,1578,434,0.26319877497011668,0.0827168661846856
R500-30-industrial-40,8,1577,434,0.26303774940883945,0.085160840898278065
R500-30-industrial-40,9,1574,434,0.26087807737163404,0.079631043646399391
R500-30-industrial-40,10,1564,434,0.26346493802520737,0.085708408777333586
R500-30-industrial-40,11,1564,432,0.26179675456141843,0.08388946456413128
R500-30-industrial-40,12,1567,432,0.26283915821514736,0.084334325022720535
R500-30-industrial-40,13,1562,434,0.26260350113968572,0.083596377928383925
R500-30-industrial-40,14,1553,434,0.26264684737039357,0.091891784518438907
R500-30-industrial-40,15,1575,434,0.26198743125076568,0.077711422249583134
R500-30-industrial-40,16,1539,434,0.25992818683365815,0.089771154583675197
R500-30-industrial-40,17,1572,434,0.25911878094228635,0.080101404115927463
R500-30-industrial-40,18,1559,430,0.25971891367513666,0.083489593730648431
R500-30-industrial-40,19,1572,432,0.26348581613856659,0.086046561863809171
R500-30-industrial-40,21,1562,431,0.260627493133954,0.085701768504800047
R500-30-industrial-40,22,1521,430,0.25921176979041627,0.081202483892485605
R500-30-industrial-40,24,1538,427,0.26139004118442738,0.082751557382257146
R500-30-industrial-40,25,1558,425,0.26001318831068054,0.087825774716069629
R500-30-industrial-40,26,1563,420,0.26058684800847021,0.084214032323942312
R500-30-industrial-40,27,1567,433,0.25922939416988733,0.086565672589034595
R500-30-industrial-40,28,1563,434,0.26373792464612805,0.089473357290371716
R500-30-industrial-40,29,1565,429,0.26280164425945574,0.084473345743748193
R500-30-industrial-40,30,1572,433,0.2629388028890533,0.084748754026117548
R500-30-industrial-40,33,1568,430,0.26326860677742414,0.085388576405891314
R500-30-industrial-40,34,1551,430,0.25801262510771072,0.081352321852155726
R500-30-industrial-40,35,1557,434,0.26304765263934771,0.084468393038928891
R500-30-industrial-40,37,1562,428,0.26273880799326782,0.083917537553272428
R500-30-industrial-40,38,1550,427,0.26233916410219027,0.088100852244132208
R500-30-industrial-40,39,1566,431,0.26702372116677814,0.088144874062668924
R500-30-industrial-40,40,1558,433,0.26345808951982264,0.083976915351744466
R500-30-industrial-40,41,1573,434,0.26431608403304668,0.087145204395588718
R500-30-industrial-40,42,1582,404,0.26286654073657073,0.084928066433977947
R500-30-industrial-40,43,1540,433,0.26256952771536962,0.08362262700271518
R500-30-industrial-40,44,1556,432,0.26248205842904765,0.08309331702218653
R500-30-industrial-40,45,1560,432,0.26256313504744755,0.083429071624935347
R500-30-industrial-40,47,1565,433,0.26659980291281826,0.088660955996869961
R500-30-industrial-40,48,1566,432,0.26281914485303415,0.084251156730017138
R500-30-industrial-40,49,1582,431,0.26286654073657073,0.084928066433977947
R500-30-industrial-40,50,1573,391,0.2615812572497111,0.085431468177872644
R500-30-industrial-40,51,1570,434,0.2646594844951588,0.087266802521018649
R500-30-industrial-40,52,1538,428,0.25942721747450914,0.082040486332488519
R500-30-industrial-40,53,1562,433,0.26287474263900118,0.084239873267025811
R500-30-industrial-40,54,1549,432,0.26096191032168714,0.083112892718798528
R500-30-industrial-40,55,1549,434,0.25910180355684959,0.081988995077264329
R500-30-industrial-40,56,1547,430,0.26558284132586762,0.082655625969630706
R500-30-industrial-40,57,1564,431,0.26277903322529422,0.084084536605205415
R500-30-industrial-40,58,1557,434,0.26263774472542334,0.08349837521640871
R500-30-industrial-40,59,1543,431,0.25688533112590478,0.082814322762442216
R500-30-industrial-40,60,1562,432,0.26260350113968572,0.083596377928383925
R500-30-industrial-40,62,1556,434,0.25910541179951085,0.081955207863104257
R500-30-industrial-40,63,1551,429,0.25841862483578237,0.082304283503861958
R500-30-industrial-40,64,1543,434,0.25939116750864721,0.082143101844680905
R500-30-industrial-40,65,1568,432,0.26262993218860503,0.088153229678266692
R500-30-industrial-40,66,1543,409,0.25922582123858401,0.08389853231973024
R500-30-industrial-40,67,1556,433,0.26302739451543661,0.084384165555081117
R500-30-industrial-40,68,1562,430,0.26246881771097247,0.083276390087301394
R500-30-industrial-40,69,1549,430,0.26274739589550639,0.083467634239580674
R500-30-industrial-40,70,1564,433,0.25992291139480922,0.082990893074646507
R500-30-industrial-40,71,1562,430,0.25964050772596287,0.083416409465504326
R500-30-industrial-40,72,1580,412,0.25945040473709002,0.083614079984834749
R500-30-industrial-40,73,1562,433,0.26631923179868966,0.082822633729298337
R500-30-industrial-40,74,1552,427,0.25803296196949344,0.081435085093294543
R500-30-industrial-40,75,1554,434,0.26528735737497616,0.091197461228200494
R500-30-industrial-40,76,1565,432,0.26664344838491677,0.083702494605282743
R500-30-industrial-40,77,1580,292,0.2644345313593045,0.085549049675277461
R500-30-industrial-40,78,1502,416,0.37979307367487664,0.11522562189689513
R500-30-industrial-40,79,1577,433,0.26277864812183849,0.08574305738832419
R500-30-industrial-40,83,1580,434,0.26283241689188314,0.085374286068628721
R500-30-industrial-40,86,1565,429,0.26290667530051942,0.086310625145118308
R500-30-industrial-40,87,1578,434,0.2635950065018583,0.085911774085442816
R500-30-industrial-40,89,1570,433,0.26380556454680548,0.087051041053327199
