mo,rows_with_duplicate_key,all_excluded_rows
Александровский муниципальный район,432,432
Алексеевский муниципальный район,432,432
Алтайский муниципальный район,288,288
Белозерский муниципальный округ,288,288
Березовский муниципальный район,288,288
Благовещенский муниципальный район,288,288
Волжский муниципальный район,288,288
Воловский муниципальный район,288,288
Вяземский муниципальный район,288,288
Городищенский муниципальный район,288,288
Даниловский муниципальный район,288,288
Дзержинский муниципальный район,288,288
Дубенский муниципальный район,288,288
Знаменский муниципальный район,36,162
Каменский муниципальный район,432,432
Кировский муниципальный район,438,438
Комсомольский муниципальный район,120,204
Краснинский муниципальный район,288,288
Красноармейский муниципальный округ,288,288
Красноармейский муниципальный район,432,432
Красногвардейский муниципальный район,288,288
Красноярский муниципальный район,288,288
Куйбышевский муниципальный район,288,288
Ленинский муниципальный район,288,288
Ленский муниципальный район,288,288
Михайловский муниципальный район,576,576
Николаевский муниципальный район,432,432
Ногайский муниципальный район,60,174
Октябрьский муниципальный район,1134,1134
Павловский муниципальный район,288,288
Первомайский муниципальный район,576,576
Петровский муниципальный округ,288,288
Приволжский муниципальный район,432,432
Романовский муниципальный район,288,288
Руднянский муниципальный район,288,288
Рыбинский муниципальный район,288,288
Северный муниципальный район,288,288
Смоленский муниципальный район,288,288
Советский муниципальный район,720,720
Сосновский муниципальный округ,288,288
Спасский муниципальный район,576,576
Тамбовский муниципальный округ,144,144
Терский муниципальный район,252,270
Ульяновский муниципальный район,288,288
Федоровский муниципальный район,288,288
Целинный муниципальный район,144,216
внутригородская территория города федерального значения муниципальный округ Северный,288,288
городской округ Артемовский,288,288
городской округ Березовский,288,288
