territory_id,observed_complete_months,reason
64,17,not_complete_all_months_retrospective_panel
85,12,not_complete_all_months_retrospective_panel
86,12,not_complete_all_months_retrospective_panel
87,12,not_complete_all_months_retrospective_panel
88,12,not_complete_all_months_retrospective_panel
89,12,not_complete_all_months_retrospective_panel
90,12,not_complete_all_months_retrospective_panel
91,12,not_complete_all_months_retrospective_panel
92,12,not_complete_all_months_retrospective_panel
93,12,not_complete_all_months_retrospective_panel
94,12,not_complete_all_months_retrospective_panel
95,12,not_complete_all_months_retrospective_panel
96,12,not_complete_all_months_retrospective_panel
97,12,not_complete_all_months_retrospective_panel
98,12,not_complete_all_months_retrospective_panel
99,12,not_complete_all_months_retrospective_panel
100,11,not_complete_all_months_retrospective_panel
101,12,not_complete_all_months_retrospective_panel
102,12,not_complete_all_months_retrospective_panel
103,12,not_complete_all_months_retrospective_panel
104,12,not_complete_all_months_retrospective_panel
105,12,not_complete_all_months_retrospective_panel
106,12,not_complete_all_months_retrospective_panel
107,12,not_complete_all_months_retrospective_panel
108,12,not_complete_all_months_retrospective_panel
109,8,not_complete_all_months_retrospective_panel
111,12,not_complete_all_months_retrospective_panel
113,12,not_complete_all_months_retrospective_panel
114,12,not_complete_all_months_retrospective_panel
116,6,not_complete_all_months_retrospective_panel
121,1,not_complete_all_months_retrospective_panel
140,6,not_complete_all_months_retrospective_panel
142,2,not_complete_all_months_retrospective_panel
143,5,not_complete_all_months_retrospective_panel
145,2,not_complete_all_months_retrospective_panel
158,12,not_complete_all_months_retrospective_panel
160,12,not_complete_all_months_retrospective_panel
172,1,not_complete_all_months_retrospective_panel
174,18,not_complete_all_months_retrospective_panel
176,21,not_complete_all_months_retrospective_panel
177,12,not_complete_all_months_retrospective_panel
178,5,not_complete_all_months_retrospective_panel
179,21,not_complete_all_months_retrospective_panel
183,7,not_complete_all_months_retrospective_panel
186,21,not_complete_all_months_retrospective_panel
187,3,not_complete_all_months_retrospective_panel
189,12,not_complete_all_months_retrospective_panel
190,18,not_complete_all_months_retrospective_panel
192,22,not_complete_all_months_retrospective_panel
193,22,not_complete_all_months_retrospective_panel
197,21,not_complete_all_months_retrospective_panel
200,22,not_complete_all_months_retrospective_panel
202,17,not_complete_all_months_retrospective_panel
286,12,not_complete_all_months_retrospective_panel
291,19,not_complete_all_months_retrospective_panel
299,3,not_complete_all_months_retrospective_panel
310,8,not_complete_all_months_retrospective_panel
311,23,not_complete_all_months_retrospective_panel
313,15,not_complete_all_months_retrospective_panel
315,22,not_complete_all_months_retrospective_panel
322,22,not_complete_all_months_retrospective_panel
328,22,not_complete_all_months_retrospective_panel
344,10,not_complete_all_months_retrospective_panel
350,1,not_complete_all_months_retrospective_panel
353,17,not_complete_all_months_retrospective_panel
389,23,not_complete_all_months_retrospective_panel
394,3,not_complete_all_months_retrospective_panel
406,1,not_complete_all_months_retrospective_panel
409,21,not_complete_all_months_retrospective_panel
415,2,not_complete_all_months_retrospective_panel
417,8,not_complete_all_months_retrospective_panel
426,10,not_complete_all_months_retrospective_panel
439,3,not_complete_all_months_retrospective_panel
461,12,not_complete_all_months_retrospective_panel
462,6,not_complete_all_months_retrospective_panel
466,4,not_complete_all_months_retrospective_panel
469,3,not_complete_all_months_retrospective_panel
474,2,not_complete_all_months_retrospective_panel
483,22,not_complete_all_months_retrospective_panel
500,20,not_complete_all_months_retrospective_panel
514,21,not_complete_all_months_retrospective_panel
526,1,not_complete_all_months_retrospective_panel
573,12,not_complete_all_months_retrospective_panel
576,12,not_complete_all_months_retrospective_panel
577,12,not_complete_all_months_retrospective_panel
590,12,not_complete_all_months_retrospective_panel
597,12,not_complete_all_months_retrospective_panel
611,22,not_complete_all_months_retrospective_panel
620,5,not_complete_all_months_retrospective_panel
681,18,not_complete_all_months_retrospective_panel
688,4,not_complete_all_months_retrospective_panel
700,3,not_complete_all_months_retrospective_panel
709,15,not_complete_all_months_retrospective_panel
724,21,not_complete_all_months_retrospective_panel
850,10,not_complete_all_months_retrospective_panel
858,19,not_complete_all_months_retrospective_panel
862,12,not_complete_all_months_retrospective_panel
863,12,not_complete_all_months_retrospective_panel
864,12,not_complete_all_months_retrospective_panel
865,12,not_complete_all_months_retrospective_panel
866,12,not_complete_all_months_retrospective_panel
867,12,not_complete_all_months_retrospective_panel
868,12,not_complete_all_months_retrospective_panel
887,12,not_complete_all_months_retrospective_panel
910,12,not_complete_all_months_retrospective_panel
921,11,not_complete_all_months_retrospective_panel
997,4,not_complete_all_months_retrospective_panel
1022,4,not_complete_all_months_retrospective_panel
1043,12,not_complete_all_months_retrospective_panel
1162,3,not_complete_all_months_retrospective_panel
1177,3,not_complete_all_months_retrospective_panel
1182,23,not_complete_all_months_retrospective_panel
1183,20,not_complete_all_months_retrospective_panel
1216,23,not_complete_all_months_retrospective_panel
1245,18,not_complete_all_months_retrospective_panel
1247,19,not_complete_all_months_retrospective_panel
1332,23,not_complete_all_months_retrospective_panel
1342,23,not_complete_all_months_retrospective_panel
1354,13,not_complete_all_months_retrospective_panel
1424,10,not_complete_all_months_retrospective_panel
1432,16,not_complete_all_months_retrospective_panel
1433,9,not_complete_all_months_retrospective_panel
1434,22,not_complete_all_months_retrospective_panel
1435,23,not_complete_all_months_retrospective_panel
1436,19,not_complete_all_months_retrospective_panel
1437,22,not_complete_all_months_retrospective_panel
1471,12,not_complete_all_months_retrospective_panel
1487,12,not_complete_all_months_retrospective_panel
1576,9,not_complete_all_months_retrospective_panel
1684,8,not_complete_all_months_retrospective_panel
1695,10,not_complete_all_months_retrospective_panel
1713,19,not_complete_all_months_retrospective_panel
1716,3,not_complete_all_months_retrospective_panel
1720,6,not_complete_all_months_retrospective_panel
1721,12,not_complete_all_months_retrospective_panel
1723,10,not_complete_all_months_retrospective_panel
1729,3,not_complete_all_months_retrospective_panel
1763,20,not_complete_all_months_retrospective_panel
1767,18,not_complete_all_months_retrospective_panel
1772,3,not_complete_all_months_retrospective_panel
1779,7,not_complete_all_months_retrospective_panel
1789,22,not_complete_all_months_retrospective_panel
1847,12,not_complete_all_months_retrospective_panel
1882,12,not_complete_all_months_retrospective_panel
1913,3,not_complete_all_months_retrospective_panel
1964,17,not_complete_all_months_retrospective_panel
2016,16,not_complete_all_months_retrospective_panel
2020,18,not_complete_all_months_retrospective_panel
2026,14,not_complete_all_months_retrospective_panel
2029,16,not_complete_all_months_retrospective_panel
2038,3,not_complete_all_months_retrospective_panel
2083,17,not_complete_all_months_retrospective_panel
2086,16,not_complete_all_months_retrospective_panel
2092,8,not_complete_all_months_retrospective_panel
2099,19,not_complete_all_months_retrospective_panel
2166,14,not_complete_all_months_retrospective_panel
2170,17,not_complete_all_months_retrospective_panel
2209,11,not_complete_all_months_retrospective_panel
2214,4,not_complete_all_months_retrospective_panel
2261,3,not_complete_all_months_retrospective_panel
2263,7,not_complete_all_months_retrospective_panel
2273,21,not_complete_all_months_retrospective_panel
2291,13,not_complete_all_months_retrospective_panel
2346,12,not_complete_all_months_retrospective_panel
2347,12,not_complete_all_months_retrospective_panel
2394,18,not_complete_all_months_retrospective_panel
2397,17,not_complete_all_months_retrospective_panel
2448,1,not_complete_all_months_retrospective_panel
2594,10,not_complete_all_months_retrospective_panel
2603,10,not_complete_all_months_retrospective_panel
3008,12,not_complete_all_months_retrospective_panel
3010,12,not_complete_all_months_retrospective_panel
3014,10,not_complete_all_months_retrospective_panel
3101,10,not_complete_all_months_retrospective_panel
