mo,reason
Абыйский муниципальный район,incomplete_24_month_panel
Агаповский муниципальный район,incomplete_24_month_panel
Адыге-Хабльский муниципальный район,incomplete_24_month_panel
Акшинский муниципальный округ,incomplete_24_month_panel
Алатырский муниципальный округ,incomplete_24_month_panel
Алейский муниципальный район,incomplete_24_month_panel
Александрово-Заводский муниципальный округ,incomplete_24_month_panel
Александровский муниципальный район,ambiguous_name
Алексеевский муниципальный район,ambiguous_name
Аллаиховский муниципальный район,incomplete_24_month_panel
Алтайский муниципальный район,ambiguous_name
Анабарский национальный (долгано-эвенкийский) муниципальный район,incomplete_24_month_panel
Бабаюртовский муниципальный район,incomplete_24_month_panel
Баргузинский муниципальный район,incomplete_24_month_panel
Батецкий муниципальный район,incomplete_24_month_panel
Баунтовский эвенкийский муниципальный район,incomplete_24_month_panel
Белозерский муниципальный округ,ambiguous_name
Березовский муниципальный район,ambiguous_name
Бичурский муниципальный район,incomplete_24_month_panel
Благовещенский муниципальный район,ambiguous_name
Боготольский муниципальный район,incomplete_24_month_panel
Большеигнатовский муниципальный район,incomplete_24_month_panel
Бузулукский муниципальный район,incomplete_24_month_panel
Быстринский муниципальный район,incomplete_24_month_panel
Великолукский муниципальный район,incomplete_24_month_panel
Волжский муниципальный район,ambiguous_name
Воловский муниципальный район,ambiguous_name
Володарский муниципальный район,incomplete_24_month_panel
Вяземский муниципальный район,ambiguous_name
Городищенский муниципальный район,ambiguous_name
Гудермесский муниципальный район,incomplete_24_month_panel
Даниловский муниципальный район,ambiguous_name
Джидинский муниципальный район,incomplete_24_month_panel
Дзержинский муниципальный район,ambiguous_name
Дмитровский муниципальный район,incomplete_24_month_panel
Дубенский муниципальный район,ambiguous_name
Еравнинский муниципальный район,incomplete_24_month_panel
Жиганский муниципальный район,incomplete_24_month_panel
Заиграевский муниципальный район,incomplete_24_month_panel
Закаменский муниципальный район,incomplete_24_month_panel
Заринский муниципальный район,incomplete_24_month_panel
Знаменский муниципальный район,ambiguous_name
Иволгинский муниципальный район,incomplete_24_month_panel
Кабанский муниципальный район,incomplete_24_month_panel
Каменский муниципальный район,ambiguous_name
Камышинский муниципальный район,incomplete_24_month_panel
Канский муниципальный район,incomplete_24_month_panel
Кетовский муниципальный округ,incomplete_24_month_panel
Кетченеровский муниципальный район,incomplete_24_month_panel
Кижингинский муниципальный район,incomplete_24_month_panel
Кировский муниципальный район,ambiguous_name
Кирсановский муниципальный округ,incomplete_24_month_panel
Ковровский муниципальный район,incomplete_24_month_panel
Комсомольский муниципальный район,ambiguous_name
Корсаковский муниципальный район,incomplete_24_month_panel
Кочкуровский муниципальный район,incomplete_24_month_panel
Краснинский муниципальный район,ambiguous_name
Красноармейский муниципальный округ,ambiguous_name
Красноармейский муниципальный район,ambiguous_name
Красногвардейский муниципальный район,ambiguous_name
Красноярский муниципальный район,ambiguous_name
Куйбышевский муниципальный район,ambiguous_name
Кумторкалинский муниципальный район,incomplete_24_month_panel
Куньинский муниципальный район,incomplete_24_month_panel
Курумканский муниципальный район,incomplete_24_month_panel
Куюргазинский муниципальный район,incomplete_24_month_panel
Кяхтинский муниципальный район,incomplete_24_month_panel
Ленинск-Кузнецкий муниципальный округ,incomplete_24_month_panel
Ленинский муниципальный район,ambiguous_name
Ленский муниципальный район,ambiguous_name
Лескенский муниципальный район,incomplete_24_month_panel
Ливенский муниципальный район,incomplete_24_month_panel
Липецкий муниципальный район,incomplete_24_month_panel
Малокарачаевский муниципальный район,incomplete_24_month_panel
Мелекесский муниципальный район,incomplete_24_month_panel
Михайловский муниципальный район,ambiguous_name
Момский муниципальный район,incomplete_24_month_panel
Монгун-Тайгинский муниципальный район,incomplete_24_month_panel
Моршанский муниципальный округ,incomplete_24_month_panel
Муйский муниципальный район,incomplete_24_month_panel
Мухоршибирский муниципальный район,incomplete_24_month_panel
Мценский муниципальный район,incomplete_24_month_panel
Надтеречный муниципальный район,incomplete_24_month_panel
Назаровский муниципальный район,incomplete_24_month_panel
Нерчинско-Заводский муниципальный округ,incomplete_24_month_panel
Николаевский муниципальный район,ambiguous_name
Новокузнецкий муниципальный округ,incomplete_24_month_panel
Новолакский муниципальный район,incomplete_24_month_panel
Новомалыклинский муниципальный район,incomplete_24_month_panel
Ногайский муниципальный район,ambiguous_name
Окинский муниципальный район,incomplete_24_month_panel
Октябрьский муниципальный район,ambiguous_name
Оренбургский муниципальный район,incomplete_24_month_panel
Павловский муниципальный район,ambiguous_name
Палкинский муниципальный район,incomplete_24_month_panel
Пенжинский муниципальный район,incomplete_24_month_panel
Первомайский муниципальный район,ambiguous_name
Перемышльский муниципальный район,incomplete_24_month_panel
Петровский муниципальный округ,ambiguous_name
Пинежский муниципальный округ,incomplete_24_month_panel
Прибайкальский муниципальный район,incomplete_24_month_panel
Приволжский муниципальный район,ambiguous_name
Пригородный муниципальный район,incomplete_24_month_panel
Прикубанский муниципальный район,incomplete_24_month_panel
Приютненский муниципальный район,incomplete_24_month_panel
Прохладненский муниципальный район,incomplete_24_month_panel
Рассказовский муниципальный округ,incomplete_24_month_panel
Романовский муниципальный район,ambiguous_name
Руднянский муниципальный район,ambiguous_name
Рыбинский муниципальный район,ambiguous_name
Рыбно-Слободский муниципальный район,incomplete_24_month_panel
Сасовский муниципальный округ,incomplete_24_month_panel
Северный муниципальный район,ambiguous_name
Северо-Байкальский муниципальный район,incomplete_24_month_panel
Селенгинский муниципальный район,incomplete_24_month_panel
Сергокалинский муниципальный район,incomplete_24_month_panel
Смоленский муниципальный район,ambiguous_name
Советский муниципальный район,ambiguous_name
Сосковский муниципальный район,incomplete_24_month_panel
Сосновский муниципальный округ,ambiguous_name
Спасский муниципальный район,ambiguous_name
Сут-Хольский муниципальный район,incomplete_24_month_panel
Тамбовский муниципальный округ,ambiguous_name
Тарбагатайский муниципальный район,incomplete_24_month_panel
Терский муниципальный район,ambiguous_name
Тобольский муниципальный район,incomplete_24_month_panel
Тугуро-Чумиканский муниципальный район,incomplete_24_month_panel
Тукаевский муниципальный район,incomplete_24_month_panel
Тулунский муниципальный район,incomplete_24_month_panel
Тунгокоченский муниципальный округ,incomplete_24_month_panel
Тункинский муниципальный район,incomplete_24_month_panel
Уваровский муниципальный округ,incomplete_24_month_panel
Ульяновский муниципальный район,ambiguous_name
Урванский муниципальный район,incomplete_24_month_panel
Урус-Мартановский муниципальный район,incomplete_24_month_panel
Усвятский муниципальный район,incomplete_24_month_panel
Федоровский муниципальный район,ambiguous_name
Фроловский муниципальный район,incomplete_24_month_panel
Хоринский муниципальный район,incomplete_24_month_panel
Целинный муниципальный район,ambiguous_name
Цильнинский муниципальный район,incomplete_24_month_panel
Чаа-Хольский муниципальный район,incomplete_24_month_panel
Чегемский муниципальный район,incomplete_24_month_panel
Черноземельский муниципальный район,incomplete_24_month_panel
Шадринский муниципальный округ,incomplete_24_month_panel
Шарыповский муниципальный округ,incomplete_24_month_panel
Шарьинский муниципальный район,incomplete_24_month_panel
Шемышейский муниципальный район,incomplete_24_month_panel
Шумерлинский муниципальный округ,incomplete_24_month_panel
Эвено-Бытантайский национальный муниципальный район,incomplete_24_month_panel
Эльбрусский муниципальный район,incomplete_24_month_panel
Эрзинский муниципальный район,incomplete_24_month_panel
Ялуторовский муниципальный район,incomplete_24_month_panel
Яшалтинский муниципальный район,incomplete_24_month_panel
Яшкульский муниципальный район,incomplete_24_month_panel
внутригородская территория города федерального значения муниципальный округ Северный,ambiguous_name
внутригородская территория города федерального значения поселение Кленовское,incomplete_24_month_panel
внутригородская территория города федерального значения поселение Роговское,incomplete_24_month_panel
внутригородская территория города федерального значения поселок Александровская,incomplete_24_month_panel
внутригородская территория города федерального значения поселок Петро-Славянка,incomplete_24_month_panel
внутригородская территория города федерального значения поселок Усть-Ижора,incomplete_24_month_panel
городской округ Артемовский,ambiguous_name
городской округ Березовский,ambiguous_name
городской округ Верх-Нейвинский,incomplete_24_month_panel
городской округ Верхнее Дуброво,incomplete_24_month_panel
городской округ Горноуральский,incomplete_24_month_panel
городской округ Жатай,incomplete_24_month_panel
городской округ Ладушкинский,incomplete_24_month_panel
городской округ Махнёвское,incomplete_24_month_panel
городской округ Павлово-Посадский,incomplete_24_month_panel
городской округ Павловский Посад,incomplete_24_month_panel
городской округ Певек,incomplete_24_month_panel
городской округ Провиденский,incomplete_24_month_panel
городской округ Саранск,incomplete_24_month_panel
городской округ Северо-Курильский,incomplete_24_month_panel
городской округ Славный,incomplete_24_month_panel
городской округ Староуткинск,incomplete_24_month_panel
городской округ Тольятти,incomplete_24_month_panel
городской округ Химки,incomplete_24_month_panel
городской округ Электрогорск,incomplete_24_month_panel
городской округ Янтарный,incomplete_24_month_panel
городской округ город Аргун,incomplete_24_month_panel
городской округ город Белогорск,incomplete_24_month_panel
городской округ город Буйнакск,incomplete_24_month_panel
городской округ город Грозный,incomplete_24_month_panel
городской округ город Дагестанские Огни,incomplete_24_month_panel
городской округ город Зея,incomplete_24_month_panel
городской округ город Избербаш,incomplete_24_month_panel
городской округ город Кизилюрт,incomplete_24_month_panel
городской округ город Кизляр,incomplete_24_month_panel
городской округ город Магас,incomplete_24_month_panel
городской округ город Махачкала,incomplete_24_month_panel
городской округ город Назрань,incomplete_24_month_panel
городской округ город Райчихинск,incomplete_24_month_panel
городской округ город Сасово,incomplete_24_month_panel
городской округ город Свободный,incomplete_24_month_panel
городской округ город Северобайкальск,incomplete_24_month_panel
городской округ город Тында,incomplete_24_month_panel
городской округ город Чита,incomplete_24_month_panel
городской округ город Шимановск,incomplete_24_month_panel
городской округ город Южно-Сухокумск,incomplete_24_month_panel
городской округ поселок Кедровый,incomplete_24_month_panel
городской округ поселок Михайловский,incomplete_24_month_panel
городской округ рабочий поселок (поселок городского типа) Прогресс,incomplete_24_month_panel
городской округ рабочий поселок Новогуровский,incomplete_24_month_panel
муниципальный округ Багратионовский,incomplete_24_month_panel
муниципальный округ Воткинский район,incomplete_24_month_panel
муниципальный округ Можгинский район,incomplete_24_month_panel
муниципальный округ Омсукчанский,incomplete_24_month_panel
муниципальный округ Северо-Эвенский,incomplete_24_month_panel
муниципальный округ Среднеканский,incomplete_24_month_panel
муниципальный округ Сусуманский,incomplete_24_month_panel
муниципальный округ Тенькинский,incomplete_24_month_panel
муниципальный округ Хасынский,incomplete_24_month_panel
