territory_id,oktmo,municipal_district_name,shipment_municipality_name,tourism_municipality_name,normalised_name
11,84610000000,Кош-Агачский муниципальный район,Кош-Агачский муниципальный район,Кош-Агачский муниципальный район,кош-агачский муниципальный район
12,84615000000,Майминский муниципальный район,Майминский муниципальный район,Майминский муниципальный район,майминский муниципальный район
13,84620000000,Онгудайский муниципальный район,Онгудайский муниципальный район,Онгудайский муниципальный район,онгудайский муниципальный район
14,84625000000,Турочакский муниципальный район,Турочакский муниципальный район,Турочакский муниципальный район,турочакский муниципальный район
15,84630000000,Улаганский муниципальный район,Улаганский муниципальный район,Улаганский муниципальный район,улаганский муниципальный район
16,84635000000,Усть-Канский муниципальный район,Усть-Канский муниципальный район,Усть-Канский муниципальный район,усть-канский муниципальный район
17,84640000000,Усть-Коксинский муниципальный район,Усть-Коксинский муниципальный район,Усть-Коксинский муниципальный район,усть-коксинский муниципальный район
18,84643000000,Чемальский муниципальный район,Чемальский муниципальный район,Чемальский муниципальный район,чемальский муниципальный район
19,84645000000,Чойский муниципальный район,Чойский муниципальный район,Чойский муниципальный район,чойский муниципальный район
20,84650000000,Шебалинский муниципальный район,Шебалинский муниципальный район,Шебалинский муниципальный район,шебалинский муниципальный район
10,84701000000,городской округ город Горно-Алтайск,город Горно-Алтайск,город Горно-Алтайск,город горно-алтайск
