region_code,group,feature,N_group_region,n_observed
1,0,total_rub,1,1
1,0,health_pct,1,1
1,0,marketplaces_pct,1,1
1,0,horeca_pct,1,1
1,0,food_pct,1,1
1,0,transport_pct,1,1
1,0,wage_total,1,1
1,0,population_total,1,1
1,0,market_access,1,1
1,0,agriculture_share,1,1
1,0,manufacturing_share,1,1
1,0,mining_share,1,1
1,0,public_share,1,1
1,1,total_rub,6,6
1,1,health_pct,6,6
1,1,marketplaces_pct,6,6
1,1,horeca_pct,6,6
1,1,food_pct,6,6
1,1,transport_pct,6,6
1,1,wage_total,6,6
1,1,population_total,6,6
1,1,market_access,6,6
1,1,agriculture_share,6,4
1,1,manufacturing_share,6,3
1,1,mining_share,6,1
1,1,public_share,6,6
1,2,total_rub,2,2
1,2,health_pct,2,2
1,2,marketplaces_pct,2,2
1,2,horeca_pct,2,2
1,2,food_pct,2,2
1,2,transport_pct,2,2
1,2,wage_total,2,2
1,2,population_total,2,2
1,2,market_access,2,2
1,2,agriculture_share,2,2
1,2,manufacturing_share,2,2
1,2,mining_share,2,0
1,2,public_share,2,2
1,3,total_rub,0,0
1,3,health_pct,0,0
1,3,marketplaces_pct,0,0
1,3,horeca_pct,0,0
1,3,food_pct,0,0
1,3,transport_pct,0,0
1,3,wage_total,0,0
1,3,population_total,0,0
1,3,market_access,0,0
1,3,agriculture_share,0,0
1,3,manufacturing_share,0,0
1,3,mining_share,0,0
1,3,public_share,0,0
2,0,total_rub,1,1
2,0,health_pct,1,1
2,0,marketplaces_pct,1,1
2,0,horeca_pct,1,1
2,0,food_pct,1,1
2,0,transport_pct,1,1
2,0,wage_total,1,1
2,0,population_total,1,1
2,0,market_access,1,1
2,0,agriculture_share,1,1
2,0,manufacturing_share,1,1
2,0,mining_share,1,1
2,0,public_share,1,1
2,1,total_rub,53,53
2,1,health_pct,53,53
2,1,marketplaces_pct,53,53
2,1,horeca_pct,53,53
2,1,food_pct,53,53
2,1,transport_pct,53,53
2,1,wage_total,53,53
2,1,population_total,53,53
2,1,market_access,53,53
2,1,agriculture_share,53,38
2,1,manufacturing_share,53,34
2,1,mining_share,53,16
2,1,public_share,53,53
2,2,total_rub,7,7
2,2,health_pct,7,7
2,2,marketplaces_pct,7,7
2,2,horeca_pct,7,7
2,2,food_pct,7,7
2,2,transport_pct,7,7
2,2,wage_total,7,7
2,2,population_total,7,7
2,2,market_access,7,7
2,2,agriculture_share,7,5
2,2,manufacturing_share,7,1
2,2,mining_share,7,2
2,2,public_share,7,7
2,3,total_rub,0,0
2,3,health_pct,0,0
2,3,marketplaces_pct,0,0
2,3,horeca_pct,0,0
2,3,food_pct,0,0
2,3,transport_pct,0,0
2,3,wage_total,0,0
2,3,population_total,0,0
2,3,market_access,0,0
2,3,agriculture_share,0,0
2,3,manufacturing_share,0,0
2,3,mining_share,0,0
2,3,public_share,0,0
4,0,total_rub,0,0
4,0,health_pct,0,0
4,0,marketplaces_pct,0,0
4,0,horeca_pct,0,0
4,0,food_pct,0,0
4,0,transport_pct,0,0
4,0,wage_total,0,0
4,0,population_total,0,0
4,0,market_access,0,0
4,0,agriculture_share,0,0
4,0,manufacturing_share,0,0
4,0,mining_share,0,0
4,0,public_share,0,0
4,1,total_rub,10,10
4,1,health_pct,10,10
4,1,marketplaces_pct,10,10
4,1,horeca_pct,10,10
4,1,food_pct,10,10
4,1,transport_pct,10,10
4,1,wage_total,10,10
4,1,population_total,10,10
4,1,market_access,10,10
4,1,agriculture_share,10,3
4,1,manufacturing_share,10,3
4,1,mining_share,10,0
4,1,public_share,10,10
4,2,total_rub,1,1
4,2,health_pct,1,1
4,2,marketplaces_pct,1,1
4,2,horeca_pct,1,1
4,2,food_pct,1,1
4,2,transport_pct,1,1
4,2,wage_total,1,1
4,2,population_total,1,1
4,2,market_access,1,1
4,2,agriculture_share,1,0
4,2,manufacturing_share,1,0
4,2,mining_share,1,0
4,2,public_share,1,0
4,3,total_rub,0,0
4,3,health_pct,0,0
4,3,marketplaces_pct,0,0
4,3,horeca_pct,0,0
4,3,food_pct,0,0
4,3,transport_pct,0,0
4,3,wage_total,0,0
4,3,population_total,0,0
4,3,market_access,0,0
4,3,agriculture_share,0,0
4,3,manufacturing_share,0,0
4,3,mining_share,0,0
4,3,public_share,0,0
7,0,total_rub,2,2
7,0,health_pct,2,2
7,0,marketplaces_pct,2,2
7,0,horeca_pct,2,2
7,0,food_pct,2,2
7,0,transport_pct,2,2
7,0,wage_total,2,2
7,0,population_total,2,2
7,0,market_access,2,2
7,0,agriculture_share,2,1
7,0,manufacturing_share,2,1
7,0,mining_share,2,0
7,0,public_share,2,2
7,1,total_rub,1,1
7,1,health_pct,1,1
7,1,marketplaces_pct,1,1
7,1,horeca_pct,1,1
7,1,food_pct,1,1
7,1,transport_pct,1,1
7,1,wage_total,1,1
7,1,population_total,1,1
7,1,market_access,1,1
7,1,agriculture_share,1,0
7,1,manufacturing_share,1,1
7,1,mining_share,1,0
7,1,public_share,1,1
7,2,total_rub,1,1
7,2,health_pct,1,1
7,2,marketplaces_pct,1,1
7,2,horeca_pct,1,1
7,2,food_pct,1,1
7,2,transport_pct,1,1
7,2,wage_total,1,1
7,2,population_total,1,1
7,2,market_access,1,1
7,2,agriculture_share,1,1
7,2,manufacturing_share,1,1
7,2,mining_share,1,0
7,2,public_share,1,1
7,3,total_rub,0,0
7,3,health_pct,0,0
7,3,marketplaces_pct,0,0
7,3,horeca_pct,0,0
7,3,food_pct,0,0
7,3,transport_pct,0,0
7,3,wage_total,0,0
7,3,population_total,0,0
7,3,market_access,0,0
7,3,agriculture_share,0,0
7,3,manufacturing_share,0,0
7,3,mining_share,0,0
7,3,public_share,0,0
8,0,total_rub,0,0
8,0,health_pct,0,0
8,0,marketplaces_pct,0,0
8,0,horeca_pct,0,0
8,0,food_pct,0,0
8,0,transport_pct,0,0
8,0,wage_total,0,0
8,0,population_total,0,0
8,0,market_access,0,0
8,0,agriculture_share,0,0
8,0,manufacturing_share,0,0
8,0,mining_share,0,0
8,0,public_share,0,0
8,1,total_rub,2,2
8,1,health_pct,2,2
8,1,marketplaces_pct,2,2
8,1,horeca_pct,2,2
8,1,food_pct,2,2
8,1,transport_pct,2,2
8,1,wage_total,2,2
8,1,population_total,2,2
8,1,market_access,2,2
8,1,agriculture_share,2,0
8,1,manufacturing_share,2,0
8,1,mining_share,2,0
8,1,public_share,2,2
8,2,total_rub,3,3
8,2,health_pct,3,3
8,2,marketplaces_pct,3,3
8,2,horeca_pct,3,3
8,2,food_pct,3,3
8,2,transport_pct,3,3
8,2,wage_total,3,3
8,2,population_total,3,3
8,2,market_access,3,3
8,2,agriculture_share,3,0
8,2,manufacturing_share,3,0
8,2,mining_share,3,0
8,2,public_share,3,3
8,3,total_rub,0,0
8,3,health_pct,0,0
8,3,marketplaces_pct,0,0
8,3,horeca_pct,0,0
8,3,food_pct,0,0
8,3,transport_pct,0,0
8,3,wage_total,0,0
8,3,population_total,0,0
8,3,market_access,0,0
8,3,agriculture_share,0,0
8,3,manufacturing_share,0,0
8,3,mining_share,0,0
8,3,public_share,0,0
9,0,total_rub,3,3
9,0,health_pct,3,3
9,0,marketplaces_pct,3,3
9,0,horeca_pct,3,3
9,0,food_pct,3,3
9,0,transport_pct,3,3
9,0,wage_total,3,3
9,0,population_total,3,3
9,0,market_access,3,3
9,0,agriculture_share,3,1
9,0,manufacturing_share,3,1
9,0,mining_share,3,0
9,0,public_share,3,2
9,1,total_rub,4,4
9,1,health_pct,4,4
9,1,marketplaces_pct,4,4
9,1,horeca_pct,4,4
9,1,food_pct,4,4
9,1,transport_pct,4,4
9,1,wage_total,4,4
9,1,population_total,4,4
9,1,market_access,4,4
9,1,agriculture_share,4,1
9,1,manufacturing_share,4,1
9,1,mining_share,4,0
9,1,public_share,4,3
9,2,total_rub,1,1
9,2,health_pct,1,1
9,2,marketplaces_pct,1,1
9,2,horeca_pct,1,1
9,2,food_pct,1,1
9,2,transport_pct,1,1
9,2,wage_total,1,1
9,2,population_total,1,1
9,2,market_access,1,1
9,2,agriculture_share,1,0
9,2,manufacturing_share,1,0
9,2,mining_share,1,0
9,2,public_share,1,0
9,3,total_rub,0,0
9,3,health_pct,0,0
9,3,marketplaces_pct,0,0
9,3,horeca_pct,0,0
9,3,food_pct,0,0
9,3,transport_pct,0,0
9,3,wage_total,0,0
9,3,population_total,0,0
9,3,market_access,0,0
9,3,agriculture_share,0,0
9,3,manufacturing_share,0,0
9,3,mining_share,0,0
9,3,public_share,0,0
10,0,total_rub,0,0
10,0,health_pct,0,0
10,0,marketplaces_pct,0,0
10,0,horeca_pct,0,0
10,0,food_pct,0,0
10,0,transport_pct,0,0
10,0,wage_total,0,0
10,0,population_total,0,0
10,0,market_access,0,0
10,0,agriculture_share,0,0
10,0,manufacturing_share,0,0
10,0,mining_share,0,0
10,0,public_share,0,0
10,1,total_rub,7,7
10,1,health_pct,7,7
10,1,marketplaces_pct,7,7
10,1,horeca_pct,7,7
10,1,food_pct,7,7
10,1,transport_pct,7,7
10,1,wage_total,7,7
10,1,population_total,7,7
10,1,market_access,7,7
10,1,agriculture_share,7,7
10,1,manufacturing_share,7,4
10,1,mining_share,7,3
10,1,public_share,7,7
10,2,total_rub,11,11
10,2,health_pct,11,11
10,2,marketplaces_pct,11,11
10,2,horeca_pct,11,11
10,2,food_pct,11,11
10,2,transport_pct,11,11
10,2,wage_total,11,11
10,2,population_total,11,11
10,2,market_access,11,11
10,2,agriculture_share,11,10
10,2,manufacturing_share,11,3
10,2,mining_share,11,1
10,2,public_share,11,11
10,3,total_rub,0,0
10,3,health_pct,0,0
10,3,marketplaces_pct,0,0
10,3,horeca_pct,0,0
10,3,food_pct,0,0
10,3,transport_pct,0,0
10,3,wage_total,0,0
10,3,population_total,0,0
10,3,market_access,0,0
10,3,agriculture_share,0,0
10,3,manufacturing_share,0,0
10,3,mining_share,0,0
10,3,public_share,0,0
11,0,total_rub,0,0
11,0,health_pct,0,0
11,0,marketplaces_pct,0,0
11,0,horeca_pct,0,0
11,0,food_pct,0,0
11,0,transport_pct,0,0
11,0,wage_total,0,0
11,0,population_total,0,0
11,0,market_access,0,0
11,0,agriculture_share,0,0
11,0,manufacturing_share,0,0
11,0,mining_share,0,0
11,0,public_share,0,0
11,1,total_rub,5,5
11,1,health_pct,5,5
11,1,marketplaces_pct,5,5
11,1,horeca_pct,5,5
11,1,food_pct,5,5
11,1,transport_pct,5,5
11,1,wage_total,5,5
11,1,population_total,5,5
11,1,market_access,5,5
11,1,agriculture_share,5,4
11,1,manufacturing_share,5,4
11,1,mining_share,5,3
11,1,public_share,5,5
11,2,total_rub,14,14
11,2,health_pct,14,14
11,2,marketplaces_pct,14,14
11,2,horeca_pct,14,14
11,2,food_pct,14,14
11,2,transport_pct,14,14
11,2,wage_total,14,14
11,2,population_total,14,14
11,2,market_access,14,14
11,2,agriculture_share,14,10
11,2,manufacturing_share,14,4
11,2,mining_share,14,2
11,2,public_share,14,14
11,3,total_rub,1,1
11,3,health_pct,1,1
11,3,marketplaces_pct,1,1
11,3,horeca_pct,1,1
11,3,food_pct,1,1
11,3,transport_pct,1,1
11,3,wage_total,1,1
11,3,population_total,1,1
11,3,market_access,1,1
11,3,agriculture_share,1,0
11,3,manufacturing_share,1,1
11,3,mining_share,1,0
11,3,public_share,1,1
12,0,total_rub,0,0
12,0,health_pct,0,0
12,0,marketplaces_pct,0,0
12,0,horeca_pct,0,0
12,0,food_pct,0,0
12,0,transport_pct,0,0
12,0,wage_total,0,0
12,0,population_total,0,0
12,0,market_access,0,0
12,0,agriculture_share,0,0
12,0,manufacturing_share,0,0
12,0,mining_share,0,0
12,0,public_share,0,0
12,1,total_rub,4,4
12,1,health_pct,4,4
12,1,marketplaces_pct,4,4
12,1,horeca_pct,4,4
12,1,food_pct,4,4
12,1,transport_pct,4,4
12,1,wage_total,4,4
12,1,population_total,4,4
12,1,market_access,4,4
12,1,agriculture_share,4,2
12,1,manufacturing_share,4,3
12,1,mining_share,4,0
12,1,public_share,4,3
12,2,total_rub,13,13
12,2,health_pct,13,13
12,2,marketplaces_pct,13,13
12,2,horeca_pct,13,13
12,2,food_pct,13,13
12,2,transport_pct,13,13
12,2,wage_total,13,13
12,2,population_total,13,13
12,2,market_access,13,13
12,2,agriculture_share,13,10
12,2,manufacturing_share,13,8
12,2,mining_share,13,0
12,2,public_share,13,13
12,3,total_rub,0,0
12,3,health_pct,0,0
12,3,marketplaces_pct,0,0
12,3,horeca_pct,0,0
12,3,food_pct,0,0
12,3,transport_pct,0,0
12,3,wage_total,0,0
12,3,population_total,0,0
12,3,market_access,0,0
12,3,agriculture_share,0,0
12,3,manufacturing_share,0,0
12,3,mining_share,0,0
12,3,public_share,0,0
13,0,total_rub,0,0
13,0,health_pct,0,0
13,0,marketplaces_pct,0,0
13,0,horeca_pct,0,0
13,0,food_pct,0,0
13,0,transport_pct,0,0
13,0,wage_total,0,0
13,0,population_total,0,0
13,0,market_access,0,0
13,0,agriculture_share,0,0
13,0,manufacturing_share,0,0
13,0,mining_share,0,0
13,0,public_share,0,0
13,1,total_rub,1,1
13,1,health_pct,1,1
13,1,marketplaces_pct,1,1
13,1,horeca_pct,1,1
13,1,food_pct,1,1
13,1,transport_pct,1,1
13,1,wage_total,1,1
13,1,population_total,1,1
13,1,market_access,1,1
13,1,agriculture_share,1,1
13,1,manufacturing_share,1,1
13,1,mining_share,1,0
13,1,public_share,1,1
13,2,total_rub,19,19
13,2,health_pct,19,19
13,2,marketplaces_pct,19,19
13,2,horeca_pct,19,19
13,2,food_pct,19,19
13,2,transport_pct,19,19
13,2,wage_total,19,19
13,2,population_total,19,19
13,2,market_access,19,19
13,2,agriculture_share,19,12
13,2,manufacturing_share,19,7
13,2,mining_share,19,0
13,2,public_share,19,16
13,3,total_rub,0,0
13,3,health_pct,0,0
13,3,marketplaces_pct,0,0
13,3,horeca_pct,0,0
13,3,food_pct,0,0
13,3,transport_pct,0,0
13,3,wage_total,0,0
13,3,population_total,0,0
13,3,market_access,0,0
13,3,agriculture_share,0,0
13,3,manufacturing_share,0,0
13,3,mining_share,0,0
13,3,public_share,0,0
14,0,total_rub,0,0
14,0,health_pct,0,0
14,0,marketplaces_pct,0,0
14,0,horeca_pct,0,0
14,0,food_pct,0,0
14,0,transport_pct,0,0
14,0,wage_total,0,0
14,0,population_total,0,0
14,0,market_access,0,0
14,0,agriculture_share,0,0
14,0,manufacturing_share,0,0
14,0,mining_share,0,0
14,0,public_share,0,0
14,1,total_rub,2,2
14,1,health_pct,2,2
14,1,marketplaces_pct,2,2
14,1,horeca_pct,2,2
14,1,food_pct,2,2
14,1,transport_pct,2,2
14,1,wage_total,2,2
14,1,population_total,2,2
14,1,market_access,2,2
14,1,agriculture_share,2,2
14,1,manufacturing_share,2,2
14,1,mining_share,2,2
14,1,public_share,2,2
14,2,total_rub,0,0
14,2,health_pct,0,0
14,2,marketplaces_pct,0,0
14,2,horeca_pct,0,0
14,2,food_pct,0,0
14,2,transport_pct,0,0
14,2,wage_total,0,0
14,2,population_total,0,0
14,2,market_access,0,0
14,2,agriculture_share,0,0
14,2,manufacturing_share,0,0
14,2,mining_share,0,0
14,2,public_share,0,0
14,3,total_rub,27,27
14,3,health_pct,27,27
14,3,marketplaces_pct,27,27
14,3,horeca_pct,27,27
14,3,food_pct,27,27
14,3,transport_pct,27,27
14,3,wage_total,27,27
14,3,population_total,27,27
14,3,market_access,27,25
14,3,agriculture_share,27,22
14,3,manufacturing_share,27,5
14,3,mining_share,27,10
14,3,public_share,27,27
15,0,total_rub,5,5
15,0,health_pct,5,5
15,0,marketplaces_pct,5,5
15,0,horeca_pct,5,5
15,0,food_pct,5,5
15,0,transport_pct,5,5
15,0,wage_total,5,5
15,0,population_total,5,5
15,0,market_access,5,5
15,0,agriculture_share,5,1
15,0,manufacturing_share,5,2
15,0,mining_share,5,0
15,0,public_share,5,5
15,1,total_rub,2,2
15,1,health_pct,2,2
15,1,marketplaces_pct,2,2
15,1,horeca_pct,2,2
15,1,food_pct,2,2
15,1,transport_pct,2,2
15,1,wage_total,2,2
15,1,population_total,2,2
15,1,market_access,2,2
15,1,agriculture_share,2,0
15,1,manufacturing_share,2,1
15,1,mining_share,2,0
15,1,public_share,2,2
15,2,total_rub,0,0
15,2,health_pct,0,0
15,2,marketplaces_pct,0,0
15,2,horeca_pct,0,0
15,2,food_pct,0,0
15,2,transport_pct,0,0
15,2,wage_total,0,0
15,2,population_total,0,0
15,2,market_access,0,0
15,2,agriculture_share,0,0
15,2,manufacturing_share,0,0
15,2,mining_share,0,0
15,2,public_share,0,0
15,3,total_rub,0,0
15,3,health_pct,0,0
15,3,marketplaces_pct,0,0
15,3,horeca_pct,0,0
15,3,food_pct,0,0
15,3,transport_pct,0,0
15,3,wage_total,0,0
15,3,population_total,0,0
15,3,market_access,0,0
15,3,agriculture_share,0,0
15,3,manufacturing_share,0,0
15,3,mining_share,0,0
15,3,public_share,0,0
16,0,total_rub,2,2
16,0,health_pct,2,2
16,0,marketplaces_pct,2,2
16,0,horeca_pct,2,2
16,0,food_pct,2,2
16,0,transport_pct,2,2
16,0,wage_total,2,2
16,0,population_total,2,2
16,0,market_access,2,2
16,0,agriculture_share,2,2
16,0,manufacturing_share,2,2
16,0,mining_share,2,2
16,0,public_share,2,2
16,1,total_rub,32,32
16,1,health_pct,32,32
16,1,marketplaces_pct,32,32
16,1,horeca_pct,32,32
16,1,food_pct,32,32
16,1,transport_pct,32,32
16,1,wage_total,32,32
16,1,population_total,32,32
16,1,market_access,32,32
16,1,agriculture_share,32,31
16,1,manufacturing_share,32,21
16,1,mining_share,32,14
16,1,public_share,32,32
16,2,total_rub,9,9
16,2,health_pct,9,9
16,2,marketplaces_pct,9,9
16,2,horeca_pct,9,9
16,2,food_pct,9,9
16,2,transport_pct,9,9
16,2,wage_total,9,9
16,2,population_total,9,9
16,2,market_access,9,9
16,2,agriculture_share,9,8
16,2,manufacturing_share,9,3
16,2,mining_share,9,3
16,2,public_share,9,9
16,3,total_rub,0,0
16,3,health_pct,0,0
16,3,marketplaces_pct,0,0
16,3,horeca_pct,0,0
16,3,food_pct,0,0
16,3,transport_pct,0,0
16,3,wage_total,0,0
16,3,population_total,0,0
16,3,market_access,0,0
16,3,agriculture_share,0,0
16,3,manufacturing_share,0,0
16,3,mining_share,0,0
16,3,public_share,0,0
17,0,total_rub,0,0
17,0,health_pct,0,0
17,0,marketplaces_pct,0,0
17,0,horeca_pct,0,0
17,0,food_pct,0,0
17,0,transport_pct,0,0
17,0,wage_total,0,0
17,0,population_total,0,0
17,0,market_access,0,0
17,0,agriculture_share,0,0
17,0,manufacturing_share,0,0
17,0,mining_share,0,0
17,0,public_share,0,0
17,1,total_rub,9,9
17,1,health_pct,9,9
17,1,marketplaces_pct,9,9
17,1,horeca_pct,9,9
17,1,food_pct,9,9
17,1,transport_pct,9,9
17,1,wage_total,9,9
17,1,population_total,9,9
17,1,market_access,9,9
17,1,agriculture_share,9,5
17,1,manufacturing_share,9,0
17,1,mining_share,9,0
17,1,public_share,9,7
17,2,total_rub,1,1
17,2,health_pct,1,1
17,2,marketplaces_pct,1,1
17,2,horeca_pct,1,1
17,2,food_pct,1,1
17,2,transport_pct,1,1
17,2,wage_total,1,1
17,2,population_total,1,1
17,2,market_access,1,1
17,2,agriculture_share,1,1
17,2,manufacturing_share,1,1
17,2,mining_share,1,0
17,2,public_share,1,0
17,3,total_rub,0,0
17,3,health_pct,0,0
17,3,marketplaces_pct,0,0
17,3,horeca_pct,0,0
17,3,food_pct,0,0
17,3,transport_pct,0,0
17,3,wage_total,0,0
17,3,population_total,0,0
17,3,market_access,0,0
17,3,agriculture_share,0,0
17,3,manufacturing_share,0,0
17,3,mining_share,0,0
17,3,public_share,0,0
18,0,total_rub,1,1
18,0,health_pct,1,1
18,0,marketplaces_pct,1,1
18,0,horeca_pct,1,1
18,0,food_pct,1,1
18,0,transport_pct,1,1
18,0,wage_total,1,1
18,0,population_total,1,1
18,0,market_access,1,1
18,0,agriculture_share,1,1
18,0,manufacturing_share,1,1
18,0,mining_share,1,1
18,0,public_share,1,1
18,1,total_rub,9,9
18,1,health_pct,9,9
18,1,marketplaces_pct,9,9
18,1,horeca_pct,9,9
18,1,food_pct,9,9
18,1,transport_pct,9,9
18,1,wage_total,9,9
18,1,population_total,9,9
18,1,market_access,9,9
18,1,agriculture_share,9,9
18,1,manufacturing_share,9,9
18,1,mining_share,9,4
18,1,public_share,9,9
18,2,total_rub,17,17
18,2,health_pct,17,17
18,2,marketplaces_pct,17,17
18,2,horeca_pct,17,17
18,2,food_pct,17,17
18,2,transport_pct,17,17
18,2,wage_total,17,17
18,2,population_total,17,17
18,2,market_access,17,17
18,2,agriculture_share,17,15
18,2,manufacturing_share,17,8
18,2,mining_share,17,7
18,2,public_share,17,16
18,3,total_rub,0,0
18,3,health_pct,0,0
18,3,marketplaces_pct,0,0
18,3,horeca_pct,0,0
18,3,food_pct,0,0
18,3,transport_pct,0,0
18,3,wage_total,0,0
18,3,population_total,0,0
18,3,market_access,0,0
18,3,agriculture_share,0,0
18,3,manufacturing_share,0,0
18,3,mining_share,0,0
18,3,public_share,0,0
19,0,total_rub,0,0
19,0,health_pct,0,0
19,0,marketplaces_pct,0,0
19,0,horeca_pct,0,0
19,0,food_pct,0,0
19,0,transport_pct,0,0
19,0,wage_total,0,0
19,0,population_total,0,0
19,0,market_access,0,0
19,0,agriculture_share,0,0
19,0,manufacturing_share,0,0
19,0,mining_share,0,0
19,0,public_share,0,0
19,1,total_rub,8,8
19,1,health_pct,8,8
19,1,marketplaces_pct,8,8
19,1,horeca_pct,8,8
19,1,food_pct,8,8
19,1,transport_pct,8,8
19,1,wage_total,8,8
19,1,population_total,8,8
19,1,market_access,8,8
19,1,agriculture_share,8,2
19,1,manufacturing_share,8,5
19,1,mining_share,8,6
19,1,public_share,8,6
19,2,total_rub,4,4
19,2,health_pct,4,4
19,2,marketplaces_pct,4,4
19,2,horeca_pct,4,4
19,2,food_pct,4,4
19,2,transport_pct,4,4
19,2,wage_total,4,4
19,2,population_total,4,4
19,2,market_access,4,4
19,2,agriculture_share,4,0
19,2,manufacturing_share,4,0
19,2,mining_share,4,1
19,2,public_share,4,3
19,3,total_rub,0,0
19,3,health_pct,0,0
19,3,marketplaces_pct,0,0
19,3,horeca_pct,0,0
19,3,food_pct,0,0
19,3,transport_pct,0,0
19,3,wage_total,0,0
19,3,population_total,0,0
19,3,market_access,0,0
19,3,agriculture_share,0,0
19,3,manufacturing_share,0,0
19,3,mining_share,0,0
19,3,public_share,0,0
21,0,total_rub,1,1
21,0,health_pct,1,1
21,0,marketplaces_pct,1,1
21,0,horeca_pct,1,1
21,0,food_pct,1,1
21,0,transport_pct,1,1
21,0,wage_total,1,1
21,0,population_total,1,1
21,0,market_access,1,1
21,0,agriculture_share,1,1
21,0,manufacturing_share,1,1
21,0,mining_share,1,0
21,0,public_share,1,1
21,1,total_rub,13,13
21,1,health_pct,13,13
21,1,marketplaces_pct,13,13
21,1,horeca_pct,13,13
21,1,food_pct,13,13
21,1,transport_pct,13,13
21,1,wage_total,13,13
21,1,population_total,13,13
21,1,market_access,13,13
21,1,agriculture_share,13,8
21,1,manufacturing_share,13,5
21,1,mining_share,13,0
21,1,public_share,13,12
21,2,total_rub,9,9
21,2,health_pct,9,9
21,2,marketplaces_pct,9,9
21,2,horeca_pct,9,9
21,2,food_pct,9,9
21,2,transport_pct,9,9
21,2,wage_total,9,9
21,2,population_total,9,9
21,2,market_access,9,9
21,2,agriculture_share,9,2
21,2,manufacturing_share,9,6
21,2,mining_share,9,0
21,2,public_share,9,8
21,3,total_rub,0,0
21,3,health_pct,0,0
21,3,marketplaces_pct,0,0
21,3,horeca_pct,0,0
21,3,food_pct,0,0
21,3,transport_pct,0,0
21,3,wage_total,0,0
21,3,population_total,0,0
21,3,market_access,0,0
21,3,agriculture_share,0,0
21,3,manufacturing_share,0,0
21,3,mining_share,0,0
21,3,public_share,0,0
22,0,total_rub,1,1
22,0,health_pct,1,1
22,0,marketplaces_pct,1,1
22,0,horeca_pct,1,1
22,0,food_pct,1,1
22,0,transport_pct,1,1
22,0,wage_total,1,1
22,0,population_total,1,1
22,0,market_access,1,1
22,0,agriculture_share,1,1
22,0,manufacturing_share,1,1
22,0,mining_share,1,0
22,0,public_share,1,1
22,1,total_rub,11,11
22,1,health_pct,11,11
22,1,marketplaces_pct,11,11
22,1,horeca_pct,11,11
22,1,food_pct,11,11
22,1,transport_pct,11,11
22,1,wage_total,11,11
22,1,population_total,11,11
22,1,market_access,11,11
22,1,agriculture_share,11,7
22,1,manufacturing_share,11,10
22,1,mining_share,11,0
22,1,public_share,11,11
22,2,total_rub,52,52
22,2,health_pct,52,52
22,2,marketplaces_pct,52,52
22,2,horeca_pct,52,52
22,2,food_pct,52,52
22,2,transport_pct,52,52
22,2,wage_total,52,52
22,2,population_total,52,52
22,2,market_access,52,52
22,2,agriculture_share,52,42
22,2,manufacturing_share,52,29
22,2,mining_share,52,0
22,2,public_share,52,34
22,3,total_rub,1,1
22,3,health_pct,1,1
22,3,marketplaces_pct,1,1
22,3,horeca_pct,1,1
22,3,food_pct,1,1
22,3,transport_pct,1,1
22,3,wage_total,1,1
22,3,population_total,1,1
22,3,market_access,1,1
22,3,agriculture_share,1,1
22,3,manufacturing_share,1,0
22,3,mining_share,1,0
22,3,public_share,1,0
24,0,total_rub,1,1
24,0,health_pct,1,1
24,0,marketplaces_pct,1,1
24,0,horeca_pct,1,1
24,0,food_pct,1,1
24,0,transport_pct,1,1
24,0,wage_total,1,1
24,0,population_total,1,1
24,0,market_access,1,1
24,0,agriculture_share,1,1
24,0,manufacturing_share,1,1
24,0,mining_share,1,1
24,0,public_share,1,1
24,1,total_rub,15,15
24,1,health_pct,15,15
24,1,marketplaces_pct,15,15
24,1,horeca_pct,15,15
24,1,food_pct,15,15
24,1,transport_pct,15,15
24,1,wage_total,15,15
24,1,population_total,15,15
24,1,market_access,15,15
24,1,agriculture_share,15,8
24,1,manufacturing_share,15,14
24,1,mining_share,15,3
24,1,public_share,15,15
24,2,total_rub,30,30
24,2,health_pct,30,30
24,2,marketplaces_pct,30,30
24,2,horeca_pct,30,30
24,2,food_pct,30,30
24,2,transport_pct,30,30
24,2,wage_total,30,30
24,2,population_total,30,30
24,2,market_access,30,30
24,2,agriculture_share,30,16
24,2,manufacturing_share,30,6
24,2,mining_share,30,1
24,2,public_share,30,26
24,3,total_rub,5,5
24,3,health_pct,5,5
24,3,marketplaces_pct,5,5
24,3,horeca_pct,5,5
24,3,food_pct,5,5
24,3,transport_pct,5,5
24,3,wage_total,5,5
24,3,population_total,5,5
24,3,market_access,5,1
24,3,agriculture_share,5,4
24,3,manufacturing_share,5,5
24,3,mining_share,5,5
24,3,public_share,5,5
25,0,total_rub,4,4
25,0,health_pct,4,4
25,0,marketplaces_pct,4,4
25,0,horeca_pct,4,4
25,0,food_pct,4,4
25,0,transport_pct,4,4
25,0,wage_total,4,4
25,0,population_total,4,4
25,0,market_access,4,4
25,0,agriculture_share,4,4
25,0,manufacturing_share,4,4
25,0,mining_share,4,1
25,0,public_share,4,4
25,1,total_rub,13,13
25,1,health_pct,13,13
25,1,marketplaces_pct,13,13
25,1,horeca_pct,13,13
25,1,food_pct,13,13
25,1,transport_pct,13,13
25,1,wage_total,13,13
25,1,population_total,13,13
25,1,market_access,13,13
25,1,agriculture_share,13,3
25,1,manufacturing_share,13,10
25,1,mining_share,13,0
25,1,public_share,13,12
25,2,total_rub,4,4
25,2,health_pct,4,4
25,2,marketplaces_pct,4,4
25,2,horeca_pct,4,4
25,2,food_pct,4,4
25,2,transport_pct,4,4
25,2,wage_total,4,4
25,2,population_total,4,4
25,2,market_access,4,4
25,2,agriculture_share,4,3
25,2,manufacturing_share,4,2
25,2,mining_share,4,1
25,2,public_share,4,4
25,3,total_rub,12,12
25,3,health_pct,12,12
25,3,marketplaces_pct,12,12
25,3,horeca_pct,12,12
25,3,food_pct,12,12
25,3,transport_pct,12,12
25,3,wage_total,12,12
25,3,population_total,12,12
25,3,market_access,12,12
25,3,agriculture_share,12,7
25,3,manufacturing_share,12,5
25,3,mining_share,12,2
25,3,public_share,12,9
26,0,total_rub,5,5
26,0,health_pct,5,5
26,0,marketplaces_pct,5,5
26,0,horeca_pct,5,5
26,0,food_pct,5,5
26,0,transport_pct,5,5
26,0,wage_total,5,5
26,0,population_total,5,5
26,0,market_access,5,5
26,0,agriculture_share,5,3
26,0,manufacturing_share,5,4
26,0,mining_share,5,1
26,0,public_share,5,5
26,1,total_rub,9,9
26,1,health_pct,9,9
26,1,marketplaces_pct,9,9
26,1,horeca_pct,9,9
26,1,food_pct,9,9
26,1,transport_pct,9,9
26,1,wage_total,9,8
26,1,population_total,9,8
26,1,market_access,9,9
26,1,agriculture_share,9,6
26,1,manufacturing_share,9,7
26,1,mining_share,9,1
26,1,public_share,9,8
26,2,total_rub,19,19
26,2,health_pct,19,19
26,2,marketplaces_pct,19,19
26,2,horeca_pct,19,19
26,2,food_pct,19,19
26,2,transport_pct,19,19
26,2,wage_total,19,19
26,2,population_total,19,19
26,2,market_access,19,19
26,2,agriculture_share,19,19
26,2,manufacturing_share,19,11
26,2,mining_share,19,1
26,2,public_share,19,18
26,3,total_rub,0,0
26,3,health_pct,0,0
26,3,marketplaces_pct,0,0
26,3,horeca_pct,0,0
26,3,food_pct,0,0
26,3,transport_pct,0,0
26,3,wage_total,0,0
26,3,population_total,0,0
26,3,market_access,0,0
26,3,agriculture_share,0,0
26,3,manufacturing_share,0,0
26,3,mining_share,0,0
26,3,public_share,0,0
27,0,total_rub,1,1
27,0,health_pct,1,1
27,0,marketplaces_pct,1,1
27,0,horeca_pct,1,1
27,0,food_pct,1,1
27,0,transport_pct,1,1
27,0,wage_total,1,1
27,0,population_total,1,1
27,0,market_access,1,1
27,0,agriculture_share,1,1
27,0,manufacturing_share,1,1
27,0,mining_share,1,1
27,0,public_share,1,1
27,1,total_rub,0,0
27,1,health_pct,0,0
27,1,marketplaces_pct,0,0
27,1,horeca_pct,0,0
27,1,food_pct,0,0
27,1,transport_pct,0,0
27,1,wage_total,0,0
27,1,population_total,0,0
27,1,market_access,0,0
27,1,agriculture_share,0,0
27,1,manufacturing_share,0,0
27,1,mining_share,0,0
27,1,public_share,0,0
27,2,total_rub,1,1
27,2,health_pct,1,1
27,2,marketplaces_pct,1,1
27,2,horeca_pct,1,1
27,2,food_pct,1,1
27,2,transport_pct,1,1
27,2,wage_total,1,1
27,2,population_total,1,1
27,2,market_access,1,1
27,2,agriculture_share,1,0
27,2,manufacturing_share,1,0
27,2,mining_share,1,0
27,2,public_share,1,1
27,3,total_rub,14,14
27,3,health_pct,14,14
27,3,marketplaces_pct,14,14
27,3,horeca_pct,14,14
27,3,food_pct,14,14
27,3,transport_pct,14,14
27,3,wage_total,14,14
27,3,population_total,14,14
27,3,market_access,14,13
27,3,agriculture_share,14,12
27,3,manufacturing_share,14,6
27,3,mining_share,14,4
27,3,public_share,14,13
28,0,total_rub,1,1
28,0,health_pct,1,1
28,0,marketplaces_pct,1,1
28,0,horeca_pct,1,1
28,0,food_pct,1,1
28,0,transport_pct,1,1
28,0,wage_total,1,1
28,0,population_total,1,1
28,0,market_access,1,1
28,0,agriculture_share,1,1
28,0,manufacturing_share,1,0
28,0,mining_share,1,0
28,0,public_share,1,1
28,1,total_rub,3,3
28,1,health_pct,3,3
28,1,marketplaces_pct,3,3
28,1,horeca_pct,3,3
28,1,food_pct,3,3
28,1,transport_pct,3,3
28,1,wage_total,3,3
28,1,population_total,3,3
28,1,market_access,3,3
28,1,agriculture_share,3,2
28,1,manufacturing_share,3,1
28,1,mining_share,3,0
28,1,public_share,3,3
28,2,total_rub,0,0
28,2,health_pct,0,0
28,2,marketplaces_pct,0,0
28,2,horeca_pct,0,0
28,2,food_pct,0,0
28,2,transport_pct,0,0
28,2,wage_total,0,0
28,2,population_total,0,0
28,2,market_access,0,0
28,2,agriculture_share,0,0
28,2,manufacturing_share,0,0
28,2,mining_share,0,0
28,2,public_share,0,0
28,3,total_rub,15,15
28,3,health_pct,15,15
28,3,marketplaces_pct,15,15
28,3,horeca_pct,15,15
28,3,food_pct,15,15
28,3,transport_pct,15,15
28,3,wage_total,15,15
28,3,population_total,15,15
28,3,market_access,15,15
28,3,agriculture_share,15,12
28,3,manufacturing_share,15,4
28,3,mining_share,15,4
28,3,public_share,15,12
29,0,total_rub,0,0
29,0,health_pct,0,0
29,0,marketplaces_pct,0,0
29,0,horeca_pct,0,0
29,0,food_pct,0,0
29,0,transport_pct,0,0
29,0,wage_total,0,0
29,0,population_total,0,0
29,0,market_access,0,0
29,0,agriculture_share,0,0
29,0,manufacturing_share,0,0
29,0,mining_share,0,0
29,0,public_share,0,0
29,1,total_rub,6,6
29,1,health_pct,6,6
29,1,marketplaces_pct,6,6
29,1,horeca_pct,6,6
29,1,food_pct,6,6
29,1,transport_pct,6,6
29,1,wage_total,6,2
29,1,population_total,6,2
29,1,market_access,6,6
29,1,agriculture_share,6,1
29,1,manufacturing_share,6,0
29,1,mining_share,6,0
29,1,public_share,6,1
29,2,total_rub,15,15
29,2,health_pct,15,15
29,2,marketplaces_pct,15,15
29,2,horeca_pct,15,15
29,2,food_pct,15,15
29,2,transport_pct,15,15
29,2,wage_total,15,14
29,2,population_total,15,14
29,2,market_access,15,15
29,2,agriculture_share,15,9
29,2,manufacturing_share,15,3
29,2,mining_share,15,1
29,2,public_share,15,14
29,3,total_rub,1,1
29,3,health_pct,1,1
29,3,marketplaces_pct,1,1
29,3,horeca_pct,1,1
29,3,food_pct,1,1
29,3,transport_pct,1,1
29,3,wage_total,1,1
29,3,population_total,1,1
29,3,market_access,1,1
29,3,agriculture_share,1,1
29,3,manufacturing_share,1,1
29,3,mining_share,1,0
29,3,public_share,1,1
30,0,total_rub,0,0
30,0,health_pct,0,0
30,0,marketplaces_pct,0,0
30,0,horeca_pct,0,0
30,0,food_pct,0,0
30,0,transport_pct,0,0
30,0,wage_total,0,0
30,0,population_total,0,0
30,0,market_access,0,0
30,0,agriculture_share,0,0
30,0,manufacturing_share,0,0
30,0,mining_share,0,0
30,0,public_share,0,0
30,1,total_rub,3,3
30,1,health_pct,3,3
30,1,marketplaces_pct,3,3
30,1,horeca_pct,3,3
30,1,food_pct,3,3
30,1,transport_pct,3,3
30,1,wage_total,3,3
30,1,population_total,3,3
30,1,market_access,3,3
30,1,agriculture_share,3,1
30,1,manufacturing_share,3,2
30,1,mining_share,3,2
30,1,public_share,3,3
30,2,total_rub,8,8
30,2,health_pct,8,8
30,2,marketplaces_pct,8,8
30,2,horeca_pct,8,8
30,2,food_pct,8,8
30,2,transport_pct,8,8
30,2,wage_total,8,8
30,2,population_total,8,8
30,2,market_access,8,8
30,2,agriculture_share,8,6
30,2,manufacturing_share,8,3
30,2,mining_share,8,1
30,2,public_share,8,8
30,3,total_rub,0,0
30,3,health_pct,0,0
30,3,marketplaces_pct,0,0
30,3,horeca_pct,0,0
30,3,food_pct,0,0
30,3,transport_pct,0,0
30,3,wage_total,0,0
30,3,population_total,0,0
30,3,market_access,0,0
30,3,agriculture_share,0,0
30,3,manufacturing_share,0,0
30,3,mining_share,0,0
30,3,public_share,0,0
33,0,total_rub,0,0
33,0,health_pct,0,0
33,0,marketplaces_pct,0,0
33,0,horeca_pct,0,0
33,0,food_pct,0,0
33,0,transport_pct,0,0
33,0,wage_total,0,0
33,0,population_total,0,0
33,0,market_access,0,0
33,0,agriculture_share,0,0
33,0,manufacturing_share,0,0
33,0,mining_share,0,0
33,0,public_share,0,0
33,1,total_rub,9,9
33,1,health_pct,9,9
33,1,marketplaces_pct,9,9
33,1,horeca_pct,9,9
33,1,food_pct,9,9
33,1,transport_pct,9,9
33,1,wage_total,9,9
33,1,population_total,9,9
33,1,market_access,9,9
33,1,agriculture_share,9,4
33,1,manufacturing_share,9,9
33,1,mining_share,9,1
33,1,public_share,9,9
33,2,total_rub,9,9
33,2,health_pct,9,9
33,2,marketplaces_pct,9,9
33,2,horeca_pct,9,9
33,2,food_pct,9,9
33,2,transport_pct,9,9
33,2,wage_total,9,9
33,2,population_total,9,9
33,2,market_access,9,9
33,2,agriculture_share,9,6
33,2,manufacturing_share,9,7
33,2,mining_share,9,0
33,2,public_share,9,8
33,3,total_rub,0,0
33,3,health_pct,0,0
33,3,marketplaces_pct,0,0
33,3,horeca_pct,0,0
33,3,food_pct,0,0
33,3,transport_pct,0,0
33,3,wage_total,0,0
33,3,population_total,0,0
33,3,market_access,0,0
33,3,agriculture_share,0,0
33,3,manufacturing_share,0,0
33,3,mining_share,0,0
33,3,public_share,0,0
34,0,total_rub,1,1
34,0,health_pct,1,1
34,0,marketplaces_pct,1,1
34,0,horeca_pct,1,1
34,0,food_pct,1,1
34,0,transport_pct,1,1
34,0,wage_total,1,1
34,0,population_total,1,1
34,0,market_access,1,1
34,0,agriculture_share,1,1
34,0,manufacturing_share,1,1
34,0,mining_share,1,1
34,0,public_share,1,1
34,1,total_rub,6,6
34,1,health_pct,6,6
34,1,marketplaces_pct,6,6
34,1,horeca_pct,6,6
34,1,food_pct,6,6
34,1,transport_pct,6,6
34,1,wage_total,6,6
34,1,population_total,6,6
34,1,market_access,6,6
34,1,agriculture_share,6,6
34,1,manufacturing_share,6,6
34,1,mining_share,6,1
34,1,public_share,6,6
34,2,total_rub,28,28
34,2,health_pct,28,28
34,2,marketplaces_pct,28,28
34,2,horeca_pct,28,28
34,2,food_pct,28,28
34,2,transport_pct,28,28
34,2,wage_total,28,28
34,2,population_total,28,28
34,2,market_access,28,28
34,2,agriculture_share,28,20
34,2,manufacturing_share,28,13
34,2,mining_share,28,5
34,2,public_share,28,28
34,3,total_rub,0,0
34,3,health_pct,0,0
34,3,marketplaces_pct,0,0
34,3,horeca_pct,0,0
34,3,food_pct,0,0
34,3,transport_pct,0,0
34,3,wage_total,0,0
34,3,population_total,0,0
34,3,market_access,0,0
34,3,agriculture_share,0,0
34,3,manufacturing_share,0,0
34,3,mining_share,0,0
34,3,public_share,0,0
35,0,total_rub,0,0
35,0,health_pct,0,0
35,0,marketplaces_pct,0,0
35,0,horeca_pct,0,0
35,0,food_pct,0,0
35,0,transport_pct,0,0
35,0,wage_total,0,0
35,0,population_total,0,0
35,0,market_access,0,0
35,0,agriculture_share,0,0
35,0,manufacturing_share,0,0
35,0,mining_share,0,0
35,0,public_share,0,0
35,1,total_rub,5,5
35,1,health_pct,5,5
35,1,marketplaces_pct,5,5
35,1,horeca_pct,5,5
35,1,food_pct,5,5
35,1,transport_pct,5,5
35,1,wage_total,5,5
35,1,population_total,5,5
35,1,market_access,5,5
35,1,agriculture_share,5,4
35,1,manufacturing_share,5,5
35,1,mining_share,5,0
35,1,public_share,5,4
35,2,total_rub,20,20
35,2,health_pct,20,20
35,2,marketplaces_pct,20,20
35,2,horeca_pct,20,20
35,2,food_pct,20,20
35,2,transport_pct,20,20
35,2,wage_total,20,20
35,2,population_total,20,20
35,2,market_access,20,20
35,2,agriculture_share,20,15
35,2,manufacturing_share,20,6
35,2,mining_share,20,0
35,2,public_share,20,20
35,3,total_rub,0,0
35,3,health_pct,0,0
35,3,marketplaces_pct,0,0
35,3,horeca_pct,0,0
35,3,food_pct,0,0
35,3,transport_pct,0,0
35,3,wage_total,0,0
35,3,population_total,0,0
35,3,market_access,0,0
35,3,agriculture_share,0,0
35,3,manufacturing_share,0,0
35,3,mining_share,0,0
35,3,public_share,0,0
37,0,total_rub,0,0
37,0,health_pct,0,0
37,0,marketplaces_pct,0,0
37,0,horeca_pct,0,0
37,0,food_pct,0,0
37,0,transport_pct,0,0
37,0,wage_total,0,0
37,0,population_total,0,0
37,0,market_access,0,0
37,0,agriculture_share,0,0
37,0,manufacturing_share,0,0
37,0,mining_share,0,0
37,0,public_share,0,0
37,1,total_rub,6,6
37,1,health_pct,6,6
37,1,marketplaces_pct,6,6
37,1,horeca_pct,6,6
37,1,food_pct,6,6
37,1,transport_pct,6,6
37,1,wage_total,6,6
37,1,population_total,6,6
37,1,market_access,6,6
37,1,agriculture_share,6,2
37,1,manufacturing_share,6,6
37,1,mining_share,6,0
37,1,public_share,6,5
37,2,total_rub,20,20
37,2,health_pct,20,20
37,2,marketplaces_pct,20,20
37,2,horeca_pct,20,20
37,2,food_pct,20,20
37,2,transport_pct,20,20
37,2,wage_total,20,20
37,2,population_total,20,20
37,2,market_access,20,20
37,2,agriculture_share,20,2
37,2,manufacturing_share,20,5
37,2,mining_share,20,0
37,2,public_share,20,18
37,3,total_rub,0,0
37,3,health_pct,0,0
37,3,marketplaces_pct,0,0
37,3,horeca_pct,0,0
37,3,food_pct,0,0
37,3,transport_pct,0,0
37,3,wage_total,0,0
37,3,population_total,0,0
37,3,market_access,0,0
37,3,agriculture_share,0,0
37,3,manufacturing_share,0,0
37,3,mining_share,0,0
37,3,public_share,0,0
38,0,total_rub,2,2
38,0,health_pct,2,2
38,0,marketplaces_pct,2,2
38,0,horeca_pct,2,2
38,0,food_pct,2,2
38,0,transport_pct,2,2
38,0,wage_total,2,2
38,0,population_total,2,2
38,0,market_access,2,2
38,0,agriculture_share,2,2
38,0,manufacturing_share,2,2
38,0,mining_share,2,2
38,0,public_share,2,2
38,1,total_rub,26,26
38,1,health_pct,26,26
38,1,marketplaces_pct,26,26
38,1,horeca_pct,26,26
38,1,food_pct,26,26
38,1,transport_pct,26,26
38,1,wage_total,26,25
38,1,population_total,26,25
38,1,market_access,26,26
38,1,agriculture_share,26,24
38,1,manufacturing_share,26,14
38,1,mining_share,26,5
38,1,public_share,26,22
38,2,total_rub,10,10
38,2,health_pct,10,10
38,2,marketplaces_pct,10,10
38,2,horeca_pct,10,10
38,2,food_pct,10,10
38,2,transport_pct,10,10
38,2,wage_total,10,10
38,2,population_total,10,10
38,2,market_access,10,10
38,2,agriculture_share,10,8
38,2,manufacturing_share,10,7
38,2,mining_share,10,2
38,2,public_share,10,7
38,3,total_rub,1,1
38,3,health_pct,1,1
38,3,marketplaces_pct,1,1
38,3,horeca_pct,1,1
38,3,food_pct,1,1
38,3,transport_pct,1,1
38,3,wage_total,1,1
38,3,population_total,1,1
38,3,market_access,1,1
38,3,agriculture_share,1,1
38,3,manufacturing_share,1,0
38,3,mining_share,1,1
38,3,public_share,1,1
39,0,total_rub,4,4
39,0,health_pct,4,4
39,0,marketplaces_pct,4,4
39,0,horeca_pct,4,4
39,0,food_pct,4,4
39,0,transport_pct,4,4
39,0,wage_total,4,4
39,0,population_total,4,4
39,0,market_access,4,4
39,0,agriculture_share,4,3
39,0,manufacturing_share,4,3
39,0,mining_share,4,1
39,0,public_share,4,4
39,1,total_rub,12,12
39,1,health_pct,12,12
39,1,marketplaces_pct,12,12
39,1,horeca_pct,12,12
39,1,food_pct,12,12
39,1,transport_pct,12,12
39,1,wage_total,12,11
39,1,population_total,12,11
39,1,market_access,12,12
39,1,agriculture_share,12,3
39,1,manufacturing_share,12,8
39,1,mining_share,12,1
39,1,public_share,12,10
39,2,total_rub,3,3
39,2,health_pct,3,3
39,2,marketplaces_pct,3,3
39,2,horeca_pct,3,3
39,2,food_pct,3,3
39,2,transport_pct,3,3
39,2,wage_total,3,3
39,2,population_total,3,3
39,2,market_access,3,3
39,2,agriculture_share,3,1
39,2,manufacturing_share,3,2
39,2,mining_share,3,0
39,2,public_share,3,3
39,3,total_rub,0,0
39,3,health_pct,0,0
39,3,marketplaces_pct,0,0
39,3,horeca_pct,0,0
39,3,food_pct,0,0
39,3,transport_pct,0,0
39,3,wage_total,0,0
39,3,population_total,0,0
39,3,market_access,0,0
39,3,agriculture_share,0,0
39,3,manufacturing_share,0,0
39,3,mining_share,0,0
39,3,public_share,0,0
40,0,total_rub,2,2
40,0,health_pct,2,2
40,0,marketplaces_pct,2,2
40,0,horeca_pct,2,2
40,0,food_pct,2,2
40,0,transport_pct,2,2
40,0,wage_total,2,2
40,0,population_total,2,2
40,0,market_access,2,2
40,0,agriculture_share,2,1
40,0,manufacturing_share,2,2
40,0,mining_share,2,1
40,0,public_share,2,2
40,1,total_rub,2,2
40,1,health_pct,2,2
40,1,marketplaces_pct,2,2
40,1,horeca_pct,2,2
40,1,food_pct,2,2
40,1,transport_pct,2,2
40,1,wage_total,2,2
40,1,population_total,2,2
40,1,market_access,2,2
40,1,agriculture_share,2,1
40,1,manufacturing_share,2,2
40,1,mining_share,2,0
40,1,public_share,2,2
40,2,total_rub,21,21
40,2,health_pct,21,21
40,2,marketplaces_pct,21,21
40,2,horeca_pct,21,21
40,2,food_pct,21,21
40,2,transport_pct,21,21
40,2,wage_total,21,21
40,2,population_total,21,21
40,2,market_access,21,21
40,2,agriculture_share,21,8
40,2,manufacturing_share,21,11
40,2,mining_share,21,1
40,2,public_share,21,8
40,3,total_rub,0,0
40,3,health_pct,0,0
40,3,marketplaces_pct,0,0
40,3,horeca_pct,0,0
40,3,food_pct,0,0
40,3,transport_pct,0,0
40,3,wage_total,0,0
40,3,population_total,0,0
40,3,market_access,0,0
40,3,agriculture_share,0,0
40,3,manufacturing_share,0,0
40,3,mining_share,0,0
40,3,public_share,0,0
41,0,total_rub,2,2
41,0,health_pct,2,2
41,0,marketplaces_pct,2,2
41,0,horeca_pct,2,2
41,0,food_pct,2,2
41,0,transport_pct,2,2
41,0,wage_total,2,2
41,0,population_total,2,2
41,0,market_access,2,2
41,0,agriculture_share,2,2
41,0,manufacturing_share,2,2
41,0,mining_share,2,1
41,0,public_share,2,2
41,1,total_rub,0,0
41,1,health_pct,0,0
41,1,marketplaces_pct,0,0
41,1,horeca_pct,0,0
41,1,food_pct,0,0
41,1,transport_pct,0,0
41,1,wage_total,0,0
41,1,population_total,0,0
41,1,market_access,0,0
41,1,agriculture_share,0,0
41,1,manufacturing_share,0,0
41,1,mining_share,0,0
41,1,public_share,0,0
41,2,total_rub,0,0
41,2,health_pct,0,0
41,2,marketplaces_pct,0,0
41,2,horeca_pct,0,0
41,2,food_pct,0,0
41,2,transport_pct,0,0
41,2,wage_total,0,0
41,2,population_total,0,0
41,2,market_access,0,0
41,2,agriculture_share,0,0
41,2,manufacturing_share,0,0
41,2,mining_share,0,0
41,2,public_share,0,0
41,3,total_rub,7,7
41,3,health_pct,7,7
41,3,marketplaces_pct,7,7
41,3,horeca_pct,7,7
41,3,food_pct,7,7
41,3,transport_pct,7,7
41,3,wage_total,7,7
41,3,population_total,7,7
41,3,market_access,7,5
41,3,agriculture_share,7,6
41,3,manufacturing_share,7,3
41,3,mining_share,7,1
41,3,public_share,7,7
42,0,total_rub,1,1
42,0,health_pct,1,1
42,0,marketplaces_pct,1,1
42,0,horeca_pct,1,1
42,0,food_pct,1,1
42,0,transport_pct,1,1
42,0,wage_total,1,1
42,0,population_total,1,0
42,0,market_access,1,1
42,0,agriculture_share,1,1
42,0,manufacturing_share,1,1
42,0,mining_share,1,1
42,0,public_share,1,1
42,1,total_rub,23,23
42,1,health_pct,23,23
42,1,marketplaces_pct,23,23
42,1,horeca_pct,23,23
42,1,food_pct,23,23
42,1,transport_pct,23,23
42,1,wage_total,23,23
42,1,population_total,23,0
42,1,market_access,23,23
42,1,agriculture_share,23,6
42,1,manufacturing_share,23,22
42,1,mining_share,23,15
42,1,public_share,23,23
42,2,total_rub,6,6
42,2,health_pct,6,6
42,2,marketplaces_pct,6,6
42,2,horeca_pct,6,6
42,2,food_pct,6,6
42,2,transport_pct,6,6
42,2,wage_total,6,6
42,2,population_total,6,0
42,2,market_access,6,6
42,2,agriculture_share,6,1
42,2,manufacturing_share,6,2
42,2,mining_share,6,0
42,2,public_share,6,6
42,3,total_rub,0,0
42,3,health_pct,0,0
42,3,marketplaces_pct,0,0
42,3,horeca_pct,0,0
42,3,food_pct,0,0
42,3,transport_pct,0,0
42,3,wage_total,0,0
42,3,population_total,0,0
42,3,market_access,0,0
42,3,agriculture_share,0,0
42,3,manufacturing_share,0,0
42,3,mining_share,0,0
42,3,public_share,0,0
43,0,total_rub,0,0
43,0,health_pct,0,0
43,0,marketplaces_pct,0,0
43,0,horeca_pct,0,0
43,0,food_pct,0,0
43,0,transport_pct,0,0
43,0,wage_total,0,0
43,0,population_total,0,0
43,0,market_access,0,0
43,0,agriculture_share,0,0
43,0,manufacturing_share,0,0
43,0,mining_share,0,0
43,0,public_share,0,0
43,1,total_rub,5,5
43,1,health_pct,5,5
43,1,marketplaces_pct,5,5
43,1,horeca_pct,5,5
43,1,food_pct,5,5
43,1,transport_pct,5,5
43,1,wage_total,5,5
43,1,population_total,5,5
43,1,market_access,5,5
43,1,agriculture_share,5,3
43,1,manufacturing_share,5,4
43,1,mining_share,5,1
43,1,public_share,5,5
43,2,total_rub,35,35
43,2,health_pct,35,35
43,2,marketplaces_pct,35,35
43,2,horeca_pct,35,35
43,2,food_pct,35,35
43,2,transport_pct,35,35
43,2,wage_total,35,35
43,2,population_total,35,35
43,2,market_access,35,35
43,2,agriculture_share,35,24
43,2,manufacturing_share,35,22
43,2,mining_share,35,0
43,2,public_share,35,34
43,3,total_rub,3,3
43,3,health_pct,3,3
43,3,marketplaces_pct,3,3
43,3,horeca_pct,3,3
43,3,food_pct,3,3
43,3,transport_pct,3,3
43,3,wage_total,3,3
43,3,population_total,3,3
43,3,market_access,3,3
43,3,agriculture_share,3,2
43,3,manufacturing_share,3,1
43,3,mining_share,3,0
43,3,public_share,3,3
44,0,total_rub,0,0
44,0,health_pct,0,0
44,0,marketplaces_pct,0,0
44,0,horeca_pct,0,0
44,0,food_pct,0,0
44,0,transport_pct,0,0
44,0,wage_total,0,0
44,0,population_total,0,0
44,0,market_access,0,0
44,0,agriculture_share,0,0
44,0,manufacturing_share,0,0
44,0,mining_share,0,0
44,0,public_share,0,0
44,1,total_rub,2,2
44,1,health_pct,2,2
44,1,marketplaces_pct,2,2
44,1,horeca_pct,2,2
44,1,food_pct,2,2
44,1,transport_pct,2,2
44,1,wage_total,2,2
44,1,population_total,2,2
44,1,market_access,2,2
44,1,agriculture_share,2,2
44,1,manufacturing_share,2,2
44,1,mining_share,2,0
44,1,public_share,2,2
44,2,total_rub,26,26
44,2,health_pct,26,26
44,2,marketplaces_pct,26,26
44,2,horeca_pct,26,26
44,2,food_pct,26,26
44,2,transport_pct,26,26
44,2,wage_total,26,26
44,2,population_total,26,26
44,2,market_access,26,26
44,2,agriculture_share,26,8
44,2,manufacturing_share,26,10
44,2,mining_share,26,0
44,2,public_share,26,20
44,3,total_rub,0,0
44,3,health_pct,0,0
44,3,marketplaces_pct,0,0
44,3,horeca_pct,0,0
44,3,food_pct,0,0
44,3,transport_pct,0,0
44,3,wage_total,0,0
44,3,population_total,0,0
44,3,market_access,0,0
44,3,agriculture_share,0,0
44,3,manufacturing_share,0,0
44,3,mining_share,0,0
44,3,public_share,0,0
45,0,total_rub,0,0
45,0,health_pct,0,0
45,0,marketplaces_pct,0,0
45,0,horeca_pct,0,0
45,0,food_pct,0,0
45,0,transport_pct,0,0
45,0,wage_total,0,0
45,0,population_total,0,0
45,0,market_access,0,0
45,0,agriculture_share,0,0
45,0,manufacturing_share,0,0
45,0,mining_share,0,0
45,0,public_share,0,0
45,1,total_rub,3,3
45,1,health_pct,3,3
45,1,marketplaces_pct,3,3
45,1,horeca_pct,3,3
45,1,food_pct,3,3
45,1,transport_pct,3,3
45,1,wage_total,3,3
45,1,population_total,3,3
45,1,market_access,3,3
45,1,agriculture_share,3,3
45,1,manufacturing_share,3,2
45,1,mining_share,3,0
45,1,public_share,3,3
45,2,total_rub,21,21
45,2,health_pct,21,21
45,2,marketplaces_pct,21,21
45,2,horeca_pct,21,21
45,2,food_pct,21,21
45,2,transport_pct,21,21
45,2,wage_total,21,21
45,2,population_total,21,21
45,2,market_access,21,21
45,2,agriculture_share,21,12
45,2,manufacturing_share,21,8
45,2,mining_share,21,0
45,2,public_share,21,21
45,3,total_rub,0,0
45,3,health_pct,0,0
45,3,marketplaces_pct,0,0
45,3,horeca_pct,0,0
45,3,food_pct,0,0
45,3,transport_pct,0,0
45,3,wage_total,0,0
45,3,population_total,0,0
45,3,market_access,0,0
45,3,agriculture_share,0,0
45,3,manufacturing_share,0,0
45,3,mining_share,0,0
45,3,public_share,0,0
47,0,total_rub,4,4
47,0,health_pct,4,4
47,0,marketplaces_pct,4,4
47,0,horeca_pct,4,4
47,0,food_pct,4,4
47,0,transport_pct,4,4
47,0,wage_total,4,4
47,0,population_total,4,4
47,0,market_access,4,4
47,0,agriculture_share,4,3
47,0,manufacturing_share,4,4
47,0,mining_share,4,2
47,0,public_share,4,4
47,1,total_rub,12,12
47,1,health_pct,12,12
47,1,marketplaces_pct,12,12
47,1,horeca_pct,12,12
47,1,food_pct,12,12
47,1,transport_pct,12,12
47,1,wage_total,12,12
47,1,population_total,12,12
47,1,market_access,12,12
47,1,agriculture_share,12,12
47,1,manufacturing_share,12,11
47,1,mining_share,12,3
47,1,public_share,12,12
47,2,total_rub,2,2
47,2,health_pct,2,2
47,2,marketplaces_pct,2,2
47,2,horeca_pct,2,2
47,2,food_pct,2,2
47,2,transport_pct,2,2
47,2,wage_total,2,2
47,2,population_total,2,2
47,2,market_access,2,2
47,2,agriculture_share,2,1
47,2,manufacturing_share,2,2
47,2,mining_share,2,0
47,2,public_share,2,2
47,3,total_rub,0,0
47,3,health_pct,0,0
47,3,marketplaces_pct,0,0
47,3,horeca_pct,0,0
47,3,food_pct,0,0
47,3,transport_pct,0,0
47,3,wage_total,0,0
47,3,population_total,0,0
47,3,market_access,0,0
47,3,agriculture_share,0,0
47,3,manufacturing_share,0,0
47,3,mining_share,0,0
47,3,public_share,0,0
48,0,total_rub,0,0
48,0,health_pct,0,0
48,0,marketplaces_pct,0,0
48,0,horeca_pct,0,0
48,0,food_pct,0,0
48,0,transport_pct,0,0
48,0,wage_total,0,0
48,0,population_total,0,0
48,0,market_access,0,0
48,0,agriculture_share,0,0
48,0,manufacturing_share,0,0
48,0,mining_share,0,0
48,0,public_share,0,0
48,1,total_rub,3,3
48,1,health_pct,3,3
48,1,marketplaces_pct,3,3
48,1,horeca_pct,3,3
48,1,food_pct,3,3
48,1,transport_pct,3,3
48,1,wage_total,3,3
48,1,population_total,3,3
48,1,market_access,3,3
48,1,agriculture_share,3,2
48,1,manufacturing_share,3,3
48,1,mining_share,3,1
48,1,public_share,3,3
48,2,total_rub,15,15
48,2,health_pct,15,15
48,2,marketplaces_pct,15,15
48,2,horeca_pct,15,15
48,2,food_pct,15,15
48,2,transport_pct,15,15
48,2,wage_total,15,15
48,2,population_total,15,15
48,2,market_access,15,15
48,2,agriculture_share,15,15
48,2,manufacturing_share,15,7
48,2,mining_share,15,0
48,2,public_share,15,11
48,3,total_rub,0,0
48,3,health_pct,0,0
48,3,marketplaces_pct,0,0
48,3,horeca_pct,0,0
48,3,food_pct,0,0
48,3,transport_pct,0,0
48,3,wage_total,0,0
48,3,population_total,0,0
48,3,market_access,0,0
48,3,agriculture_share,0,0
48,3,manufacturing_share,0,0
48,3,mining_share,0,0
48,3,public_share,0,0
49,0,total_rub,0,0
49,0,health_pct,0,0
49,0,marketplaces_pct,0,0
49,0,horeca_pct,0,0
49,0,food_pct,0,0
49,0,transport_pct,0,0
49,0,wage_total,0,0
49,0,population_total,0,0
49,0,market_access,0,0
49,0,agriculture_share,0,0
49,0,manufacturing_share,0,0
49,0,mining_share,0,0
49,0,public_share,0,0
49,1,total_rub,0,0
49,1,health_pct,0,0
49,1,marketplaces_pct,0,0
49,1,horeca_pct,0,0
49,1,food_pct,0,0
49,1,transport_pct,0,0
49,1,wage_total,0,0
49,1,population_total,0,0
49,1,market_access,0,0
49,1,agriculture_share,0,0
49,1,manufacturing_share,0,0
49,1,mining_share,0,0
49,1,public_share,0,0
49,2,total_rub,0,0
49,2,health_pct,0,0
49,2,marketplaces_pct,0,0
49,2,horeca_pct,0,0
49,2,food_pct,0,0
49,2,transport_pct,0,0
49,2,wage_total,0,0
49,2,population_total,0,0
49,2,market_access,0,0
49,2,agriculture_share,0,0
49,2,manufacturing_share,0,0
49,2,mining_share,0,0
49,2,public_share,0,0
49,3,total_rub,3,3
49,3,health_pct,3,3
49,3,marketplaces_pct,3,3
49,3,horeca_pct,3,3
49,3,food_pct,3,3
49,3,transport_pct,3,3
49,3,wage_total,3,3
49,3,population_total,3,1
49,3,market_access,3,3
49,3,agriculture_share,3,1
49,3,manufacturing_share,3,1
49,3,mining_share,3,1
49,3,public_share,3,3
50,0,total_rub,32,32
50,0,health_pct,32,32
50,0,marketplaces_pct,32,32
50,0,horeca_pct,32,32
50,0,food_pct,32,32
50,0,transport_pct,32,32
50,0,wage_total,32,32
50,0,population_total,32,32
50,0,market_access,32,32
50,0,agriculture_share,32,15
50,0,manufacturing_share,32,32
50,0,mining_share,32,2
50,0,public_share,32,32
50,1,total_rub,19,19
50,1,health_pct,19,19
50,1,marketplaces_pct,19,19
50,1,horeca_pct,19,19
50,1,food_pct,19,19
50,1,transport_pct,19,19
50,1,wage_total,19,19
50,1,population_total,19,19
50,1,market_access,19,19
50,1,agriculture_share,19,12
50,1,manufacturing_share,19,17
50,1,mining_share,19,1
50,1,public_share,19,15
50,2,total_rub,1,1
50,2,health_pct,1,1
50,2,marketplaces_pct,1,1
50,2,horeca_pct,1,1
50,2,food_pct,1,1
50,2,transport_pct,1,1
50,2,wage_total,1,1
50,2,population_total,1,1
50,2,market_access,1,1
50,2,agriculture_share,1,1
50,2,manufacturing_share,1,0
50,2,mining_share,1,0
50,2,public_share,1,0
50,3,total_rub,0,0
50,3,health_pct,0,0
50,3,marketplaces_pct,0,0
50,3,horeca_pct,0,0
50,3,food_pct,0,0
50,3,transport_pct,0,0
50,3,wage_total,0,0
50,3,population_total,0,0
50,3,market_access,0,0
50,3,agriculture_share,0,0
50,3,manufacturing_share,0,0
50,3,mining_share,0,0
50,3,public_share,0,0
51,0,total_rub,1,1
51,0,health_pct,1,1
51,0,marketplaces_pct,1,1
51,0,horeca_pct,1,1
51,0,food_pct,1,1
51,0,transport_pct,1,1
51,0,wage_total,1,1
51,0,population_total,1,1
51,0,market_access,1,1
51,0,agriculture_share,1,1
51,0,manufacturing_share,1,1
51,0,mining_share,1,1
51,0,public_share,1,1
51,1,total_rub,9,9
51,1,health_pct,9,9
51,1,marketplaces_pct,9,9
51,1,horeca_pct,9,9
51,1,food_pct,9,9
51,1,transport_pct,9,9
51,1,wage_total,9,9
51,1,population_total,9,9
51,1,market_access,9,9
51,1,agriculture_share,9,2
51,1,manufacturing_share,9,7
51,1,mining_share,9,0
51,1,public_share,9,9
51,2,total_rub,2,2
51,2,health_pct,2,2
51,2,marketplaces_pct,2,2
51,2,horeca_pct,2,2
51,2,food_pct,2,2
51,2,transport_pct,2,2
51,2,wage_total,2,2
51,2,population_total,2,2
51,2,market_access,2,2
51,2,agriculture_share,2,0
51,2,manufacturing_share,2,0
51,2,mining_share,2,0
51,2,public_share,2,2
51,3,total_rub,0,0
51,3,health_pct,0,0
51,3,marketplaces_pct,0,0
51,3,horeca_pct,0,0
51,3,food_pct,0,0
51,3,transport_pct,0,0
51,3,wage_total,0,0
51,3,population_total,0,0
51,3,market_access,0,0
51,3,agriculture_share,0,0
51,3,manufacturing_share,0,0
51,3,mining_share,0,0
51,3,public_share,0,0
52,0,total_rub,1,1
52,0,health_pct,1,1
52,0,marketplaces_pct,1,1
52,0,horeca_pct,1,1
52,0,food_pct,1,1
52,0,transport_pct,1,1
52,0,wage_total,1,1
52,0,population_total,1,1
52,0,market_access,1,1
52,0,agriculture_share,1,1
52,0,manufacturing_share,1,1
52,0,mining_share,1,0
52,0,public_share,1,1
52,1,total_rub,10,10
52,1,health_pct,10,10
52,1,marketplaces_pct,10,10
52,1,horeca_pct,10,10
52,1,food_pct,10,10
52,1,transport_pct,10,10
52,1,wage_total,10,10
52,1,population_total,10,10
52,1,market_access,10,10
52,1,agriculture_share,10,8
52,1,manufacturing_share,10,10
52,1,mining_share,10,0
52,1,public_share,10,10
52,2,total_rub,39,39
52,2,health_pct,39,39
52,2,marketplaces_pct,39,39
52,2,horeca_pct,39,39
52,2,food_pct,39,39
52,2,transport_pct,39,39
52,2,wage_total,39,39
52,2,population_total,39,39
52,2,market_access,39,39
52,2,agriculture_share,39,17
52,2,manufacturing_share,39,18
52,2,mining_share,39,0
52,2,public_share,39,39
52,3,total_rub,0,0
52,3,health_pct,0,0
52,3,marketplaces_pct,0,0
52,3,horeca_pct,0,0
52,3,food_pct,0,0
52,3,transport_pct,0,0
52,3,wage_total,0,0
52,3,population_total,0,0
52,3,market_access,0,0
52,3,agriculture_share,0,0
52,3,manufacturing_share,0,0
52,3,mining_share,0,0
52,3,public_share,0,0
53,0,total_rub,0,0
53,0,health_pct,0,0
53,0,marketplaces_pct,0,0
53,0,horeca_pct,0,0
53,0,food_pct,0,0
53,0,transport_pct,0,0
53,0,wage_total,0,0
53,0,population_total,0,0
53,0,market_access,0,0
53,0,agriculture_share,0,0
53,0,manufacturing_share,0,0
53,0,mining_share,0,0
53,0,public_share,0,0
53,1,total_rub,4,4
53,1,health_pct,4,4
53,1,marketplaces_pct,4,4
53,1,horeca_pct,4,4
53,1,food_pct,4,4
53,1,transport_pct,4,4
53,1,wage_total,4,4
53,1,population_total,4,4
53,1,market_access,4,4
53,1,agriculture_share,4,3
53,1,manufacturing_share,4,4
53,1,mining_share,4,0
53,1,public_share,4,4
53,2,total_rub,17,17
53,2,health_pct,17,17
53,2,marketplaces_pct,17,17
53,2,horeca_pct,17,17
53,2,food_pct,17,17
53,2,transport_pct,17,17
53,2,wage_total,17,17
53,2,population_total,17,17
53,2,market_access,17,17
53,2,agriculture_share,17,6
53,2,manufacturing_share,17,6
53,2,mining_share,17,0
53,2,public_share,17,17
53,3,total_rub,0,0
53,3,health_pct,0,0
53,3,marketplaces_pct,0,0
53,3,horeca_pct,0,0
53,3,food_pct,0,0
53,3,transport_pct,0,0
53,3,wage_total,0,0
53,3,population_total,0,0
53,3,market_access,0,0
53,3,agriculture_share,0,0
53,3,manufacturing_share,0,0
53,3,mining_share,0,0
53,3,public_share,0,0
54,0,total_rub,4,4
54,0,health_pct,4,4
54,0,marketplaces_pct,4,4
54,0,horeca_pct,4,4
54,0,food_pct,4,4
54,0,transport_pct,4,4
54,0,wage_total,4,4
54,0,population_total,4,4
54,0,market_access,4,4
54,0,agriculture_share,4,2
54,0,manufacturing_share,4,4
54,0,mining_share,4,1
54,0,public_share,4,4
54,1,total_rub,5,5
54,1,health_pct,5,5
54,1,marketplaces_pct,5,5
54,1,horeca_pct,5,5
54,1,food_pct,5,5
54,1,transport_pct,5,5
54,1,wage_total,5,5
54,1,population_total,5,5
54,1,market_access,5,5
54,1,agriculture_share,5,3
54,1,manufacturing_share,5,5
54,1,mining_share,5,1
54,1,public_share,5,5
54,2,total_rub,26,26
54,2,health_pct,26,26
54,2,marketplaces_pct,26,26
54,2,horeca_pct,26,26
54,2,food_pct,26,26
54,2,transport_pct,26,26
54,2,wage_total,26,26
54,2,population_total,26,26
54,2,market_access,26,26
54,2,agriculture_share,26,20
54,2,manufacturing_share,26,15
54,2,mining_share,26,2
54,2,public_share,26,26
54,3,total_rub,0,0
54,3,health_pct,0,0
54,3,marketplaces_pct,0,0
54,3,horeca_pct,0,0
54,3,food_pct,0,0
54,3,transport_pct,0,0
54,3,wage_total,0,0
54,3,population_total,0,0
54,3,market_access,0,0
54,3,agriculture_share,0,0
54,3,manufacturing_share,0,0
54,3,mining_share,0,0
54,3,public_share,0,0
55,0,total_rub,1,1
55,0,health_pct,1,1
55,0,marketplaces_pct,1,1
55,0,horeca_pct,1,1
55,0,food_pct,1,1
55,0,transport_pct,1,1
55,0,wage_total,1,1
55,0,population_total,1,1
55,0,market_access,1,1
55,0,agriculture_share,1,1
55,0,manufacturing_share,1,1
55,0,mining_share,1,0
55,0,public_share,1,1
55,1,total_rub,2,2
55,1,health_pct,2,2
55,1,marketplaces_pct,2,2
55,1,horeca_pct,2,2
55,1,food_pct,2,2
55,1,transport_pct,2,2
55,1,wage_total,2,2
55,1,population_total,2,2
55,1,market_access,2,2
55,1,agriculture_share,2,2
55,1,manufacturing_share,2,2
55,1,mining_share,2,0
55,1,public_share,2,2
55,2,total_rub,29,29
55,2,health_pct,29,29
55,2,marketplaces_pct,29,29
55,2,horeca_pct,29,29
55,2,food_pct,29,29
55,2,transport_pct,29,29
55,2,wage_total,29,29
55,2,population_total,29,29
55,2,market_access,29,29
55,2,agriculture_share,29,24
55,2,manufacturing_share,29,11
55,2,mining_share,29,0
55,2,public_share,29,25
55,3,total_rub,1,1
55,3,health_pct,1,1
55,3,marketplaces_pct,1,1
55,3,horeca_pct,1,1
55,3,food_pct,1,1
55,3,transport_pct,1,1
55,3,wage_total,1,1
55,3,population_total,1,1
55,3,market_access,1,1
55,3,agriculture_share,1,0
55,3,manufacturing_share,1,0
55,3,mining_share,1,0
55,3,public_share,1,0
56,0,total_rub,0,0
56,0,health_pct,0,0
56,0,marketplaces_pct,0,0
56,0,horeca_pct,0,0
56,0,food_pct,0,0
56,0,transport_pct,0,0
56,0,wage_total,0,0
56,0,population_total,0,0
56,0,market_access,0,0
56,0,agriculture_share,0,0
56,0,manufacturing_share,0,0
56,0,mining_share,0,0
56,0,public_share,0,0
56,1,total_rub,9,9
56,1,health_pct,9,9
56,1,marketplaces_pct,9,9
56,1,horeca_pct,9,9
56,1,food_pct,9,9
56,1,transport_pct,9,9
56,1,wage_total,9,9
56,1,population_total,9,9
56,1,market_access,9,9
56,1,agriculture_share,9,5
56,1,manufacturing_share,9,6
56,1,mining_share,9,5
56,1,public_share,9,8
56,2,total_rub,30,30
56,2,health_pct,30,30
56,2,marketplaces_pct,30,30
56,2,horeca_pct,30,30
56,2,food_pct,30,30
56,2,transport_pct,30,30
56,2,wage_total,30,30
56,2,population_total,30,30
56,2,market_access,30,30
56,2,agriculture_share,30,11
56,2,manufacturing_share,30,7
56,2,mining_share,30,3
56,2,public_share,30,29
56,3,total_rub,0,0
56,3,health_pct,0,0
56,3,marketplaces_pct,0,0
56,3,horeca_pct,0,0
56,3,food_pct,0,0
56,3,transport_pct,0,0
56,3,wage_total,0,0
56,3,population_total,0,0
56,3,market_access,0,0
56,3,agriculture_share,0,0
56,3,manufacturing_share,0,0
56,3,mining_share,0,0
56,3,public_share,0,0
57,0,total_rub,0,0
57,0,health_pct,0,0
57,0,marketplaces_pct,0,0
57,0,horeca_pct,0,0
57,0,food_pct,0,0
57,0,transport_pct,0,0
57,0,wage_total,0,0
57,0,population_total,0,0
57,0,market_access,0,0
57,0,agriculture_share,0,0
57,0,manufacturing_share,0,0
57,0,mining_share,0,0
57,0,public_share,0,0
57,1,total_rub,4,4
57,1,health_pct,4,4
57,1,marketplaces_pct,4,4
57,1,horeca_pct,4,4
57,1,food_pct,4,4
57,1,transport_pct,4,4
57,1,wage_total,4,4
57,1,population_total,4,4
57,1,market_access,4,4
57,1,agriculture_share,4,4
57,1,manufacturing_share,4,4
57,1,mining_share,4,0
57,1,public_share,4,4
57,2,total_rub,17,17
57,2,health_pct,17,17
57,2,marketplaces_pct,17,17
57,2,horeca_pct,17,17
57,2,food_pct,17,17
57,2,transport_pct,17,17
57,2,wage_total,17,17
57,2,population_total,17,17
57,2,market_access,17,17
57,2,agriculture_share,17,16
57,2,manufacturing_share,17,3
57,2,mining_share,17,0
57,2,public_share,17,13
57,3,total_rub,0,0
57,3,health_pct,0,0
57,3,marketplaces_pct,0,0
57,3,horeca_pct,0,0
57,3,food_pct,0,0
57,3,transport_pct,0,0
57,3,wage_total,0,0
57,3,population_total,0,0
57,3,market_access,0,0
57,3,agriculture_share,0,0
57,3,manufacturing_share,0,0
57,3,mining_share,0,0
57,3,public_share,0,0
58,0,total_rub,0,0
58,0,health_pct,0,0
58,0,marketplaces_pct,0,0
58,0,horeca_pct,0,0
58,0,food_pct,0,0
58,0,transport_pct,0,0
58,0,wage_total,0,0
58,0,population_total,0,0
58,0,market_access,0,0
58,0,agriculture_share,0,0
58,0,manufacturing_share,0,0
58,0,mining_share,0,0
58,0,public_share,0,0
58,1,total_rub,2,2
58,1,health_pct,2,2
58,1,marketplaces_pct,2,2
58,1,horeca_pct,2,2
58,1,food_pct,2,2
58,1,transport_pct,2,2
58,1,wage_total,2,2
58,1,population_total,2,2
58,1,market_access,2,2
58,1,agriculture_share,2,2
58,1,manufacturing_share,2,2
58,1,mining_share,2,0
58,1,public_share,2,2
58,2,total_rub,23,23
58,2,health_pct,23,23
58,2,marketplaces_pct,23,23
58,2,horeca_pct,23,23
58,2,food_pct,23,23
58,2,transport_pct,23,23
58,2,wage_total,23,23
58,2,population_total,23,23
58,2,market_access,23,23
58,2,agriculture_share,23,15
58,2,manufacturing_share,23,9
58,2,mining_share,23,0
58,2,public_share,23,10
58,3,total_rub,0,0
58,3,health_pct,0,0
58,3,marketplaces_pct,0,0
58,3,horeca_pct,0,0
58,3,food_pct,0,0
58,3,transport_pct,0,0
58,3,wage_total,0,0
58,3,population_total,0,0
58,3,market_access,0,0
58,3,agriculture_share,0,0
58,3,manufacturing_share,0,0
58,3,mining_share,0,0
58,3,public_share,0,0
59,0,total_rub,1,1
59,0,health_pct,1,1
59,0,marketplaces_pct,1,1
59,0,horeca_pct,1,1
59,0,food_pct,1,1
59,0,transport_pct,1,1
59,0,wage_total,1,1
59,0,population_total,1,1
59,0,market_access,1,1
59,0,agriculture_share,1,1
59,0,manufacturing_share,1,1
59,0,mining_share,1,1
59,0,public_share,1,1
59,1,total_rub,17,17
59,1,health_pct,17,17
59,1,marketplaces_pct,17,17
59,1,horeca_pct,17,17
59,1,food_pct,17,17
59,1,transport_pct,17,17
59,1,wage_total,17,17
59,1,population_total,17,17
59,1,market_access,17,17
59,1,agriculture_share,17,10
59,1,manufacturing_share,17,13
59,1,mining_share,17,11
59,1,public_share,17,17
59,2,total_rub,24,24
59,2,health_pct,24,24
59,2,marketplaces_pct,24,24
59,2,horeca_pct,24,24
59,2,food_pct,24,24
59,2,transport_pct,24,24
59,2,wage_total,24,24
59,2,population_total,24,24
59,2,market_access,24,24
59,2,agriculture_share,24,11
59,2,manufacturing_share,24,4
59,2,mining_share,24,8
59,2,public_share,24,20
59,3,total_rub,0,0
59,3,health_pct,0,0
59,3,marketplaces_pct,0,0
59,3,horeca_pct,0,0
59,3,food_pct,0,0
59,3,transport_pct,0,0
59,3,wage_total,0,0
59,3,population_total,0,0
59,3,market_access,0,0
59,3,agriculture_share,0,0
59,3,manufacturing_share,0,0
59,3,mining_share,0,0
59,3,public_share,0,0
60,0,total_rub,0,0
60,0,health_pct,0,0
60,0,marketplaces_pct,0,0
60,0,horeca_pct,0,0
60,0,food_pct,0,0
60,0,transport_pct,0,0
60,0,wage_total,0,0
60,0,population_total,0,0
60,0,market_access,0,0
60,0,agriculture_share,0,0
60,0,manufacturing_share,0,0
60,0,mining_share,0,0
60,0,public_share,0,0
60,1,total_rub,3,3
60,1,health_pct,3,3
60,1,marketplaces_pct,3,3
60,1,horeca_pct,3,3
60,1,food_pct,3,3
60,1,transport_pct,3,3
60,1,wage_total,3,3
60,1,population_total,3,3
60,1,market_access,3,3
60,1,agriculture_share,3,2
60,1,manufacturing_share,3,3
60,1,mining_share,3,0
60,1,public_share,3,3
60,2,total_rub,19,19
60,2,health_pct,19,19
60,2,marketplaces_pct,19,19
60,2,horeca_pct,19,19
60,2,food_pct,19,19
60,2,transport_pct,19,19
60,2,wage_total,19,19
60,2,population_total,19,19
60,2,market_access,19,19
60,2,agriculture_share,19,5
60,2,manufacturing_share,19,3
60,2,mining_share,19,0
60,2,public_share,19,19
60,3,total_rub,0,0
60,3,health_pct,0,0
60,3,marketplaces_pct,0,0
60,3,horeca_pct,0,0
60,3,food_pct,0,0
60,3,transport_pct,0,0
60,3,wage_total,0,0
60,3,population_total,0,0
60,3,market_access,0,0
60,3,agriculture_share,0,0
60,3,manufacturing_share,0,0
60,3,mining_share,0,0
60,3,public_share,0,0
62,0,total_rub,1,1
62,0,health_pct,1,1
62,0,marketplaces_pct,1,1
62,0,horeca_pct,1,1
62,0,food_pct,1,1
62,0,transport_pct,1,1
62,0,wage_total,1,1
62,0,population_total,1,1
62,0,market_access,1,1
62,0,agriculture_share,1,1
62,0,manufacturing_share,1,1
62,0,mining_share,1,1
62,0,public_share,1,1
62,1,total_rub,1,1
62,1,health_pct,1,1
62,1,marketplaces_pct,1,1
62,1,horeca_pct,1,1
62,1,food_pct,1,1
62,1,transport_pct,1,1
62,1,wage_total,1,1
62,1,population_total,1,1
62,1,market_access,1,1
62,1,agriculture_share,1,1
62,1,manufacturing_share,1,1
62,1,mining_share,1,0
62,1,public_share,1,0
62,2,total_rub,24,24
62,2,health_pct,24,24
62,2,marketplaces_pct,24,24
62,2,horeca_pct,24,24
62,2,food_pct,24,24
62,2,transport_pct,24,24
62,2,wage_total,24,24
62,2,population_total,24,24
62,2,market_access,24,24
62,2,agriculture_share,24,13
62,2,manufacturing_share,24,9
62,2,mining_share,24,0
62,2,public_share,24,11
62,3,total_rub,0,0
62,3,health_pct,0,0
62,3,marketplaces_pct,0,0
62,3,horeca_pct,0,0
62,3,food_pct,0,0
62,3,transport_pct,0,0
62,3,wage_total,0,0
62,3,population_total,0,0
62,3,market_access,0,0
62,3,agriculture_share,0,0
62,3,manufacturing_share,0,0
62,3,mining_share,0,0
62,3,public_share,0,0
63,0,total_rub,1,1
63,0,health_pct,1,1
63,0,marketplaces_pct,1,1
63,0,horeca_pct,1,1
63,0,food_pct,1,1
63,0,transport_pct,1,1
63,0,wage_total,1,1
63,0,population_total,1,1
63,0,market_access,1,1
63,0,agriculture_share,1,1
63,0,manufacturing_share,1,1
63,0,mining_share,1,1
63,0,public_share,1,1
63,1,total_rub,11,11
63,1,health_pct,11,11
63,1,marketplaces_pct,11,11
63,1,horeca_pct,11,11
63,1,food_pct,11,11
63,1,transport_pct,11,11
63,1,wage_total,11,11
63,1,population_total,11,11
63,1,market_access,11,11
63,1,agriculture_share,11,6
63,1,manufacturing_share,11,10
63,1,mining_share,11,3
63,1,public_share,11,11
63,2,total_rub,24,24
63,2,health_pct,24,24
63,2,marketplaces_pct,24,24
63,2,horeca_pct,24,24
63,2,food_pct,24,24
63,2,transport_pct,24,24
63,2,wage_total,24,24
63,2,population_total,24,24
63,2,market_access,24,24
63,2,agriculture_share,24,13
63,2,manufacturing_share,24,6
63,2,mining_share,24,9
63,2,public_share,24,23
63,3,total_rub,0,0
63,3,health_pct,0,0
63,3,marketplaces_pct,0,0
63,3,horeca_pct,0,0
63,3,food_pct,0,0
63,3,transport_pct,0,0
63,3,wage_total,0,0
63,3,population_total,0,0
63,3,market_access,0,0
63,3,agriculture_share,0,0
63,3,manufacturing_share,0,0
63,3,mining_share,0,0
63,3,public_share,0,0
64,0,total_rub,1,1
64,0,health_pct,1,1
64,0,marketplaces_pct,1,1
64,0,horeca_pct,1,1
64,0,food_pct,1,1
64,0,transport_pct,1,1
64,0,wage_total,1,1
64,0,population_total,1,1
64,0,market_access,1,1
64,0,agriculture_share,1,1
64,0,manufacturing_share,1,1
64,0,mining_share,1,1
64,0,public_share,1,1
64,1,total_rub,5,5
64,1,health_pct,5,5
64,1,marketplaces_pct,5,5
64,1,horeca_pct,5,5
64,1,food_pct,5,5
64,1,transport_pct,5,5
64,1,wage_total,5,5
64,1,population_total,5,5
64,1,market_access,5,5
64,1,agriculture_share,5,4
64,1,manufacturing_share,5,3
64,1,mining_share,5,1
64,1,public_share,5,5
64,2,total_rub,33,33
64,2,health_pct,33,33
64,2,marketplaces_pct,33,33
64,2,horeca_pct,33,33
64,2,food_pct,33,33
64,2,transport_pct,33,33
64,2,wage_total,33,33
64,2,population_total,33,33
64,2,market_access,33,33
64,2,agriculture_share,33,24
64,2,manufacturing_share,33,6
64,2,mining_share,33,4
64,2,public_share,33,26
64,3,total_rub,0,0
64,3,health_pct,0,0
64,3,marketplaces_pct,0,0
64,3,horeca_pct,0,0
64,3,food_pct,0,0
64,3,transport_pct,0,0
64,3,wage_total,0,0
64,3,population_total,0,0
64,3,market_access,0,0
64,3,agriculture_share,0,0
64,3,manufacturing_share,0,0
64,3,mining_share,0,0
64,3,public_share,0,0
65,0,total_rub,0,0
65,0,health_pct,0,0
65,0,marketplaces_pct,0,0
65,0,horeca_pct,0,0
65,0,food_pct,0,0
65,0,transport_pct,0,0
65,0,wage_total,0,0
65,0,population_total,0,0
65,0,market_access,0,0
65,0,agriculture_share,0,0
65,0,manufacturing_share,0,0
65,0,mining_share,0,0
65,0,public_share,0,0
65,1,total_rub,0,0
65,1,health_pct,0,0
65,1,marketplaces_pct,0,0
65,1,horeca_pct,0,0
65,1,food_pct,0,0
65,1,transport_pct,0,0
65,1,wage_total,0,0
65,1,population_total,0,0
65,1,market_access,0,0
65,1,agriculture_share,0,0
65,1,manufacturing_share,0,0
65,1,mining_share,0,0
65,1,public_share,0,0
65,2,total_rub,0,0
65,2,health_pct,0,0
65,2,marketplaces_pct,0,0
65,2,horeca_pct,0,0
65,2,food_pct,0,0
65,2,transport_pct,0,0
65,2,wage_total,0,0
65,2,population_total,0,0
65,2,market_access,0,0
65,2,agriculture_share,0,0
65,2,manufacturing_share,0,0
65,2,mining_share,0,0
65,2,public_share,0,0
65,3,total_rub,16,16
65,3,health_pct,16,16
65,3,marketplaces_pct,16,16
65,3,horeca_pct,16,16
65,3,food_pct,16,16
65,3,transport_pct,16,16
65,3,wage_total,16,16
65,3,population_total,16,16
65,3,market_access,16,16
65,3,agriculture_share,16,13
65,3,manufacturing_share,16,4
65,3,mining_share,16,4
65,3,public_share,16,15
66,0,total_rub,3,3
66,0,health_pct,3,3
66,0,marketplaces_pct,3,3
66,0,horeca_pct,3,3
66,0,food_pct,3,3
66,0,transport_pct,3,3
66,0,wage_total,3,3
66,0,population_total,3,3
66,0,market_access,3,3
66,0,agriculture_share,3,2
66,0,manufacturing_share,3,3
66,0,mining_share,3,1
66,0,public_share,3,3
66,1,total_rub,34,34
66,1,health_pct,34,34
66,1,marketplaces_pct,34,34
66,1,horeca_pct,34,34
66,1,food_pct,34,34
66,1,transport_pct,34,34
66,1,wage_total,34,34
66,1,population_total,34,34
66,1,market_access,34,34
66,1,agriculture_share,34,12
66,1,manufacturing_share,34,30
66,1,mining_share,34,5
66,1,public_share,34,33
66,2,total_rub,27,27
66,2,health_pct,27,27
66,2,marketplaces_pct,27,27
66,2,horeca_pct,27,27
66,2,food_pct,27,27
66,2,transport_pct,27,27
66,2,wage_total,27,27
66,2,population_total,27,27
66,2,market_access,27,27
66,2,agriculture_share,27,7
66,2,manufacturing_share,27,9
66,2,mining_share,27,0
66,2,public_share,27,17
66,3,total_rub,0,0
66,3,health_pct,0,0
66,3,marketplaces_pct,0,0
66,3,horeca_pct,0,0
66,3,food_pct,0,0
66,3,transport_pct,0,0
66,3,wage_total,0,0
66,3,population_total,0,0
66,3,market_access,0,0
66,3,agriculture_share,0,0
66,3,manufacturing_share,0,0
66,3,mining_share,0,0
66,3,public_share,0,0
67,0,total_rub,0,0
67,0,health_pct,0,0
67,0,marketplaces_pct,0,0
67,0,horeca_pct,0,0
67,0,food_pct,0,0
67,0,transport_pct,0,0
67,0,wage_total,0,0
67,0,population_total,0,0
67,0,market_access,0,0
67,0,agriculture_share,0,0
67,0,manufacturing_share,0,0
67,0,mining_share,0,0
67,0,public_share,0,0
67,1,total_rub,6,6
67,1,health_pct,6,6
67,1,marketplaces_pct,6,6
67,1,horeca_pct,6,6
67,1,food_pct,6,6
67,1,transport_pct,6,6
67,1,wage_total,6,6
67,1,population_total,6,6
67,1,market_access,6,6
67,1,agriculture_share,6,6
67,1,manufacturing_share,6,6
67,1,mining_share,6,0
67,1,public_share,6,6
67,2,total_rub,21,21
67,2,health_pct,21,21
67,2,marketplaces_pct,21,21
67,2,horeca_pct,21,21
67,2,food_pct,21,21
67,2,transport_pct,21,21
67,2,wage_total,21,21
67,2,population_total,21,21
67,2,market_access,21,21
67,2,agriculture_share,21,8
67,2,manufacturing_share,21,6
67,2,mining_share,21,0
67,2,public_share,21,13
67,3,total_rub,0,0
67,3,health_pct,0,0
67,3,marketplaces_pct,0,0
67,3,horeca_pct,0,0
67,3,food_pct,0,0
67,3,transport_pct,0,0
67,3,wage_total,0,0
67,3,population_total,0,0
67,3,market_access,0,0
67,3,agriculture_share,0,0
67,3,manufacturing_share,0,0
67,3,mining_share,0,0
67,3,public_share,0,0
68,0,total_rub,0,0
68,0,health_pct,0,0
68,0,marketplaces_pct,0,0
68,0,horeca_pct,0,0
68,0,food_pct,0,0
68,0,transport_pct,0,0
68,0,wage_total,0,0
68,0,population_total,0,0
68,0,market_access,0,0
68,0,agriculture_share,0,0
68,0,manufacturing_share,0,0
68,0,mining_share,0,0
68,0,public_share,0,0
68,1,total_rub,2,2
68,1,health_pct,2,2
68,1,marketplaces_pct,2,2
68,1,horeca_pct,2,2
68,1,food_pct,2,2
68,1,transport_pct,2,2
68,1,wage_total,2,2
68,1,population_total,2,2
68,1,market_access,2,2
68,1,agriculture_share,2,1
68,1,manufacturing_share,2,2
68,1,mining_share,2,0
68,1,public_share,2,2
68,2,total_rub,22,22
68,2,health_pct,22,22
68,2,marketplaces_pct,22,22
68,2,horeca_pct,22,22
68,2,food_pct,22,22
68,2,transport_pct,22,22
68,2,wage_total,22,22
68,2,population_total,22,22
68,2,market_access,22,22
68,2,agriculture_share,22,16
68,2,manufacturing_share,22,8
68,2,mining_share,22,0
68,2,public_share,22,16
68,3,total_rub,0,0
68,3,health_pct,0,0
68,3,marketplaces_pct,0,0
68,3,horeca_pct,0,0
68,3,food_pct,0,0
68,3,transport_pct,0,0
68,3,wage_total,0,0
68,3,population_total,0,0
68,3,market_access,0,0
68,3,agriculture_share,0,0
68,3,manufacturing_share,0,0
68,3,mining_share,0,0
68,3,public_share,0,0
69,0,total_rub,0,0
69,0,health_pct,0,0
69,0,marketplaces_pct,0,0
69,0,horeca_pct,0,0
69,0,food_pct,0,0
69,0,transport_pct,0,0
69,0,wage_total,0,0
69,0,population_total,0,0
69,0,market_access,0,0
69,0,agriculture_share,0,0
69,0,manufacturing_share,0,0
69,0,mining_share,0,0
69,0,public_share,0,0
69,1,total_rub,7,7
69,1,health_pct,7,7
69,1,marketplaces_pct,7,7
69,1,horeca_pct,7,7
69,1,food_pct,7,7
69,1,transport_pct,7,7
69,1,wage_total,7,7
69,1,population_total,7,7
69,1,market_access,7,7
69,1,agriculture_share,7,5
69,1,manufacturing_share,7,7
69,1,mining_share,7,0
69,1,public_share,7,7
69,2,total_rub,30,30
69,2,health_pct,30,30
69,2,marketplaces_pct,30,30
69,2,horeca_pct,30,30
69,2,food_pct,30,30
69,2,transport_pct,30,30
69,2,wage_total,30,30
69,2,population_total,30,30
69,2,market_access,30,30
69,2,agriculture_share,30,8
69,2,manufacturing_share,30,8
69,2,mining_share,30,0
69,2,public_share,30,29
69,3,total_rub,0,0
69,3,health_pct,0,0
69,3,marketplaces_pct,0,0
69,3,horeca_pct,0,0
69,3,food_pct,0,0
69,3,transport_pct,0,0
69,3,wage_total,0,0
69,3,population_total,0,0
69,3,market_access,0,0
69,3,agriculture_share,0,0
69,3,manufacturing_share,0,0
69,3,mining_share,0,0
69,3,public_share,0,0
70,0,total_rub,2,2
70,0,health_pct,2,2
70,0,marketplaces_pct,2,2
70,0,horeca_pct,2,2
70,0,food_pct,2,2
70,0,transport_pct,2,2
70,0,wage_total,2,2
70,0,population_total,2,2
70,0,market_access,2,2
70,0,agriculture_share,2,2
70,0,manufacturing_share,2,1
70,0,mining_share,2,1
70,0,public_share,2,2
70,1,total_rub,1,1
70,1,health_pct,1,1
70,1,marketplaces_pct,1,1
70,1,horeca_pct,1,1
70,1,food_pct,1,1
70,1,transport_pct,1,1
70,1,wage_total,1,1
70,1,population_total,1,1
70,1,market_access,1,1
70,1,agriculture_share,1,0
70,1,manufacturing_share,1,1
70,1,mining_share,1,1
70,1,public_share,1,1
70,2,total_rub,15,15
70,2,health_pct,15,15
70,2,marketplaces_pct,15,15
70,2,horeca_pct,15,15
70,2,food_pct,15,15
70,2,transport_pct,15,15
70,2,wage_total,15,15
70,2,population_total,15,15
70,2,market_access,15,15
70,2,agriculture_share,15,8
70,2,manufacturing_share,15,5
70,2,mining_share,15,2
70,2,public_share,15,9
70,3,total_rub,1,1
70,3,health_pct,1,1
70,3,marketplaces_pct,1,1
70,3,horeca_pct,1,1
70,3,food_pct,1,1
70,3,transport_pct,1,1
70,3,wage_total,1,1
70,3,population_total,1,1
70,3,market_access,1,1
70,3,agriculture_share,1,0
70,3,manufacturing_share,1,1
70,3,mining_share,1,1
70,3,public_share,1,1
71,0,total_rub,1,1
71,0,health_pct,1,1
71,0,marketplaces_pct,1,1
71,0,horeca_pct,1,1
71,0,food_pct,1,1
71,0,transport_pct,1,1
71,0,wage_total,1,1
71,0,population_total,1,1
71,0,market_access,1,1
71,0,agriculture_share,1,1
71,0,manufacturing_share,1,1
71,0,mining_share,1,1
71,0,public_share,1,1
71,1,total_rub,8,8
71,1,health_pct,8,8
71,1,marketplaces_pct,8,8
71,1,horeca_pct,8,8
71,1,food_pct,8,8
71,1,transport_pct,8,8
71,1,wage_total,8,8
71,1,population_total,8,8
71,1,market_access,8,8
71,1,agriculture_share,8,6
71,1,manufacturing_share,8,7
71,1,mining_share,8,0
71,1,public_share,8,8
71,2,total_rub,15,15
71,2,health_pct,15,15
71,2,marketplaces_pct,15,15
71,2,horeca_pct,15,15
71,2,food_pct,15,15
71,2,transport_pct,15,15
71,2,wage_total,15,15
71,2,population_total,15,15
71,2,market_access,15,15
71,2,agriculture_share,15,9
71,2,manufacturing_share,15,7
71,2,mining_share,15,0
71,2,public_share,15,15
71,3,total_rub,0,0
71,3,health_pct,0,0
71,3,marketplaces_pct,0,0
71,3,horeca_pct,0,0
71,3,food_pct,0,0
71,3,transport_pct,0,0
71,3,wage_total,0,0
71,3,population_total,0,0
71,3,market_access,0,0
71,3,agriculture_share,0,0
71,3,manufacturing_share,0,0
71,3,mining_share,0,0
71,3,public_share,0,0
72,0,total_rub,1,1
72,0,health_pct,1,1
72,0,marketplaces_pct,1,1
72,0,horeca_pct,1,1
72,0,food_pct,1,1
72,0,transport_pct,1,1
72,0,wage_total,1,1
72,0,population_total,1,1
72,0,market_access,1,1
72,0,agriculture_share,1,1
72,0,manufacturing_share,1,1
72,0,mining_share,1,1
72,0,public_share,1,1
72,1,total_rub,10,10
72,1,health_pct,10,10
72,1,marketplaces_pct,10,10
72,1,horeca_pct,10,10
72,1,food_pct,10,10
72,1,transport_pct,10,10
72,1,wage_total,10,4
72,1,population_total,10,4
72,1,market_access,10,10
72,1,agriculture_share,10,3
72,1,manufacturing_share,10,4
72,1,mining_share,10,0
72,1,public_share,10,4
72,2,total_rub,13,13
72,2,health_pct,13,13
72,2,marketplaces_pct,13,13
72,2,horeca_pct,13,13
72,2,food_pct,13,13
72,2,transport_pct,13,13
72,2,wage_total,13,1
72,2,population_total,13,1
72,2,market_access,13,13
72,2,agriculture_share,13,1
72,2,manufacturing_share,13,0
72,2,mining_share,13,0
72,2,public_share,13,1
72,3,total_rub,0,0
72,3,health_pct,0,0
72,3,marketplaces_pct,0,0
72,3,horeca_pct,0,0
72,3,food_pct,0,0
72,3,transport_pct,0,0
72,3,wage_total,0,0
72,3,population_total,0,0
72,3,market_access,0,0
72,3,agriculture_share,0,0
72,3,manufacturing_share,0,0
72,3,mining_share,0,0
72,3,public_share,0,0
73,0,total_rub,0,0
73,0,health_pct,0,0
73,0,marketplaces_pct,0,0
73,0,horeca_pct,0,0
73,0,food_pct,0,0
73,0,transport_pct,0,0
73,0,wage_total,0,0
73,0,population_total,0,0
73,0,market_access,0,0
73,0,agriculture_share,0,0
73,0,manufacturing_share,0,0
73,0,mining_share,0,0
73,0,public_share,0,0
73,1,total_rub,2,2
73,1,health_pct,2,2
73,1,marketplaces_pct,2,2
73,1,horeca_pct,2,2
73,1,food_pct,2,2
73,1,transport_pct,2,2
73,1,wage_total,2,2
73,1,population_total,2,2
73,1,market_access,2,2
73,1,agriculture_share,2,1
73,1,manufacturing_share,2,2
73,1,mining_share,2,0
73,1,public_share,2,2
73,2,total_rub,19,19
73,2,health_pct,19,19
73,2,marketplaces_pct,19,19
73,2,horeca_pct,19,19
73,2,food_pct,19,19
73,2,transport_pct,19,19
73,2,wage_total,19,19
73,2,population_total,19,19
73,2,market_access,19,19
73,2,agriculture_share,19,7
73,2,manufacturing_share,19,7
73,2,mining_share,19,0
73,2,public_share,19,19
73,3,total_rub,0,0
73,3,health_pct,0,0
73,3,marketplaces_pct,0,0
73,3,horeca_pct,0,0
73,3,food_pct,0,0
73,3,transport_pct,0,0
73,3,wage_total,0,0
73,3,population_total,0,0
73,3,market_access,0,0
73,3,agriculture_share,0,0
73,3,manufacturing_share,0,0
73,3,mining_share,0,0
73,3,public_share,0,0
74,0,total_rub,1,1
74,0,health_pct,1,1
74,0,marketplaces_pct,1,1
74,0,horeca_pct,1,1
74,0,food_pct,1,1
74,0,transport_pct,1,1
74,0,wage_total,1,1
74,0,population_total,1,1
74,0,market_access,1,1
74,0,agriculture_share,1,1
74,0,manufacturing_share,1,1
74,0,mining_share,1,1
74,0,public_share,1,1
74,1,total_rub,10,10
74,1,health_pct,10,10
74,1,marketplaces_pct,10,10
74,1,horeca_pct,10,10
74,1,food_pct,10,10
74,1,transport_pct,10,10
74,1,wage_total,10,10
74,1,population_total,10,10
74,1,market_access,10,10
74,1,agriculture_share,10,2
74,1,manufacturing_share,10,10
74,1,mining_share,10,2
74,1,public_share,10,10
74,2,total_rub,26,26
74,2,health_pct,26,26
74,2,marketplaces_pct,26,26
74,2,horeca_pct,26,26
74,2,food_pct,26,26
74,2,transport_pct,26,26
74,2,wage_total,26,26
74,2,population_total,26,26
74,2,market_access,26,26
74,2,agriculture_share,26,10
74,2,manufacturing_share,26,14
74,2,mining_share,26,7
74,2,public_share,26,26
74,3,total_rub,0,0
74,3,health_pct,0,0
74,3,marketplaces_pct,0,0
74,3,horeca_pct,0,0
74,3,food_pct,0,0
74,3,transport_pct,0,0
74,3,wage_total,0,0
74,3,population_total,0,0
74,3,market_access,0,0
74,3,agriculture_share,0,0
74,3,manufacturing_share,0,0
74,3,mining_share,0,0
74,3,public_share,0,0
75,0,total_rub,0,0
75,0,health_pct,0,0
75,0,marketplaces_pct,0,0
75,0,horeca_pct,0,0
75,0,food_pct,0,0
75,0,transport_pct,0,0
75,0,wage_total,0,0
75,0,population_total,0,0
75,0,market_access,0,0
75,0,agriculture_share,0,0
75,0,manufacturing_share,0,0
75,0,mining_share,0,0
75,0,public_share,0,0
75,1,total_rub,21,21
75,1,health_pct,21,21
75,1,marketplaces_pct,21,21
75,1,horeca_pct,21,21
75,1,food_pct,21,21
75,1,transport_pct,21,21
75,1,wage_total,21,21
75,1,population_total,21,21
75,1,market_access,21,21
75,1,agriculture_share,21,9
75,1,manufacturing_share,21,6
75,1,mining_share,21,4
75,1,public_share,21,19
75,2,total_rub,2,2
75,2,health_pct,2,2
75,2,marketplaces_pct,2,2
75,2,horeca_pct,2,2
75,2,food_pct,2,2
75,2,transport_pct,2,2
75,2,wage_total,2,2
75,2,population_total,2,2
75,2,market_access,2,2
75,2,agriculture_share,2,0
75,2,manufacturing_share,2,1
75,2,mining_share,2,1
75,2,public_share,2,2
75,3,total_rub,5,5
75,3,health_pct,5,5
75,3,marketplaces_pct,5,5
75,3,horeca_pct,5,5
75,3,food_pct,5,5
75,3,transport_pct,5,5
75,3,wage_total,5,5
75,3,population_total,5,5
75,3,market_access,5,5
75,3,agriculture_share,5,1
75,3,manufacturing_share,5,2
75,3,mining_share,5,4
75,3,public_share,5,5
76,0,total_rub,0,0
76,0,health_pct,0,0
76,0,marketplaces_pct,0,0
76,0,horeca_pct,0,0
76,0,food_pct,0,0
76,0,transport_pct,0,0
76,0,wage_total,0,0
76,0,population_total,0,0
76,0,market_access,0,0
76,0,agriculture_share,0,0
76,0,manufacturing_share,0,0
76,0,mining_share,0,0
76,0,public_share,0,0
76,1,total_rub,5,5
76,1,health_pct,5,5
76,1,marketplaces_pct,5,5
76,1,horeca_pct,5,5
76,1,food_pct,5,5
76,1,transport_pct,5,5
76,1,wage_total,5,5
76,1,population_total,5,5
76,1,market_access,5,5
76,1,agriculture_share,5,4
76,1,manufacturing_share,5,5
76,1,mining_share,5,1
76,1,public_share,5,5
76,2,total_rub,14,14
76,2,health_pct,14,14
76,2,marketplaces_pct,14,14
76,2,horeca_pct,14,14
76,2,food_pct,14,14
76,2,transport_pct,14,14
76,2,wage_total,14,14
76,2,population_total,14,14
76,2,market_access,14,14
76,2,agriculture_share,14,13
76,2,manufacturing_share,14,4
76,2,mining_share,14,0
76,2,public_share,14,14
76,3,total_rub,0,0
76,3,health_pct,0,0
76,3,marketplaces_pct,0,0
76,3,horeca_pct,0,0
76,3,food_pct,0,0
76,3,transport_pct,0,0
76,3,wage_total,0,0
76,3,population_total,0,0
76,3,market_access,0,0
76,3,agriculture_share,0,0
76,3,manufacturing_share,0,0
76,3,mining_share,0,0
76,3,public_share,0,0
77,0,total_rub,139,139
77,0,health_pct,139,139
77,0,marketplaces_pct,139,139
77,0,horeca_pct,139,139
77,0,food_pct,139,139
77,0,transport_pct,139,139
77,0,wage_total,139,2
77,0,population_total,139,2
77,0,market_access,139,139
77,0,agriculture_share,139,0
77,0,manufacturing_share,139,2
77,0,mining_share,139,0
77,0,public_share,139,2
77,1,total_rub,5,5
77,1,health_pct,5,5
77,1,marketplaces_pct,5,5
77,1,horeca_pct,5,5
77,1,food_pct,5,5
77,1,transport_pct,5,5
77,1,wage_total,5,0
77,1,population_total,5,0
77,1,market_access,5,5
77,1,agriculture_share,5,0
77,1,manufacturing_share,5,0
77,1,mining_share,5,0
77,1,public_share,5,0
77,2,total_rub,0,0
77,2,health_pct,0,0
77,2,marketplaces_pct,0,0
77,2,horeca_pct,0,0
77,2,food_pct,0,0
77,2,transport_pct,0,0
77,2,wage_total,0,0
77,2,population_total,0,0
77,2,market_access,0,0
77,2,agriculture_share,0,0
77,2,manufacturing_share,0,0
77,2,mining_share,0,0
77,2,public_share,0,0
77,3,total_rub,0,0
77,3,health_pct,0,0
77,3,marketplaces_pct,0,0
77,3,horeca_pct,0,0
77,3,food_pct,0,0
77,3,transport_pct,0,0
77,3,wage_total,0,0
77,3,population_total,0,0
77,3,market_access,0,0
77,3,agriculture_share,0,0
77,3,manufacturing_share,0,0
77,3,mining_share,0,0
77,3,public_share,0,0
78,0,total_rub,97,97
78,0,health_pct,97,97
78,0,marketplaces_pct,97,97
78,0,horeca_pct,97,97
78,0,food_pct,97,97
78,0,transport_pct,97,97
78,0,wage_total,97,80
78,0,population_total,97,80
78,0,market_access,97,97
78,0,agriculture_share,97,2
78,0,manufacturing_share,97,62
78,0,mining_share,97,2
78,0,public_share,97,57
78,1,total_rub,1,1
78,1,health_pct,1,1
78,1,marketplaces_pct,1,1
78,1,horeca_pct,1,1
78,1,food_pct,1,1
78,1,transport_pct,1,1
78,1,wage_total,1,0
78,1,population_total,1,0
78,1,market_access,1,1
78,1,agriculture_share,1,0
78,1,manufacturing_share,1,0
78,1,mining_share,1,0
78,1,public_share,1,0
78,2,total_rub,0,0
78,2,health_pct,0,0
78,2,marketplaces_pct,0,0
78,2,horeca_pct,0,0
78,2,food_pct,0,0
78,2,transport_pct,0,0
78,2,wage_total,0,0
78,2,population_total,0,0
78,2,market_access,0,0
78,2,agriculture_share,0,0
78,2,manufacturing_share,0,0
78,2,mining_share,0,0
78,2,public_share,0,0
78,3,total_rub,0,0
78,3,health_pct,0,0
78,3,marketplaces_pct,0,0
78,3,horeca_pct,0,0
78,3,food_pct,0,0
78,3,transport_pct,0,0
78,3,wage_total,0,0
78,3,population_total,0,0
78,3,market_access,0,0
78,3,agriculture_share,0,0
78,3,manufacturing_share,0,0
78,3,mining_share,0,0
78,3,public_share,0,0
79,0,total_rub,0,0
79,0,health_pct,0,0
79,0,marketplaces_pct,0,0
79,0,horeca_pct,0,0
79,0,food_pct,0,0
79,0,transport_pct,0,0
79,0,wage_total,0,0
79,0,population_total,0,0
79,0,market_access,0,0
79,0,agriculture_share,0,0
79,0,manufacturing_share,0,0
79,0,mining_share,0,0
79,0,public_share,0,0
79,1,total_rub,0,0
79,1,health_pct,0,0
79,1,marketplaces_pct,0,0
79,1,horeca_pct,0,0
79,1,food_pct,0,0
79,1,transport_pct,0,0
79,1,wage_total,0,0
79,1,population_total,0,0
79,1,market_access,0,0
79,1,agriculture_share,0,0
79,1,manufacturing_share,0,0
79,1,mining_share,0,0
79,1,public_share,0,0
79,2,total_rub,1,1
79,2,health_pct,1,1
79,2,marketplaces_pct,1,1
79,2,horeca_pct,1,1
79,2,food_pct,1,1
79,2,transport_pct,1,1
79,2,wage_total,1,1
79,2,population_total,1,1
79,2,market_access,1,1
79,2,agriculture_share,1,1
79,2,manufacturing_share,1,0
79,2,mining_share,1,0
79,2,public_share,1,1
79,3,total_rub,5,5
79,3,health_pct,5,5
79,3,marketplaces_pct,5,5
79,3,horeca_pct,5,5
79,3,food_pct,5,5
79,3,transport_pct,5,5
79,3,wage_total,5,5
79,3,population_total,5,5
79,3,market_access,5,5
79,3,agriculture_share,5,3
79,3,manufacturing_share,5,2
79,3,mining_share,5,1
79,3,public_share,5,4
83,0,total_rub,0,0
83,0,health_pct,0,0
83,0,marketplaces_pct,0,0
83,0,horeca_pct,0,0
83,0,food_pct,0,0
83,0,transport_pct,0,0
83,0,wage_total,0,0
83,0,population_total,0,0
83,0,market_access,0,0
83,0,agriculture_share,0,0
83,0,manufacturing_share,0,0
83,0,mining_share,0,0
83,0,public_share,0,0
83,1,total_rub,0,0
83,1,health_pct,0,0
83,1,marketplaces_pct,0,0
83,1,horeca_pct,0,0
83,1,food_pct,0,0
83,1,transport_pct,0,0
83,1,wage_total,0,0
83,1,population_total,0,0
83,1,market_access,0,0
83,1,agriculture_share,0,0
83,1,manufacturing_share,0,0
83,1,mining_share,0,0
83,1,public_share,0,0
83,2,total_rub,0,0
83,2,health_pct,0,0
83,2,marketplaces_pct,0,0
83,2,horeca_pct,0,0
83,2,food_pct,0,0
83,2,transport_pct,0,0
83,2,wage_total,0,0
83,2,population_total,0,0
83,2,market_access,0,0
83,2,agriculture_share,0,0
83,2,manufacturing_share,0,0
83,2,mining_share,0,0
83,2,public_share,0,0
83,3,total_rub,2,2
83,3,health_pct,2,2
83,3,marketplaces_pct,2,2
83,3,horeca_pct,2,2
83,3,food_pct,2,2
83,3,transport_pct,2,2
83,3,wage_total,2,2
83,3,population_total,2,2
83,3,market_access,2,2
83,3,agriculture_share,2,2
83,3,manufacturing_share,2,2
83,3,mining_share,2,2
83,3,public_share,2,2
86,0,total_rub,3,3
86,0,health_pct,3,3
86,0,marketplaces_pct,3,3
86,0,horeca_pct,3,3
86,0,food_pct,3,3
86,0,transport_pct,3,3
86,0,wage_total,3,3
86,0,population_total,3,3
86,0,market_access,3,3
86,0,agriculture_share,3,1
86,0,manufacturing_share,3,3
86,0,mining_share,3,3
86,0,public_share,3,3
86,1,total_rub,18,18
86,1,health_pct,18,18
86,1,marketplaces_pct,18,18
86,1,horeca_pct,18,18
86,1,food_pct,18,18
86,1,transport_pct,18,18
86,1,wage_total,18,18
86,1,population_total,18,18
86,1,market_access,18,18
86,1,agriculture_share,18,0
86,1,manufacturing_share,18,18
86,1,mining_share,18,17
86,1,public_share,18,16
86,2,total_rub,1,1
86,2,health_pct,1,1
86,2,marketplaces_pct,1,1
86,2,horeca_pct,1,1
86,2,food_pct,1,1
86,2,transport_pct,1,1
86,2,wage_total,1,1
86,2,population_total,1,1
86,2,market_access,1,1
86,2,agriculture_share,1,0
86,2,manufacturing_share,1,1
86,2,mining_share,1,1
86,2,public_share,1,1
86,3,total_rub,0,0
86,3,health_pct,0,0
86,3,marketplaces_pct,0,0
86,3,horeca_pct,0,0
86,3,food_pct,0,0
86,3,transport_pct,0,0
86,3,wage_total,0,0
86,3,population_total,0,0
86,3,market_access,0,0
86,3,agriculture_share,0,0
86,3,manufacturing_share,0,0
86,3,mining_share,0,0
86,3,public_share,0,0
87,0,total_rub,1,1
87,0,health_pct,1,1
87,0,marketplaces_pct,1,1
87,0,horeca_pct,1,1
87,0,food_pct,1,1
87,0,transport_pct,1,1
87,0,wage_total,1,1
87,0,population_total,1,1
87,0,market_access,1,0
87,0,agriculture_share,1,1
87,0,manufacturing_share,1,1
87,0,mining_share,1,1
87,0,public_share,1,1
87,1,total_rub,0,0
87,1,health_pct,0,0
87,1,marketplaces_pct,0,0
87,1,horeca_pct,0,0
87,1,food_pct,0,0
87,1,transport_pct,0,0
87,1,wage_total,0,0
87,1,population_total,0,0
87,1,market_access,0,0
87,1,agriculture_share,0,0
87,1,manufacturing_share,0,0
87,1,mining_share,0,0
87,1,public_share,0,0
87,2,total_rub,0,0
87,2,health_pct,0,0
87,2,marketplaces_pct,0,0
87,2,horeca_pct,0,0
87,2,food_pct,0,0
87,2,transport_pct,0,0
87,2,wage_total,0,0
87,2,population_total,0,0
87,2,market_access,0,0
87,2,agriculture_share,0,0
87,2,manufacturing_share,0,0
87,2,mining_share,0,0
87,2,public_share,0,0
87,3,total_rub,3,3
87,3,health_pct,3,3
87,3,marketplaces_pct,3,3
87,3,horeca_pct,3,3
87,3,food_pct,3,3
87,3,transport_pct,3,3
87,3,wage_total,3,3
87,3,population_total,3,3
87,3,market_access,3,1
87,3,agriculture_share,3,3
87,3,manufacturing_share,3,1
87,3,mining_share,3,2
87,3,public_share,3,3
89,0,total_rub,2,2
89,0,health_pct,2,2
89,0,marketplaces_pct,2,2
89,0,horeca_pct,2,2
89,0,food_pct,2,2
89,0,transport_pct,2,2
89,0,wage_total,2,2
89,0,population_total,2,2
89,0,market_access,2,2
89,0,agriculture_share,2,1
89,0,manufacturing_share,2,2
89,0,mining_share,2,2
89,0,public_share,2,2
89,1,total_rub,7,7
89,1,health_pct,7,7
89,1,marketplaces_pct,7,7
89,1,horeca_pct,7,7
89,1,food_pct,7,7
89,1,transport_pct,7,7
89,1,wage_total,7,7
89,1,population_total,7,7
89,1,market_access,7,7
89,1,agriculture_share,7,4
89,1,manufacturing_share,7,7
89,1,mining_share,7,6
89,1,public_share,7,7
89,2,total_rub,0,0
89,2,health_pct,0,0
89,2,marketplaces_pct,0,0
89,2,horeca_pct,0,0
89,2,food_pct,0,0
89,2,transport_pct,0,0
89,2,wage_total,0,0
89,2,population_total,0,0
89,2,market_access,0,0
89,2,agriculture_share,0,0
89,2,manufacturing_share,0,0
89,2,mining_share,0,0
89,2,public_share,0,0
89,3,total_rub,4,4
89,3,health_pct,4,4
89,3,marketplaces_pct,4,4
89,3,horeca_pct,4,4
89,3,food_pct,4,4
89,3,transport_pct,4,4
89,3,wage_total,4,4
89,3,population_total,4,4
89,3,market_access,4,4
89,3,agriculture_share,4,2
89,3,manufacturing_share,4,1
89,3,mining_share,4,2
89,3,public_share,4,3
