group,feature,mean_group_equal_observed_regions,mean_global_equal_observed_regions,relative_deviation,group_regions,global_regions,different_weighting_than_primary
0,total_rub,35096.121060580335,26159.638356301894,0.34161338863179014,40,73,True
0,health_pct,5.6744016523786662,4.8538405866854859,0.16905397922297899,40,73,True
0,marketplaces_pct,10.079611613607199,11.82527283532448,-0.14762122160113197,40,73,True
0,horeca_pct,6.1693783540935163,2.9682683783942396,1.0784435797651823,40,73,True
0,food_pct,36.130700882758916,45.380897083188977,-0.20383458227970397,40,73,True
0,transport_pct,7.3802610523518108,5.8662800898280922,0.25808194278839575,40,73,True
0,wage_total,79231.05736979167,62092.218936144338,0.27602232175456509,40,73,True
0,population_total,508260.00657051284,51357.015150086663,8.8966033186540283,39,72,True
0,market_access,321.47165813701145,292.27135177107152,0.099908205812835729,39,73,True
0,agriculture_share,0.021318277889556394,0.083482381343165893,-0.74463740077173091,39,71,True
0,manufacturing_share,0.16444278351804553,0.15490636886089088,0.061562443992981046,39,72,True
0,mining_share,0.024363441399901764,0.12491257771479808,-0.80495605930470293,31,48,True
0,public_share,0.39731713243255684,0.47911238636565179,-0.17072247819255912,40,73,True
1,total_rub,26739.421458716894,26159.638356301894,0.02216326902223132,66,73,True
1,health_pct,4.9693259799678042,4.8538405866854859,0.023792580580232689,66,73,True
1,marketplaces_pct,11.96725025482033,11.82527283532448,0.012006270085518455,66,73,True
1,horeca_pct,3.8588710582134578,2.9682683783942396,0.30004115743099091,66,73,True
1,food_pct,42.386494371086272,45.380897083188977,-0.065983770805887382,66,73,True
1,transport_pct,6.5007025033604862,5.8662800898280922,0.10814731035984088,66,73,True
1,wage_total,59883.485760517658,62092.218936144338,-0.035571819037392455,64,73,True
1,population_total,80402.929672055325,51357.015150086663,0.56556858760355055,63,72,True
1,market_access,321.1293028654818,292.27135177107152,0.098736844783247721,66,73,True
1,agriculture_share,0.06503132927930734,0.083482381343165893,-0.22101731846882694,59,71,True
1,manufacturing_share,0.19023498858054794,0.15490636886089088,0.22806434609143084,61,72,True
1,mining_share,0.11247124941658614,0.12491257771479808,-0.099600284661630595,32,48,True
1,public_share,0.43182996044894234,0.47911238636565179,-0.098687546517789604,63,73,True
2,total_rub,21579.646071260562,26159.638356301894,-0.17507857802391999,62,73,True
2,health_pct,4.795593965711511,4.8538405866854859,-0.012000110002324873,62,73,True
2,marketplaces_pct,13.344959879660971,11.82527283532448,0.12851179549928682,62,73,True
2,horeca_pct,1.8213931738175941,2.9682683783942396,-0.38637854074269284,62,73,True
2,food_pct,48.65953240492103,45.380897083188977,0.072247036362500655,62,73,True
2,transport_pct,5.3281022626274721,5.8662800898280922,-0.091740902063950219,62,73,True
2,wage_total,49278.874750601084,62092.218936144338,-0.20635990153163156,62,73,True
2,population_total,19910.91212061805,51357.015150086663,-0.6123039459666797,61,72,True
2,market_access,296.36769219893006,292.27135177107152,0.014015538652817029,62,73,True
2,agriculture_share,0.11974098035134341,0.083482381343165893,0.43432636233903682,54,71,True
2,manufacturing_share,0.16222403343834185,0.15490636886089088,0.047239275126398396,53,72,True
2,mining_share,0.14905146868752653,0.12491257771479808,0.19324628003308569,23,48,True
2,public_share,0.51341463020918077,0.47911238636565179,0.071595401871639347,58,73,True
3,total_rub,33185.358810074955,26159.638356301894,0.26857100843982257,20,73,True
3,health_pct,4.2730963197114749,4.8538405866854859,-0.11964634120186063,20,73,True
3,marketplaces_pct,5.7271780301375106,11.82527283532448,-0.51568322271353673,20,73,True
3,horeca_pct,3.0193609225476741,2.9682683783942396,0.017212912594202233,20,73,True
3,food_pct,47.883899220224045,45.380897083188977,0.055155413354803139,20,73,True
3,transport_pct,4.8097339464291222,5.8662800898280922,-0.18010496042133772,20,73,True
3,wage_total,96468.982041005293,62092.218936144338,0.55364043504732907,20,73,True
3,population_total,22732.208072089947,51357.015150086663,-0.55736897859704393,20,72,True
3,market_access,177.54431506410256,292.27135177107152,-0.39253603205295207,20,73,True
3,agriculture_share,0.047260241752688434,0.083482381343165893,-0.43388963045485412,17,71,True
3,manufacturing_share,0.075306869048535369,0.15490636886089088,-0.51385556576978131,17,72,True
3,mining_share,0.28510621600826069,0.12491257771479808,1.2824460212423019,15,48,True
3,public_share,0.36922609618516239,0.47911238636565179,-0.22935389129477804,18,73,True
