group,feature,threshold,valid_regions_excluded,invalid_regions_excluded,minimum_d,maximum_d,sign_changes,threshold_retention_fraction
0,total_rub,0.20000000000000001,73,0,0.53094260074936483,0.62021814288480692,0,1
0,total_rub,0.29999999999999999,73,0,0.53094260074936483,0.62021814288480692,0,1
0,total_rub,0.40000000000000002,73,0,0.53094260074936483,0.62021814288480692,0,1
0,total_rub,0.5,73,0,0.53094260074936483,0.62021814288480692,0,1
1,total_rub,0.20000000000000001,73,0,-0.022248910703777085,0.040930950916482092,2,0
1,total_rub,0.29999999999999999,73,0,-0.022248910703777085,0.040930950916482092,2,0
1,total_rub,0.40000000000000002,73,0,-0.022248910703777085,0.040930950916482092,2,0
1,total_rub,0.5,73,0,-0.022248910703777085,0.040930950916482092,2,0
2,total_rub,0.20000000000000001,73,0,-0.22816343067304323,-0.17790439724886783,0,0.98630136986301364
2,total_rub,0.29999999999999999,73,0,-0.22816343067304323,-0.17790439724886783,0,0
2,total_rub,0.40000000000000002,73,0,-0.22816343067304323,-0.17790439724886783,0,0
2,total_rub,0.5,73,0,-0.22816343067304323,-0.17790439724886783,0,0
3,total_rub,0.20000000000000001,73,0,0.24775280793462429,0.34293145986259865,0,1
3,total_rub,0.29999999999999999,73,0,0.24775280793462429,0.34293145986259865,0,0.041095890410958902
3,total_rub,0.40000000000000002,73,0,0.24775280793462429,0.34293145986259865,0,0
3,total_rub,0.5,73,0,0.24775280793462429,0.34293145986259865,0,0
0,health_pct,0.20000000000000001,73,0,0.14977878542505241,0.16616660413347462,0,0
0,health_pct,0.29999999999999999,73,0,0.14977878542505241,0.16616660413347462,0,0
0,health_pct,0.40000000000000002,73,0,0.14977878542505241,0.16616660413347462,0,0
0,health_pct,0.5,73,0,0.14977878542505241,0.16616660413347462,0,0
1,health_pct,0.20000000000000001,73,0,-0.033947930316529255,-0.014752038603489358,0,0
1,health_pct,0.29999999999999999,73,0,-0.033947930316529255,-0.014752038603489358,0,0
1,health_pct,0.40000000000000002,73,0,-0.033947930316529255,-0.014752038603489358,0,0
1,health_pct,0.5,73,0,-0.033947930316529255,-0.014752038603489358,0,0
2,health_pct,0.20000000000000001,73,0,-0.017760131832172732,-0.0013511350394698144,0,0
2,health_pct,0.29999999999999999,73,0,-0.017760131832172732,-0.0013511350394698144,0,0
2,health_pct,0.40000000000000002,73,0,-0.017760131832172732,-0.0013511350394698144,0,0
2,health_pct,0.5,73,0,-0.017760131832172732,-0.0013511350394698144,0,0
3,health_pct,0.20000000000000001,73,0,-0.2051790336454718,-0.15752125006212159,0,0.041095890410958902
3,health_pct,0.29999999999999999,73,0,-0.2051790336454718,-0.15752125006212159,0,0
3,health_pct,0.40000000000000002,73,0,-0.2051790336454718,-0.15752125006212159,0,0
3,health_pct,0.5,73,0,-0.2051790336454718,-0.15752125006212159,0,0
0,marketplaces_pct,0.20000000000000001,73,0,-0.09096486007048156,-0.059115434654229658,0,0
0,marketplaces_pct,0.29999999999999999,73,0,-0.09096486007048156,-0.059115434654229658,0,0
0,marketplaces_pct,0.40000000000000002,73,0,-0.09096486007048156,-0.059115434654229658,0,0
0,marketplaces_pct,0.5,73,0,-0.09096486007048156,-0.059115434654229658,0,0
1,marketplaces_pct,0.20000000000000001,73,0,-0.052129816738623574,-0.028583554984948589,0,0
1,marketplaces_pct,0.29999999999999999,73,0,-0.052129816738623574,-0.028583554984948589,0,0
1,marketplaces_pct,0.40000000000000002,73,0,-0.052129816738623574,-0.028583554984948589,0,0
1,marketplaces_pct,0.5,73,0,-0.052129816738623574,-0.028583554984948589,0,0
2,marketplaces_pct,0.20000000000000001,73,0,0.11432191804132216,0.13266442348881999,0,0
2,marketplaces_pct,0.29999999999999999,73,0,0.11432191804132216,0.13266442348881999,0,0
2,marketplaces_pct,0.40000000000000002,73,0,0.11432191804132216,0.13266442348881999,0,0
2,marketplaces_pct,0.5,73,0,0.11432191804132216,0.13266442348881999,0,0
3,marketplaces_pct,0.20000000000000001,73,0,-0.56803489391532735,-0.5231687311035248,0,1
3,marketplaces_pct,0.29999999999999999,73,0,-0.56803489391532735,-0.5231687311035248,0,1
3,marketplaces_pct,0.40000000000000002,73,0,-0.56803489391532735,-0.5231687311035248,0,1
3,marketplaces_pct,0.5,73,0,-0.56803489391532735,-0.5231687311035248,0,1
0,horeca_pct,0.20000000000000001,73,0,1.1450420711766791,1.3154807395370702,0,1
0,horeca_pct,0.29999999999999999,73,0,1.1450420711766791,1.3154807395370702,0,1
0,horeca_pct,0.40000000000000002,73,0,1.1450420711766791,1.3154807395370702,0,1
0,horeca_pct,0.5,73,0,1.1450420711766791,1.3154807395370702,0,1
1,horeca_pct,0.20000000000000001,73,0,0.12361397777570064,0.25680062201950776,0,0.027397260273972601
1,horeca_pct,0.29999999999999999,73,0,0.12361397777570064,0.25680062201950776,0,0
1,horeca_pct,0.40000000000000002,73,0,0.12361397777570064,0.25680062201950776,0,0
1,horeca_pct,0.5,73,0,0.12361397777570064,0.25680062201950776,0,0
2,horeca_pct,0.20000000000000001,73,0,-0.48951315463502321,-0.42879260810636766,0,1
2,horeca_pct,0.29999999999999999,73,0,-0.48951315463502321,-0.42879260810636766,0,1
2,horeca_pct,0.40000000000000002,73,0,-0.48951315463502321,-0.42879260810636766,0,1
2,horeca_pct,0.5,73,0,-0.48951315463502321,-0.42879260810636766,0,0
3,horeca_pct,0.20000000000000001,73,0,-0.11972457012322799,0.05446139875739231,2,0
3,horeca_pct,0.29999999999999999,73,0,-0.11972457012322799,0.05446139875739231,2,0
3,horeca_pct,0.40000000000000002,73,0,-0.11972457012322799,0.05446139875739231,2,0
3,horeca_pct,0.5,73,0,-0.11972457012322799,0.05446139875739231,2,0
0,food_pct,0.20000000000000001,73,0,-0.25935062257054192,-0.24872705298511075,0,1
0,food_pct,0.29999999999999999,73,0,-0.25935062257054192,-0.24872705298511075,0,0
0,food_pct,0.40000000000000002,73,0,-0.25935062257054192,-0.24872705298511075,0,0
0,food_pct,0.5,73,0,-0.25935062257054192,-0.24872705298511075,0,0
1,food_pct,0.20000000000000001,73,0,-0.054782887659366494,-0.032509018789791025,0,0
1,food_pct,0.29999999999999999,73,0,-0.054782887659366494,-0.032509018789791025,0,0
1,food_pct,0.40000000000000002,73,0,-0.054782887659366494,-0.032509018789791025,0,0
1,food_pct,0.5,73,0,-0.054782887659366494,-0.032509018789791025,0,0
2,food_pct,0.20000000000000001,73,0,0.07920752088025218,0.10393794351107054,0,0
2,food_pct,0.29999999999999999,73,0,0.07920752088025218,0.10393794351107054,0,0
2,food_pct,0.40000000000000002,73,0,0.07920752088025218,0.10393794351107054,0,0
2,food_pct,0.5,73,0,0.07920752088025218,0.10393794351107054,0,0
3,food_pct,0.20000000000000001,73,0,0.035787503865671255,0.077035100561010886,0,0
3,food_pct,0.29999999999999999,73,0,0.035787503865671255,0.077035100561010886,0,0
3,food_pct,0.40000000000000002,73,0,0.035787503865671255,0.077035100561010886,0,0
3,food_pct,0.5,73,0,0.035787503865671255,0.077035100561010886,0,0
0,transport_pct,0.20000000000000001,73,0,0.23464047425989629,0.26818134093346746,0,1
0,transport_pct,0.29999999999999999,73,0,0.23464047425989629,0.26818134093346746,0,0
0,transport_pct,0.40000000000000002,73,0,0.23464047425989629,0.26818134093346746,0,0
0,transport_pct,0.5,73,0,0.23464047425989629,0.26818134093346746,0,0
1,transport_pct,0.20000000000000001,73,0,0.080532019343317218,0.10552983299679931,0,0
1,transport_pct,0.29999999999999999,73,0,0.080532019343317218,0.10552983299679931,0,0
1,transport_pct,0.40000000000000002,73,0,0.080532019343317218,0.10552983299679931,0,0
1,transport_pct,0.5,73,0,0.080532019343317218,0.10552983299679931,0,0
2,transport_pct,0.20000000000000001,73,0,-0.12064859073329047,-0.10105800128830658,0,0
2,transport_pct,0.29999999999999999,73,0,-0.12064859073329047,-0.10105800128830658,0,0
2,transport_pct,0.40000000000000002,73,0,-0.12064859073329047,-0.10105800128830658,0,0
2,transport_pct,0.5,73,0,-0.12064859073329047,-0.10105800128830658,0,0
3,transport_pct,0.20000000000000001,73,0,-0.16933546852278125,-0.12535765014152669,0,0
3,transport_pct,0.29999999999999999,73,0,-0.16933546852278125,-0.12535765014152669,0,0
3,transport_pct,0.40000000000000002,73,0,-0.16933546852278125,-0.12535765014152669,0,0
3,transport_pct,0.5,73,0,-0.16933546852278125,-0.12535765014152669,0,0
0,wage_total,0.20000000000000001,73,0,0.45273529581738098,0.59526335230107552,0,1
0,wage_total,0.29999999999999999,73,0,0.45273529581738098,0.59526335230107552,0,1
0,wage_total,0.40000000000000002,73,0,0.45273529581738098,0.59526335230107552,0,1
0,wage_total,0.5,73,0,0.45273529581738098,0.59526335230107552,0,0.98630136986301364
1,wage_total,0.20000000000000001,73,0,0.016969455715276433,0.07261411307511853,0,0
1,wage_total,0.29999999999999999,73,0,0.016969455715276433,0.07261411307511853,0,0
1,wage_total,0.40000000000000002,73,0,0.016969455715276433,0.07261411307511853,0,0
1,wage_total,0.5,73,0,0.016969455715276433,0.07261411307511853,0,0
2,wage_total,0.20000000000000001,73,0,-0.21811325392937672,-0.18376400018965031,0,0.98630136986301364
2,wage_total,0.29999999999999999,73,0,-0.21811325392937672,-0.18376400018965031,0,0
2,wage_total,0.40000000000000002,73,0,-0.21811325392937672,-0.18376400018965031,0,0
2,wage_total,0.5,73,0,-0.21811325392937672,-0.18376400018965031,0,0
3,wage_total,0.20000000000000001,73,0,0.59862561795773928,0.69468444079949465,0,1
3,wage_total,0.29999999999999999,73,0,0.59862561795773928,0.69468444079949465,0,1
3,wage_total,0.40000000000000002,73,0,0.59862561795773928,0.69468444079949465,0,1
3,wage_total,0.5,73,0,0.59862561795773928,0.69468444079949465,0,1
0,population_total,0.20000000000000001,73,0,2.95337768204933,5.3761189965552845,0,1
0,population_total,0.29999999999999999,73,0,2.95337768204933,5.3761189965552845,0,1
0,population_total,0.40000000000000002,73,0,2.95337768204933,5.3761189965552845,0,1
0,population_total,0.5,73,0,2.95337768204933,5.3761189965552845,0,1
1,population_total,0.20000000000000001,73,0,0.2080905218530526,0.29990601859680244,0,1
1,population_total,0.29999999999999999,73,0,0.2080905218530526,0.29990601859680244,0,0
1,population_total,0.40000000000000002,73,0,0.2080905218530526,0.29990601859680244,0,0
1,population_total,0.5,73,0,0.2080905218530526,0.29990601859680244,0,0
2,population_total,0.20000000000000001,73,0,-0.65371432945173558,-0.6257700585458994,0,1
2,population_total,0.29999999999999999,73,0,-0.65371432945173558,-0.6257700585458994,0,1
2,population_total,0.40000000000000002,73,0,-0.65371432945173558,-0.6257700585458994,0,1
2,population_total,0.5,73,0,-0.65371432945173558,-0.6257700585458994,0,1
3,population_total,0.20000000000000001,73,0,-0.60606776189444034,-0.53258272058004552,0,1
3,population_total,0.29999999999999999,73,0,-0.60606776189444034,-0.53258272058004552,0,1
3,population_total,0.40000000000000002,73,0,-0.60606776189444034,-0.53258272058004552,0,1
3,population_total,0.5,73,0,-0.60606776189444034,-0.53258272058004552,0,1
0,market_access,0.20000000000000001,73,0,0.25779600415543391,0.57440422514077405,0,1
0,market_access,0.29999999999999999,73,0,0.25779600415543391,0.57440422514077405,0,0.98630136986301364
0,market_access,0.40000000000000002,73,0,0.25779600415543391,0.57440422514077405,0,0.98630136986301364
0,market_access,0.5,73,0,0.25779600415543391,0.57440422514077405,0,0.013698630136986301
1,market_access,0.20000000000000001,73,0,-0.082486732577596006,-0.014543835357768566,0,0
1,market_access,0.29999999999999999,73,0,-0.082486732577596006,-0.014543835357768566,0,0
1,market_access,0.40000000000000002,73,0,-0.082486732577596006,-0.014543835357768566,0,0
1,market_access,0.5,73,0,-0.082486732577596006,-0.014543835357768566,0,0
2,market_access,0.20000000000000001,73,0,-0.058152940049914593,0.016265487470582971,1,0
2,market_access,0.29999999999999999,73,0,-0.058152940049914593,0.016265487470582971,1,0
2,market_access,0.40000000000000002,73,0,-0.058152940049914593,0.016265487470582971,1,0
2,market_access,0.5,73,0,-0.058152940049914593,0.016265487470582971,1,0
3,market_access,0.20000000000000001,73,0,-0.54963514642329858,-0.50409217091374914,0,1
3,market_access,0.29999999999999999,73,0,-0.54963514642329858,-0.50409217091374914,0,1
3,market_access,0.40000000000000002,73,0,-0.54963514642329858,-0.50409217091374914,0,1
3,market_access,0.5,73,0,-0.54963514642329858,-0.50409217091374914,0,1
0,agriculture_share,0.20000000000000001,73,0,-0.76640043470347308,-0.72196924976138266,0,1
0,agriculture_share,0.29999999999999999,73,0,-0.76640043470347308,-0.72196924976138266,0,1
0,agriculture_share,0.40000000000000002,73,0,-0.76640043470347308,-0.72196924976138266,0,1
0,agriculture_share,0.5,73,0,-0.76640043470347308,-0.72196924976138266,0,1
1,agriculture_share,0.20000000000000001,73,0,-0.38862682765565215,-0.32581792996415715,0,1
1,agriculture_share,0.29999999999999999,73,0,-0.38862682765565215,-0.32581792996415715,0,1
1,agriculture_share,0.40000000000000002,73,0,-0.38862682765565215,-0.32581792996415715,0,0
1,agriculture_share,0.5,73,0,-0.38862682765565215,-0.32581792996415715,0,0
2,agriculture_share,0.20000000000000001,73,0,0.34344486949035868,0.38211947155411047,0,1
2,agriculture_share,0.29999999999999999,73,0,0.34344486949035868,0.38211947155411047,0,1
2,agriculture_share,0.40000000000000002,73,0,0.34344486949035868,0.38211947155411047,0,0
2,agriculture_share,0.5,73,0,0.34344486949035868,0.38211947155411047,0,0
3,agriculture_share,0.20000000000000001,73,0,-0.4693373469194142,-0.31001992760442659,0,1
3,agriculture_share,0.29999999999999999,73,0,-0.4693373469194142,-0.31001992760442659,0,1
3,agriculture_share,0.40000000000000002,73,0,-0.4693373469194142,-0.31001992760442659,0,0.95890410958904104
3,agriculture_share,0.5,73,0,-0.4693373469194142,-0.31001992760442659,0,0
0,manufacturing_share,0.20000000000000001,73,0,-0.060080710243845051,0.05228522960393573,2,0
0,manufacturing_share,0.29999999999999999,73,0,-0.060080710243845051,0.05228522960393573,2,0
0,manufacturing_share,0.40000000000000002,73,0,-0.060080710243845051,0.05228522960393573,2,0
0,manufacturing_share,0.5,73,0,-0.060080710243845051,0.05228522960393573,2,0
1,manufacturing_share,0.20000000000000001,73,0,0.082437178788834553,0.11858810317386802,0,0
1,manufacturing_share,0.29999999999999999,73,0,0.082437178788834553,0.11858810317386802,0,0
1,manufacturing_share,0.40000000000000002,73,0,0.082437178788834553,0.11858810317386802,0,0
1,manufacturing_share,0.5,73,0,0.082437178788834553,0.11858810317386802,0,0
2,manufacturing_share,0.20000000000000001,73,0,-0.077805570307987904,-0.042176718808982959,0,0
2,manufacturing_share,0.29999999999999999,73,0,-0.077805570307987904,-0.042176718808982959,0,0
2,manufacturing_share,0.40000000000000002,73,0,-0.077805570307987904,-0.042176718808982959,0,0
2,manufacturing_share,0.5,73,0,-0.077805570307987904,-0.042176718808982959,0,0
3,manufacturing_share,0.20000000000000001,73,0,-0.52148837994452024,-0.39479290759903357,0,1
3,manufacturing_share,0.29999999999999999,73,0,-0.52148837994452024,-0.39479290759903357,0,1
3,manufacturing_share,0.40000000000000002,73,0,-0.52148837994452024,-0.39479290759903357,0,0.98630136986301364
3,manufacturing_share,0.5,73,0,-0.52148837994452024,-0.39479290759903357,0,0.013698630136986301
0,mining_share,0.20000000000000001,73,0,-0.85554363683542933,-0.7860256595997015,0,1
0,mining_share,0.29999999999999999,73,0,-0.85554363683542933,-0.7860256595997015,0,1
0,mining_share,0.40000000000000002,73,0,-0.85554363683542933,-0.7860256595997015,0,1
0,mining_share,0.5,73,0,-0.85554363683542933,-0.7860256595997015,0,1
1,mining_share,0.20000000000000001,73,0,0.032268091902168346,0.11913669515977779,0,0
1,mining_share,0.29999999999999999,73,0,0.032268091902168346,0.11913669515977779,0,0
1,mining_share,0.40000000000000002,73,0,0.032268091902168346,0.11913669515977779,0,0
1,mining_share,0.5,73,0,0.032268091902168346,0.11913669515977779,0,0
2,mining_share,0.20000000000000001,73,0,-0.26091823489907262,-0.17215199366967221,0,0.8904109589041096
2,mining_share,0.29999999999999999,73,0,-0.26091823489907262,-0.17215199366967221,0,0
2,mining_share,0.40000000000000002,73,0,-0.26091823489907262,-0.17215199366967221,0,0
2,mining_share,0.5,73,0,-0.26091823489907262,-0.17215199366967221,0,0
3,mining_share,0.20000000000000001,73,0,0.65399410081690257,0.86336834360761983,0,1
3,mining_share,0.29999999999999999,73,0,0.65399410081690257,0.86336834360761983,0,1
3,mining_share,0.40000000000000002,73,0,0.65399410081690257,0.86336834360761983,0,1
3,mining_share,0.5,73,0,0.65399410081690257,0.86336834360761983,0,1
0,public_share,0.20000000000000001,73,0,-0.2348004796625266,-0.15724950490677608,0,0.98630136986301364
0,public_share,0.29999999999999999,73,0,-0.2348004796625266,-0.15724950490677608,0,0
0,public_share,0.40000000000000002,73,0,-0.2348004796625266,-0.15724950490677608,0,0
0,public_share,0.5,73,0,-0.2348004796625266,-0.15724950490677608,0,0
1,public_share,0.20000000000000001,73,0,-0.093190144336388669,-0.073262363869701447,0,0
1,public_share,0.29999999999999999,73,0,-0.093190144336388669,-0.073262363869701447,0,0
1,public_share,0.40000000000000002,73,0,-0.093190144336388669,-0.073262363869701447,0,0
1,public_share,0.5,73,0,-0.093190144336388669,-0.073262363869701447,0,0
2,public_share,0.20000000000000001,73,0,0.089962346766953014,0.10701495279931106,0,0
2,public_share,0.29999999999999999,73,0,0.089962346766953014,0.10701495279931106,0,0
2,public_share,0.40000000000000002,73,0,0.089962346766953014,0.10701495279931106,0,0
2,public_share,0.5,73,0,0.089962346766953014,0.10701495279931106,0,0
3,public_share,0.20000000000000001,73,0,-0.12143930293893894,-0.052836408306535548,0,0
3,public_share,0.29999999999999999,73,0,-0.12143930293893894,-0.052836408306535548,0,0
3,public_share,0.40000000000000002,73,0,-0.12143930293893894,-0.052836408306535548,0,0
3,public_share,0.5,73,0,-0.12143930293893894,-0.052836408306535548,0,0
