generator,family,comparison,mean,ci95_low,ci95_high,inference
1,strong_noise,joint_fixed_minus_feature_only_exact_hartigan,-0.02313742868920193,-0.038665432171012704,-0.009478041049915068,preregistered_mechanistic_descriptive_comparison
1,weak_independent,joint_fixed_minus_feature_only_exact_hartigan,0.28623313172381676,0.24587152855995445,0.3301590357826562,preregistered_mechanistic_descriptive_comparison
1,weak_derived,joint_fixed_minus_feature_only_exact_hartigan,0.001591059783113558,-0.004920592193025172,0.007839342804870798,preregistered_mechanistic_descriptive_comparison
1,weak_noise,joint_fixed_minus_feature_only_exact_hartigan,-0.035603492652010654,-0.05715239250544922,-0.01562825988488545,preregistered_mechanistic_descriptive_comparison
1,weak_conflict,joint_fixed_minus_feature_only_exact_hartigan,-0.0621874450249021,-0.08821785179212333,-0.03697064664214048,preregistered_mechanistic_descriptive_comparison
1,strong_derived,joint_fixed_minus_feature_only_exact_hartigan,0.028043736398366277,0.014719886016000279,0.04354890935207741,preregistered_mechanistic_descriptive_comparison
1,weak_independent_permuted,joint_fixed_minus_feature_only_exact_hartigan,-0.06018077453098463,-0.08703925352897489,-0.03556012809325133,preregistered_mechanistic_descriptive_comparison
1,weak_derived_permuted,joint_fixed_minus_feature_only_exact_hartigan,-0.07804776243878958,-0.10192868821376955,-0.055010263410547766,preregistered_mechanistic_descriptive_comparison
2,strong_noise,joint_fixed_minus_feature_only_exact_hartigan,-0.015561124439056967,-0.024206675541203693,-0.007263263905197444,preregistered_mechanistic_descriptive_comparison
2,weak_independent,joint_fixed_minus_feature_only_exact_hartigan,0.2531042485036519,0.21472329840006413,0.29389591259604997,preregistered_mechanistic_descriptive_comparison
2,weak_derived,joint_fixed_minus_feature_only_exact_hartigan,-0.00022769586675989474,-0.005468137219741993,0.005031069182739384,preregistered_mechanistic_descriptive_comparison
2,weak_noise,joint_fixed_minus_feature_only_exact_hartigan,-0.041269255031503034,-0.061027753969834266,-0.023276334506364283,preregistered_mechanistic_descriptive_comparison
2,weak_conflict,joint_fixed_minus_feature_only_exact_hartigan,-0.05591342582356452,-0.07830584818863766,-0.03559785875762041,preregistered_mechanistic_descriptive_comparison
2,strong_derived,joint_fixed_minus_feature_only_exact_hartigan,0.014653689801772882,0.007694973818262778,0.023351718500979318,preregistered_mechanistic_descriptive_comparison
2,weak_independent_permuted,joint_fixed_minus_feature_only_exact_hartigan,-0.05132153247947331,-0.07248565967283278,-0.031049340646578456,preregistered_mechanistic_descriptive_comparison
2,weak_derived_permuted,joint_fixed_minus_feature_only_exact_hartigan,-0.056317550798518155,-0.07904639321821713,-0.03534137127003863,preregistered_mechanistic_descriptive_comparison
1,weak_independent,joint_fixed_original_minus_same_W_vertex_permutation,0.3464139062548014,0.2961071071103777,0.3995109884620977,preregistered_mechanistic_descriptive_comparison
1,weak_derived,joint_fixed_original_minus_same_W_vertex_permutation,0.07963882222190313,0.0575504134202212,0.10192799974015943,preregistered_mechanistic_descriptive_comparison
2,weak_independent,joint_fixed_original_minus_same_W_vertex_permutation,0.30442578098312517,0.2575555035216797,0.3502020017391438,preregistered_mechanistic_descriptive_comparison
2,weak_derived,joint_fixed_original_minus_same_W_vertex_permutation,0.05608985493175826,0.03527937884005512,0.07798620098131301,preregistered_mechanistic_descriptive_comparison
