year,group_field,group,outcome,frozen_entities,source_outcome_available,complete_controls,source_coverage_fraction,complete_controls_fraction
2023,region_code,1,log_annual_monthly_wage_rubles,9,9,9,1.0,1.0
2023,region_code,1,log_covered_organization_jobs_per_resident,9,9,9,1.0,1.0
2023,region_code,1,manufacturing_headcount_share,9,6,6,0.6666666666666666,0.6666666666666666
2023,region_code,1,agriculture_headcount_share,9,7,7,0.7777777777777778,0.7777777777777778
2023,region_code,1,public_administration_education_health_headcount_share,9,9,9,1.0,1.0
2023,region_code,2,log_annual_monthly_wage_rubles,61,61,61,1.0,1.0
2023,region_code,2,log_covered_organization_jobs_per_resident,61,61,61,1.0,1.0
2023,region_code,2,manufacturing_headcount_share,61,36,36,0.5901639344262295,0.5901639344262295
2023,region_code,2,agriculture_headcount_share,61,44,44,0.7213114754098361,0.7213114754098361
2023,region_code,2,public_administration_education_health_headcount_share,61,61,61,1.0,1.0
2023,region_code,4,log_annual_monthly_wage_rubles,11,11,11,1.0,1.0
2023,region_code,4,log_covered_organization_jobs_per_resident,11,11,11,1.0,1.0
2023,region_code,4,manufacturing_headcount_share,11,3,3,0.2727272727272727,0.2727272727272727
2023,region_code,4,agriculture_headcount_share,11,3,3,0.2727272727272727,0.2727272727272727
2023,region_code,4,public_administration_education_health_headcount_share,11,10,10,0.9090909090909091,0.9090909090909091
2023,region_code,7,log_annual_monthly_wage_rubles,4,4,4,1.0,1.0
2023,region_code,7,log_covered_organization_jobs_per_resident,4,4,4,1.0,1.0
2023,region_code,7,manufacturing_headcount_share,4,3,3,0.75,0.75
2023,region_code,7,agriculture_headcount_share,4,2,2,0.5,0.5
2023,region_code,7,public_administration_education_health_headcount_share,4,4,4,1.0,1.0
2023,region_code,8,log_annual_monthly_wage_rubles,5,5,5,1.0,1.0
2023,region_code,8,log_covered_organization_jobs_per_resident,5,5,5,1.0,1.0
2023,region_code,8,manufacturing_headcount_share,5,0,0,0.0,0.0
2023,region_code,8,agriculture_headcount_share,5,0,0,0.0,0.0
2023,region_code,8,public_administration_education_health_headcount_share,5,5,5,1.0,1.0
2023,region_code,9,log_annual_monthly_wage_rubles,8,8,8,1.0,1.0
2023,region_code,9,log_covered_organization_jobs_per_resident,8,8,8,1.0,1.0
2023,region_code,9,manufacturing_headcount_share,8,2,2,0.25,0.25
2023,region_code,9,agriculture_headcount_share,8,2,2,0.25,0.25
2023,region_code,9,public_administration_education_health_headcount_share,8,5,5,0.625,0.625
2023,region_code,10,log_annual_monthly_wage_rubles,18,18,18,1.0,1.0
2023,region_code,10,log_covered_organization_jobs_per_resident,18,18,18,1.0,1.0
2023,region_code,10,manufacturing_headcount_share,18,7,7,0.3888888888888889,0.3888888888888889
2023,region_code,10,agriculture_headcount_share,18,17,17,0.9444444444444444,0.9444444444444444
2023,region_code,10,public_administration_education_health_headcount_share,18,18,18,1.0,1.0
2023,region_code,11,log_annual_monthly_wage_rubles,20,20,20,1.0,1.0
2023,region_code,11,log_covered_organization_jobs_per_resident,20,20,20,1.0,1.0
2023,region_code,11,manufacturing_headcount_share,20,9,9,0.45,0.45
2023,region_code,11,agriculture_headcount_share,20,14,14,0.7,0.7
2023,region_code,11,public_administration_education_health_headcount_share,20,20,20,1.0,1.0
2023,region_code,12,log_annual_monthly_wage_rubles,17,17,17,1.0,1.0
2023,region_code,12,log_covered_organization_jobs_per_resident,17,17,17,1.0,1.0
2023,region_code,12,manufacturing_headcount_share,17,11,11,0.6470588235294118,0.6470588235294118
2023,region_code,12,agriculture_headcount_share,17,12,12,0.7058823529411765,0.7058823529411765
2023,region_code,12,public_administration_education_health_headcount_share,17,16,16,0.9411764705882353,0.9411764705882353
2023,region_code,13,log_annual_monthly_wage_rubles,20,20,20,1.0,1.0
2023,region_code,13,log_covered_organization_jobs_per_resident,20,20,20,1.0,1.0
2023,region_code,13,manufacturing_headcount_share,20,8,8,0.4,0.4
2023,region_code,13,agriculture_headcount_share,20,13,13,0.65,0.65
2023,region_code,13,public_administration_education_health_headcount_share,20,17,17,0.85,0.85
2023,region_code,14,log_annual_monthly_wage_rubles,29,29,29,1.0,1.0
2023,region_code,14,log_covered_organization_jobs_per_resident,29,29,29,1.0,1.0
2023,region_code,14,manufacturing_headcount_share,29,7,7,0.2413793103448276,0.2413793103448276
2023,region_code,14,agriculture_headcount_share,29,24,24,0.8275862068965517,0.8275862068965517
2023,region_code,14,public_administration_education_health_headcount_share,29,29,29,1.0,1.0
2023,region_code,15,log_annual_monthly_wage_rubles,7,7,7,1.0,1.0
2023,region_code,15,log_covered_organization_jobs_per_resident,7,7,7,1.0,1.0
2023,region_code,15,manufacturing_headcount_share,7,3,3,0.42857142857142855,0.42857142857142855
2023,region_code,15,agriculture_headcount_share,7,1,1,0.14285714285714285,0.14285714285714285
2023,region_code,15,public_administration_education_health_headcount_share,7,7,7,1.0,1.0
2023,region_code,16,log_annual_monthly_wage_rubles,43,43,43,1.0,1.0
2023,region_code,16,log_covered_organization_jobs_per_resident,43,43,43,1.0,1.0
2023,region_code,16,manufacturing_headcount_share,43,26,26,0.6046511627906976,0.6046511627906976
2023,region_code,16,agriculture_headcount_share,43,41,41,0.9534883720930233,0.9534883720930233
2023,region_code,16,public_administration_education_health_headcount_share,43,43,43,1.0,1.0
2023,region_code,17,log_annual_monthly_wage_rubles,10,10,10,1.0,1.0
2023,region_code,17,log_covered_organization_jobs_per_resident,10,10,10,1.0,1.0
2023,region_code,17,manufacturing_headcount_share,10,1,1,0.1,0.1
2023,region_code,17,agriculture_headcount_share,10,6,6,0.6,0.6
2023,region_code,17,public_administration_education_health_headcount_share,10,7,7,0.7,0.7
2023,region_code,18,log_annual_monthly_wage_rubles,27,27,27,1.0,1.0
2023,region_code,18,log_covered_organization_jobs_per_resident,27,27,27,1.0,1.0
2023,region_code,18,manufacturing_headcount_share,27,18,18,0.6666666666666666,0.6666666666666666
2023,region_code,18,agriculture_headcount_share,27,25,25,0.9259259259259259,0.9259259259259259
2023,region_code,18,public_administration_education_health_headcount_share,27,26,26,0.9629629629629629,0.9629629629629629
2023,region_code,19,log_annual_monthly_wage_rubles,12,12,12,1.0,1.0
2023,region_code,19,log_covered_organization_jobs_per_resident,12,12,12,1.0,1.0
2023,region_code,19,manufacturing_headcount_share,12,5,5,0.4166666666666667,0.4166666666666667
2023,region_code,19,agriculture_headcount_share,12,2,2,0.16666666666666666,0.16666666666666666
2023,region_code,19,public_administration_education_health_headcount_share,12,9,9,0.75,0.75
2023,region_code,21,log_annual_monthly_wage_rubles,23,23,23,1.0,1.0
2023,region_code,21,log_covered_organization_jobs_per_resident,23,23,23,1.0,1.0
2023,region_code,21,manufacturing_headcount_share,23,12,12,0.5217391304347826,0.5217391304347826
2023,region_code,21,agriculture_headcount_share,23,11,11,0.4782608695652174,0.4782608695652174
2023,region_code,21,public_administration_education_health_headcount_share,23,21,21,0.9130434782608695,0.9130434782608695
2023,region_code,22,log_annual_monthly_wage_rubles,65,65,65,1.0,1.0
2023,region_code,22,log_covered_organization_jobs_per_resident,65,65,65,1.0,1.0
2023,region_code,22,manufacturing_headcount_share,65,40,40,0.6153846153846154,0.6153846153846154
2023,region_code,22,agriculture_headcount_share,65,51,51,0.7846153846153846,0.7846153846153846
2023,region_code,22,public_administration_education_health_headcount_share,65,46,46,0.7076923076923077,0.7076923076923077
2023,region_code,24,log_annual_monthly_wage_rubles,51,51,51,1.0,1.0
2023,region_code,24,log_covered_organization_jobs_per_resident,51,51,51,1.0,1.0
2023,region_code,24,manufacturing_headcount_share,51,26,26,0.5098039215686274,0.5098039215686274
2023,region_code,24,agriculture_headcount_share,51,29,29,0.5686274509803921,0.5686274509803921
2023,region_code,24,public_administration_education_health_headcount_share,51,47,47,0.9215686274509803,0.9215686274509803
2023,region_code,25,log_annual_monthly_wage_rubles,33,33,33,1.0,1.0
2023,region_code,25,log_covered_organization_jobs_per_resident,33,33,33,1.0,1.0
2023,region_code,25,manufacturing_headcount_share,33,21,21,0.6363636363636364,0.6363636363636364
2023,region_code,25,agriculture_headcount_share,33,17,17,0.5151515151515151,0.5151515151515151
2023,region_code,25,public_administration_education_health_headcount_share,33,29,29,0.8787878787878788,0.8787878787878788
2023,region_code,26,log_annual_monthly_wage_rubles,33,32,32,0.9696969696969697,0.9696969696969697
2023,region_code,26,log_covered_organization_jobs_per_resident,33,32,32,0.9696969696969697,0.9696969696969697
2023,region_code,26,manufacturing_headcount_share,33,22,22,0.6666666666666666,0.6666666666666666
2023,region_code,26,agriculture_headcount_share,33,28,28,0.8484848484848485,0.8484848484848485
2023,region_code,26,public_administration_education_health_headcount_share,33,31,31,0.9393939393939394,0.9393939393939394
2023,region_code,27,log_annual_monthly_wage_rubles,16,16,16,1.0,1.0
2023,region_code,27,log_covered_organization_jobs_per_resident,16,16,16,1.0,1.0
2023,region_code,27,manufacturing_headcount_share,16,7,7,0.4375,0.4375
2023,region_code,27,agriculture_headcount_share,16,13,13,0.8125,0.8125
2023,region_code,27,public_administration_education_health_headcount_share,16,15,15,0.9375,0.9375
2023,region_code,28,log_annual_monthly_wage_rubles,19,19,19,1.0,1.0
2023,region_code,28,log_covered_organization_jobs_per_resident,19,19,19,1.0,1.0
2023,region_code,28,manufacturing_headcount_share,19,5,5,0.2631578947368421,0.2631578947368421
2023,region_code,28,agriculture_headcount_share,19,15,15,0.7894736842105263,0.7894736842105263
2023,region_code,28,public_administration_education_health_headcount_share,19,16,16,0.8421052631578947,0.8421052631578947
2023,region_code,29,log_annual_monthly_wage_rubles,22,17,17,0.7727272727272727,0.7727272727272727
2023,region_code,29,log_covered_organization_jobs_per_resident,22,17,17,0.7727272727272727,0.7727272727272727
2023,region_code,29,manufacturing_headcount_share,22,4,4,0.18181818181818182,0.18181818181818182
2023,region_code,29,agriculture_headcount_share,22,11,11,0.5,0.5
2023,region_code,29,public_administration_education_health_headcount_share,22,16,16,0.7272727272727273,0.7272727272727273
2023,region_code,30,log_annual_monthly_wage_rubles,11,11,11,1.0,1.0
2023,region_code,30,log_covered_organization_jobs_per_resident,11,11,11,1.0,1.0
2023,region_code,30,manufacturing_headcount_share,11,5,5,0.45454545454545453,0.45454545454545453
2023,region_code,30,agriculture_headcount_share,11,7,7,0.6363636363636364,0.6363636363636364
2023,region_code,30,public_administration_education_health_headcount_share,11,11,11,1.0,1.0
2023,region_code,33,log_annual_monthly_wage_rubles,18,18,18,1.0,1.0
2023,region_code,33,log_covered_organization_jobs_per_resident,18,18,18,1.0,1.0
2023,region_code,33,manufacturing_headcount_share,18,16,16,0.8888888888888888,0.8888888888888888
2023,region_code,33,agriculture_headcount_share,18,10,10,0.5555555555555556,0.5555555555555556
2023,region_code,33,public_administration_education_health_headcount_share,18,17,17,0.9444444444444444,0.9444444444444444
2023,region_code,34,log_annual_monthly_wage_rubles,35,35,35,1.0,1.0
2023,region_code,34,log_covered_organization_jobs_per_resident,35,35,35,1.0,1.0
2023,region_code,34,manufacturing_headcount_share,35,20,20,0.5714285714285714,0.5714285714285714
2023,region_code,34,agriculture_headcount_share,35,27,27,0.7714285714285715,0.7714285714285715
2023,region_code,34,public_administration_education_health_headcount_share,35,35,35,1.0,1.0
2023,region_code,35,log_annual_monthly_wage_rubles,25,25,25,1.0,1.0
2023,region_code,35,log_covered_organization_jobs_per_resident,25,25,25,1.0,1.0
2023,region_code,35,manufacturing_headcount_share,25,11,11,0.44,0.44
2023,region_code,35,agriculture_headcount_share,25,19,19,0.76,0.76
2023,region_code,35,public_administration_education_health_headcount_share,25,24,24,0.96,0.96
2023,region_code,37,log_annual_monthly_wage_rubles,26,26,26,1.0,1.0
2023,region_code,37,log_covered_organization_jobs_per_resident,26,26,26,1.0,1.0
2023,region_code,37,manufacturing_headcount_share,26,11,11,0.4230769230769231,0.4230769230769231
2023,region_code,37,agriculture_headcount_share,26,4,4,0.15384615384615385,0.15384615384615385
2023,region_code,37,public_administration_education_health_headcount_share,26,23,23,0.8846153846153846,0.8846153846153846
2023,region_code,38,log_annual_monthly_wage_rubles,39,38,38,0.9743589743589743,0.9743589743589743
2023,region_code,38,log_covered_organization_jobs_per_resident,39,38,38,0.9743589743589743,0.9743589743589743
2023,region_code,38,manufacturing_headcount_share,39,23,23,0.5897435897435898,0.5897435897435898
2023,region_code,38,agriculture_headcount_share,39,35,35,0.8974358974358975,0.8974358974358975
2023,region_code,38,public_administration_education_health_headcount_share,39,32,32,0.8205128205128205,0.8205128205128205
2023,region_code,39,log_annual_monthly_wage_rubles,19,18,18,0.9473684210526315,0.9473684210526315
2023,region_code,39,log_covered_organization_jobs_per_resident,19,18,18,0.9473684210526315,0.9473684210526315
2023,region_code,39,manufacturing_headcount_share,19,13,13,0.6842105263157895,0.6842105263157895
2023,region_code,39,agriculture_headcount_share,19,7,7,0.3684210526315789,0.3684210526315789
2023,region_code,39,public_administration_education_health_headcount_share,19,17,17,0.8947368421052632,0.8947368421052632
2023,region_code,40,log_annual_monthly_wage_rubles,25,25,25,1.0,1.0
2023,region_code,40,log_covered_organization_jobs_per_resident,25,25,25,1.0,1.0
2023,region_code,40,manufacturing_headcount_share,25,15,15,0.6,0.6
2023,region_code,40,agriculture_headcount_share,25,10,10,0.4,0.4
2023,region_code,40,public_administration_education_health_headcount_share,25,12,12,0.48,0.48
2023,region_code,41,log_annual_monthly_wage_rubles,9,9,9,1.0,1.0
2023,region_code,41,log_covered_organization_jobs_per_resident,9,9,9,1.0,1.0
2023,region_code,41,manufacturing_headcount_share,9,5,5,0.5555555555555556,0.5555555555555556
2023,region_code,41,agriculture_headcount_share,9,8,8,0.8888888888888888,0.8888888888888888
2023,region_code,41,public_administration_education_health_headcount_share,9,9,9,1.0,1.0
2023,region_code,42,log_annual_monthly_wage_rubles,30,30,0,1.0,0.0
2023,region_code,42,log_covered_organization_jobs_per_resident,30,0,0,0.0,0.0
2023,region_code,42,manufacturing_headcount_share,30,25,0,0.8333333333333334,0.0
2023,region_code,42,agriculture_headcount_share,30,8,0,0.26666666666666666,0.0
2023,region_code,42,public_administration_education_health_headcount_share,30,30,0,1.0,0.0
2023,region_code,43,log_annual_monthly_wage_rubles,43,43,43,1.0,1.0
2023,region_code,43,log_covered_organization_jobs_per_resident,43,43,43,1.0,1.0
2023,region_code,43,manufacturing_headcount_share,43,27,27,0.627906976744186,0.627906976744186
2023,region_code,43,agriculture_headcount_share,43,29,29,0.6744186046511628,0.6744186046511628
2023,region_code,43,public_administration_education_health_headcount_share,43,42,42,0.9767441860465116,0.9767441860465116
2023,region_code,44,log_annual_monthly_wage_rubles,28,28,28,1.0,1.0
2023,region_code,44,log_covered_organization_jobs_per_resident,28,28,28,1.0,1.0
2023,region_code,44,manufacturing_headcount_share,28,12,12,0.42857142857142855,0.42857142857142855
2023,region_code,44,agriculture_headcount_share,28,10,10,0.35714285714285715,0.35714285714285715
2023,region_code,44,public_administration_education_health_headcount_share,28,22,22,0.7857142857142857,0.7857142857142857
2023,region_code,45,log_annual_monthly_wage_rubles,24,24,24,1.0,1.0
2023,region_code,45,log_covered_organization_jobs_per_resident,24,24,24,1.0,1.0
2023,region_code,45,manufacturing_headcount_share,24,10,10,0.4166666666666667,0.4166666666666667
2023,region_code,45,agriculture_headcount_share,24,15,15,0.625,0.625
2023,region_code,45,public_administration_education_health_headcount_share,24,24,24,1.0,1.0
2023,region_code,47,log_annual_monthly_wage_rubles,18,18,18,1.0,1.0
2023,region_code,47,log_covered_organization_jobs_per_resident,18,18,18,1.0,1.0
2023,region_code,47,manufacturing_headcount_share,18,17,17,0.9444444444444444,0.9444444444444444
2023,region_code,47,agriculture_headcount_share,18,16,16,0.8888888888888888,0.8888888888888888
2023,region_code,47,public_administration_education_health_headcount_share,18,18,18,1.0,1.0
2023,region_code,48,log_annual_monthly_wage_rubles,18,18,17,1.0,0.9444444444444444
2023,region_code,48,log_covered_organization_jobs_per_resident,18,17,17,0.9444444444444444,0.9444444444444444
2023,region_code,48,manufacturing_headcount_share,18,10,10,0.5555555555555556,0.5555555555555556
2023,region_code,48,agriculture_headcount_share,18,17,16,0.9444444444444444,0.8888888888888888
2023,region_code,48,public_administration_education_health_headcount_share,18,14,13,0.7777777777777778,0.7222222222222222
2023,region_code,49,log_annual_monthly_wage_rubles,3,3,1,1.0,0.3333333333333333
2023,region_code,49,log_covered_organization_jobs_per_resident,3,1,1,0.3333333333333333,0.3333333333333333
2023,region_code,49,manufacturing_headcount_share,3,1,1,0.3333333333333333,0.3333333333333333
2023,region_code,49,agriculture_headcount_share,3,1,1,0.3333333333333333,0.3333333333333333
2023,region_code,49,public_administration_education_health_headcount_share,3,3,1,1.0,0.3333333333333333
2023,region_code,50,log_annual_monthly_wage_rubles,52,52,52,1.0,1.0
2023,region_code,50,log_covered_organization_jobs_per_resident,52,52,52,1.0,1.0
2023,region_code,50,manufacturing_headcount_share,52,49,49,0.9423076923076923,0.9423076923076923
2023,region_code,50,agriculture_headcount_share,52,28,28,0.5384615384615384,0.5384615384615384
2023,region_code,50,public_administration_education_health_headcount_share,52,47,47,0.9038461538461539,0.9038461538461539
2023,region_code,51,log_annual_monthly_wage_rubles,12,12,12,1.0,1.0
2023,region_code,51,log_covered_organization_jobs_per_resident,12,12,12,1.0,1.0
2023,region_code,51,manufacturing_headcount_share,12,8,8,0.6666666666666666,0.6666666666666666
2023,region_code,51,agriculture_headcount_share,12,3,3,0.25,0.25
2023,region_code,51,public_administration_education_health_headcount_share,12,12,12,1.0,1.0
2023,region_code,52,log_annual_monthly_wage_rubles,50,50,50,1.0,1.0
2023,region_code,52,log_covered_organization_jobs_per_resident,50,50,50,1.0,1.0
2023,region_code,52,manufacturing_headcount_share,50,29,29,0.58,0.58
2023,region_code,52,agriculture_headcount_share,50,26,26,0.52,0.52
2023,region_code,52,public_administration_education_health_headcount_share,50,50,50,1.0,1.0
2023,region_code,53,log_annual_monthly_wage_rubles,21,21,21,1.0,1.0
2023,region_code,53,log_covered_organization_jobs_per_resident,21,21,21,1.0,1.0
2023,region_code,53,manufacturing_headcount_share,21,10,10,0.47619047619047616,0.47619047619047616
2023,region_code,53,agriculture_headcount_share,21,9,9,0.42857142857142855,0.42857142857142855
2023,region_code,53,public_administration_education_health_headcount_share,21,21,21,1.0,1.0
2023,region_code,54,log_annual_monthly_wage_rubles,35,35,35,1.0,1.0
2023,region_code,54,log_covered_organization_jobs_per_resident,35,35,35,1.0,1.0
2023,region_code,54,manufacturing_headcount_share,35,24,24,0.6857142857142857,0.6857142857142857
2023,region_code,54,agriculture_headcount_share,35,25,25,0.7142857142857143,0.7142857142857143
2023,region_code,54,public_administration_education_health_headcount_share,35,35,35,1.0,1.0
2023,region_code,55,log_annual_monthly_wage_rubles,33,33,33,1.0,1.0
2023,region_code,55,log_covered_organization_jobs_per_resident,33,33,33,1.0,1.0
2023,region_code,55,manufacturing_headcount_share,33,14,14,0.42424242424242425,0.42424242424242425
2023,region_code,55,agriculture_headcount_share,33,27,27,0.8181818181818182,0.8181818181818182
2023,region_code,55,public_administration_education_health_headcount_share,33,28,28,0.8484848484848485,0.8484848484848485
2023,region_code,56,log_annual_monthly_wage_rubles,39,39,39,1.0,1.0
2023,region_code,56,log_covered_organization_jobs_per_resident,39,39,39,1.0,1.0
2023,region_code,56,manufacturing_headcount_share,39,13,13,0.3333333333333333,0.3333333333333333
2023,region_code,56,agriculture_headcount_share,39,16,16,0.41025641025641024,0.41025641025641024
2023,region_code,56,public_administration_education_health_headcount_share,39,37,37,0.9487179487179487,0.9487179487179487
2023,region_code,57,log_annual_monthly_wage_rubles,21,21,21,1.0,1.0
2023,region_code,57,log_covered_organization_jobs_per_resident,21,21,21,1.0,1.0
2023,region_code,57,manufacturing_headcount_share,21,7,7,0.3333333333333333,0.3333333333333333
2023,region_code,57,agriculture_headcount_share,21,20,20,0.9523809523809523,0.9523809523809523
2023,region_code,57,public_administration_education_health_headcount_share,21,17,17,0.8095238095238095,0.8095238095238095
2023,region_code,58,log_annual_monthly_wage_rubles,25,25,25,1.0,1.0
2023,region_code,58,log_covered_organization_jobs_per_resident,25,25,25,1.0,1.0
2023,region_code,58,manufacturing_headcount_share,25,11,11,0.44,0.44
2023,region_code,58,agriculture_headcount_share,25,17,17,0.68,0.68
2023,region_code,58,public_administration_education_health_headcount_share,25,12,12,0.48,0.48
2023,region_code,59,log_annual_monthly_wage_rubles,42,42,42,1.0,1.0
2023,region_code,59,log_covered_organization_jobs_per_resident,42,42,42,1.0,1.0
2023,region_code,59,manufacturing_headcount_share,42,18,18,0.42857142857142855,0.42857142857142855
2023,region_code,59,agriculture_headcount_share,42,22,22,0.5238095238095238,0.5238095238095238
2023,region_code,59,public_administration_education_health_headcount_share,42,38,38,0.9047619047619048,0.9047619047619048
2023,region_code,60,log_annual_monthly_wage_rubles,22,22,22,1.0,1.0
2023,region_code,60,log_covered_organization_jobs_per_resident,22,22,22,1.0,1.0
2023,region_code,60,manufacturing_headcount_share,22,6,6,0.2727272727272727,0.2727272727272727
2023,region_code,60,agriculture_headcount_share,22,7,7,0.3181818181818182,0.3181818181818182
2023,region_code,60,public_administration_education_health_headcount_share,22,22,22,1.0,1.0
2023,region_code,62,log_annual_monthly_wage_rubles,26,26,26,1.0,1.0
2023,region_code,62,log_covered_organization_jobs_per_resident,26,26,26,1.0,1.0
2023,region_code,62,manufacturing_headcount_share,26,11,11,0.4230769230769231,0.4230769230769231
2023,region_code,62,agriculture_headcount_share,26,15,15,0.5769230769230769,0.5769230769230769
2023,region_code,62,public_administration_education_health_headcount_share,26,12,12,0.46153846153846156,0.46153846153846156
2023,region_code,63,log_annual_monthly_wage_rubles,36,36,36,1.0,1.0
2023,region_code,63,log_covered_organization_jobs_per_resident,36,36,36,1.0,1.0
2023,region_code,63,manufacturing_headcount_share,36,17,17,0.4722222222222222,0.4722222222222222
2023,region_code,63,agriculture_headcount_share,36,20,20,0.5555555555555556,0.5555555555555556
2023,region_code,63,public_administration_education_health_headcount_share,36,35,35,0.9722222222222222,0.9722222222222222
2023,region_code,64,log_annual_monthly_wage_rubles,39,39,39,1.0,1.0
2023,region_code,64,log_covered_organization_jobs_per_resident,39,39,39,1.0,1.0
2023,region_code,64,manufacturing_headcount_share,39,10,10,0.2564102564102564,0.2564102564102564
2023,region_code,64,agriculture_headcount_share,39,29,29,0.7435897435897436,0.7435897435897436
2023,region_code,64,public_administration_education_health_headcount_share,39,32,32,0.8205128205128205,0.8205128205128205
2023,region_code,65,log_annual_monthly_wage_rubles,16,16,16,1.0,1.0
2023,region_code,65,log_covered_organization_jobs_per_resident,16,16,16,1.0,1.0
2023,region_code,65,manufacturing_headcount_share,16,4,4,0.25,0.25
2023,region_code,65,agriculture_headcount_share,16,13,13,0.8125,0.8125
2023,region_code,65,public_administration_education_health_headcount_share,16,15,15,0.9375,0.9375
2023,region_code,66,log_annual_monthly_wage_rubles,64,64,64,1.0,1.0
2023,region_code,66,log_covered_organization_jobs_per_resident,64,64,64,1.0,1.0
2023,region_code,66,manufacturing_headcount_share,64,42,42,0.65625,0.65625
2023,region_code,66,agriculture_headcount_share,64,21,21,0.328125,0.328125
2023,region_code,66,public_administration_education_health_headcount_share,64,53,53,0.828125,0.828125
2023,region_code,67,log_annual_monthly_wage_rubles,27,27,27,1.0,1.0
2023,region_code,67,log_covered_organization_jobs_per_resident,27,27,27,1.0,1.0
2023,region_code,67,manufacturing_headcount_share,27,12,12,0.4444444444444444,0.4444444444444444
2023,region_code,67,agriculture_headcount_share,27,14,14,0.5185185185185185,0.5185185185185185
2023,region_code,67,public_administration_education_health_headcount_share,27,19,19,0.7037037037037037,0.7037037037037037
2023,region_code,68,log_annual_monthly_wage_rubles,24,24,24,1.0,1.0
2023,region_code,68,log_covered_organization_jobs_per_resident,24,24,24,1.0,1.0
2023,region_code,68,manufacturing_headcount_share,24,10,10,0.4166666666666667,0.4166666666666667
2023,region_code,68,agriculture_headcount_share,24,17,17,0.7083333333333334,0.7083333333333334
2023,region_code,68,public_administration_education_health_headcount_share,24,18,18,0.75,0.75
2023,region_code,69,log_annual_monthly_wage_rubles,37,37,37,1.0,1.0
2023,region_code,69,log_covered_organization_jobs_per_resident,37,37,37,1.0,1.0
2023,region_code,69,manufacturing_headcount_share,37,15,15,0.40540540540540543,0.40540540540540543
2023,region_code,69,agriculture_headcount_share,37,13,13,0.35135135135135137,0.35135135135135137
2023,region_code,69,public_administration_education_health_headcount_share,37,36,36,0.972972972972973,0.972972972972973
2023,region_code,70,log_annual_monthly_wage_rubles,19,19,19,1.0,1.0
2023,region_code,70,log_covered_organization_jobs_per_resident,19,19,19,1.0,1.0
2023,region_code,70,manufacturing_headcount_share,19,8,8,0.42105263157894735,0.42105263157894735
2023,region_code,70,agriculture_headcount_share,19,10,10,0.5263157894736842,0.5263157894736842
2023,region_code,70,public_administration_education_health_headcount_share,19,13,13,0.6842105263157895,0.6842105263157895
2023,region_code,71,log_annual_monthly_wage_rubles,24,24,24,1.0,1.0
2023,region_code,71,log_covered_organization_jobs_per_resident,24,24,24,1.0,1.0
2023,region_code,71,manufacturing_headcount_share,24,15,15,0.625,0.625
2023,region_code,71,agriculture_headcount_share,24,16,16,0.6666666666666666,0.6666666666666666
2023,region_code,71,public_administration_education_health_headcount_share,24,24,24,1.0,1.0
2023,region_code,72,log_annual_monthly_wage_rubles,24,6,6,0.25,0.25
2023,region_code,72,log_covered_organization_jobs_per_resident,24,6,6,0.25,0.25
2023,region_code,72,manufacturing_headcount_share,24,5,5,0.20833333333333334,0.20833333333333334
2023,region_code,72,agriculture_headcount_share,24,5,5,0.20833333333333334,0.20833333333333334
2023,region_code,72,public_administration_education_health_headcount_share,24,6,6,0.25,0.25
2023,region_code,73,log_annual_monthly_wage_rubles,21,21,21,1.0,1.0
2023,region_code,73,log_covered_organization_jobs_per_resident,21,21,21,1.0,1.0
2023,region_code,73,manufacturing_headcount_share,21,9,9,0.42857142857142855,0.42857142857142855
2023,region_code,73,agriculture_headcount_share,21,8,8,0.38095238095238093,0.38095238095238093
2023,region_code,73,public_administration_education_health_headcount_share,21,21,21,1.0,1.0
2023,region_code,74,log_annual_monthly_wage_rubles,37,37,37,1.0,1.0
2023,region_code,74,log_covered_organization_jobs_per_resident,37,37,37,1.0,1.0
2023,region_code,74,manufacturing_headcount_share,37,25,25,0.6756756756756757,0.6756756756756757
2023,region_code,74,agriculture_headcount_share,37,13,13,0.35135135135135137,0.35135135135135137
2023,region_code,74,public_administration_education_health_headcount_share,37,37,37,1.0,1.0
2023,region_code,75,log_annual_monthly_wage_rubles,28,28,28,1.0,1.0
2023,region_code,75,log_covered_organization_jobs_per_resident,28,28,28,1.0,1.0
2023,region_code,75,manufacturing_headcount_share,28,9,9,0.32142857142857145,0.32142857142857145
2023,region_code,75,agriculture_headcount_share,28,10,10,0.35714285714285715,0.35714285714285715
2023,region_code,75,public_administration_education_health_headcount_share,28,26,26,0.9285714285714286,0.9285714285714286
2023,region_code,76,log_annual_monthly_wage_rubles,19,19,19,1.0,1.0
2023,region_code,76,log_covered_organization_jobs_per_resident,19,19,19,1.0,1.0
2023,region_code,76,manufacturing_headcount_share,19,9,9,0.47368421052631576,0.47368421052631576
2023,region_code,76,agriculture_headcount_share,19,17,17,0.8947368421052632,0.8947368421052632
2023,region_code,76,public_administration_education_health_headcount_share,19,19,19,1.0,1.0
2023,region_code,77,log_annual_monthly_wage_rubles,144,2,2,0.013888888888888888,0.013888888888888888
2023,region_code,77,log_covered_organization_jobs_per_resident,144,2,2,0.013888888888888888,0.013888888888888888
2023,region_code,77,manufacturing_headcount_share,144,2,2,0.013888888888888888,0.013888888888888888
2023,region_code,77,agriculture_headcount_share,144,0,0,0.0,0.0
2023,region_code,77,public_administration_education_health_headcount_share,144,2,2,0.013888888888888888,0.013888888888888888
2023,region_code,78,log_annual_monthly_wage_rubles,98,80,80,0.8163265306122449,0.8163265306122449
2023,region_code,78,log_covered_organization_jobs_per_resident,98,80,80,0.8163265306122449,0.8163265306122449
2023,region_code,78,manufacturing_headcount_share,98,62,62,0.6326530612244898,0.6326530612244898
2023,region_code,78,agriculture_headcount_share,98,2,2,0.02040816326530612,0.02040816326530612
2023,region_code,78,public_administration_education_health_headcount_share,98,57,57,0.5816326530612245,0.5816326530612245
2023,region_code,79,log_annual_monthly_wage_rubles,6,6,6,1.0,1.0
2023,region_code,79,log_covered_organization_jobs_per_resident,6,6,6,1.0,1.0
2023,region_code,79,manufacturing_headcount_share,6,2,2,0.3333333333333333,0.3333333333333333
2023,region_code,79,agriculture_headcount_share,6,4,4,0.6666666666666666,0.6666666666666666
2023,region_code,79,public_administration_education_health_headcount_share,6,5,5,0.8333333333333334,0.8333333333333334
2023,region_code,83,log_annual_monthly_wage_rubles,2,2,2,1.0,1.0
2023,region_code,83,log_covered_organization_jobs_per_resident,2,2,2,1.0,1.0
2023,region_code,83,manufacturing_headcount_share,2,2,2,1.0,1.0
2023,region_code,83,agriculture_headcount_share,2,2,2,1.0,1.0
2023,region_code,83,public_administration_education_health_headcount_share,2,2,2,1.0,1.0
2023,region_code,86,log_annual_monthly_wage_rubles,22,22,22,1.0,1.0
2023,region_code,86,log_covered_organization_jobs_per_resident,22,22,22,1.0,1.0
2023,region_code,86,manufacturing_headcount_share,22,22,22,1.0,1.0
2023,region_code,86,agriculture_headcount_share,22,1,1,0.045454545454545456,0.045454545454545456
2023,region_code,86,public_administration_education_health_headcount_share,22,20,20,0.9090909090909091,0.9090909090909091
2023,region_code,87,log_annual_monthly_wage_rubles,4,4,4,1.0,1.0
2023,region_code,87,log_covered_organization_jobs_per_resident,4,4,4,1.0,1.0
2023,region_code,87,manufacturing_headcount_share,4,2,2,0.5,0.5
2023,region_code,87,agriculture_headcount_share,4,4,4,1.0,1.0
2023,region_code,87,public_administration_education_health_headcount_share,4,4,4,1.0,1.0
2023,region_code,89,log_annual_monthly_wage_rubles,13,13,13,1.0,1.0
2023,region_code,89,log_covered_organization_jobs_per_resident,13,13,13,1.0,1.0
2023,region_code,89,manufacturing_headcount_share,13,10,10,0.7692307692307693,0.7692307692307693
2023,region_code,89,agriculture_headcount_share,13,7,7,0.5384615384615384,0.5384615384615384
2023,region_code,89,public_administration_education_health_headcount_share,13,12,12,0.9230769230769231,0.9230769230769231
2023,cluster,0,log_annual_monthly_wage_rubles,644,627,604,0.9736024844720497,0.937888198757764
2023,cluster,0,log_covered_organization_jobs_per_resident,644,604,604,0.937888198757764,0.937888198757764
2023,cluster,0,manufacturing_headcount_share,644,450,428,0.6987577639751553,0.6645962732919255
2023,cluster,0,agriculture_headcount_share,644,387,381,0.6009316770186336,0.5916149068322981
2023,cluster,0,public_administration_education_health_headcount_share,644,599,576,0.9301242236024845,0.8944099378881988
2023,cluster,1,log_annual_monthly_wage_rubles,859,846,839,0.9848661233993015,0.9767171129220024
2023,cluster,1,log_covered_organization_jobs_per_resident,859,839,839,0.9767171129220024,0.9767171129220024
2023,cluster,1,manufacturing_headcount_share,859,311,309,0.3620488940628638,0.359720605355064
2023,cluster,1,agriculture_headcount_share,859,475,473,0.5529685681024447,0.5506402793946449
2023,cluster,1,public_administration_education_health_headcount_share,859,712,705,0.8288707799767171,0.8207217694994179
2023,cluster,2,log_annual_monthly_wage_rubles,386,230,229,0.5958549222797928,0.5932642487046632
2023,cluster,2,log_covered_organization_jobs_per_resident,386,229,229,0.5932642487046632,0.5932642487046632
2023,cluster,2,manufacturing_headcount_share,386,192,191,0.49740932642487046,0.4948186528497409
2023,cluster,2,agriculture_headcount_share,386,99,98,0.25647668393782386,0.2538860103626943
2023,cluster,2,public_administration_education_health_headcount_share,386,205,204,0.5310880829015544,0.5284974093264249
2023,cluster,3,log_annual_monthly_wage_rubles,127,127,125,1.0,0.984251968503937
2023,cluster,3,log_covered_organization_jobs_per_resident,127,125,125,0.984251968503937,0.984251968503937
2023,cluster,3,manufacturing_headcount_share,127,42,42,0.33070866141732286,0.33070866141732286
2023,cluster,3,agriculture_headcount_share,127,91,91,0.7165354330708661,0.7165354330708661
2023,cluster,3,public_administration_education_health_headcount_share,127,111,109,0.8740157480314961,0.8582677165354331
2024,region_code,1,log_annual_monthly_wage_rubles,9,9,9,1.0,1.0
2024,region_code,1,log_covered_organization_jobs_per_resident,9,9,9,1.0,1.0
2024,region_code,1,manufacturing_headcount_share,9,7,7,0.7777777777777778,0.7777777777777778
2024,region_code,1,agriculture_headcount_share,9,7,7,0.7777777777777778,0.7777777777777778
2024,region_code,1,public_administration_education_health_headcount_share,9,9,9,1.0,1.0
2024,region_code,2,log_annual_monthly_wage_rubles,61,61,61,1.0,1.0
2024,region_code,2,log_covered_organization_jobs_per_resident,61,61,61,1.0,1.0
2024,region_code,2,manufacturing_headcount_share,61,25,25,0.4098360655737705,0.4098360655737705
2024,region_code,2,agriculture_headcount_share,61,44,44,0.7213114754098361,0.7213114754098361
2024,region_code,2,public_administration_education_health_headcount_share,61,61,61,1.0,1.0
2024,region_code,4,log_annual_monthly_wage_rubles,11,11,11,1.0,1.0
2024,region_code,4,log_covered_organization_jobs_per_resident,11,11,11,1.0,1.0
2024,region_code,4,manufacturing_headcount_share,11,3,3,0.2727272727272727,0.2727272727272727
2024,region_code,4,agriculture_headcount_share,11,4,4,0.36363636363636365,0.36363636363636365
2024,region_code,4,public_administration_education_health_headcount_share,11,10,10,0.9090909090909091,0.9090909090909091
2024,region_code,7,log_annual_monthly_wage_rubles,4,4,4,1.0,1.0
2024,region_code,7,log_covered_organization_jobs_per_resident,4,4,4,1.0,1.0
2024,region_code,7,manufacturing_headcount_share,4,3,3,0.75,0.75
2024,region_code,7,agriculture_headcount_share,4,2,2,0.5,0.5
2024,region_code,7,public_administration_education_health_headcount_share,4,3,3,0.75,0.75
2024,region_code,8,log_annual_monthly_wage_rubles,5,5,5,1.0,1.0
2024,region_code,8,log_covered_organization_jobs_per_resident,5,5,5,1.0,1.0
2024,region_code,8,manufacturing_headcount_share,5,0,0,0.0,0.0
2024,region_code,8,agriculture_headcount_share,5,0,0,0.0,0.0
2024,region_code,8,public_administration_education_health_headcount_share,5,5,5,1.0,1.0
2024,region_code,9,log_annual_monthly_wage_rubles,8,8,8,1.0,1.0
2024,region_code,9,log_covered_organization_jobs_per_resident,8,8,8,1.0,1.0
2024,region_code,9,manufacturing_headcount_share,8,2,2,0.25,0.25
2024,region_code,9,agriculture_headcount_share,8,2,2,0.25,0.25
2024,region_code,9,public_administration_education_health_headcount_share,8,4,4,0.5,0.5
2024,region_code,10,log_annual_monthly_wage_rubles,18,18,18,1.0,1.0
2024,region_code,10,log_covered_organization_jobs_per_resident,18,18,18,1.0,1.0
2024,region_code,10,manufacturing_headcount_share,18,5,5,0.2777777777777778,0.2777777777777778
2024,region_code,10,agriculture_headcount_share,18,17,17,0.9444444444444444,0.9444444444444444
2024,region_code,10,public_administration_education_health_headcount_share,18,18,18,1.0,1.0
2024,region_code,11,log_annual_monthly_wage_rubles,20,19,19,0.95,0.95
2024,region_code,11,log_covered_organization_jobs_per_resident,20,19,19,0.95,0.95
2024,region_code,11,manufacturing_headcount_share,20,9,9,0.45,0.45
2024,region_code,11,agriculture_headcount_share,20,13,13,0.65,0.65
2024,region_code,11,public_administration_education_health_headcount_share,20,19,19,0.95,0.95
2024,region_code,12,log_annual_monthly_wage_rubles,17,17,17,1.0,1.0
2024,region_code,12,log_covered_organization_jobs_per_resident,17,17,17,1.0,1.0
2024,region_code,12,manufacturing_headcount_share,17,14,14,0.8235294117647058,0.8235294117647058
2024,region_code,12,agriculture_headcount_share,17,11,11,0.6470588235294118,0.6470588235294118
2024,region_code,12,public_administration_education_health_headcount_share,17,16,16,0.9411764705882353,0.9411764705882353
2024,region_code,13,log_annual_monthly_wage_rubles,20,20,20,1.0,1.0
2024,region_code,13,log_covered_organization_jobs_per_resident,20,20,20,1.0,1.0
2024,region_code,13,manufacturing_headcount_share,20,8,8,0.4,0.4
2024,region_code,13,agriculture_headcount_share,20,13,13,0.65,0.65
2024,region_code,13,public_administration_education_health_headcount_share,20,20,20,1.0,1.0
2024,region_code,14,log_annual_monthly_wage_rubles,29,29,29,1.0,1.0
2024,region_code,14,log_covered_organization_jobs_per_resident,29,29,29,1.0,1.0
2024,region_code,14,manufacturing_headcount_share,29,6,6,0.20689655172413793,0.20689655172413793
2024,region_code,14,agriculture_headcount_share,29,25,25,0.8620689655172413,0.8620689655172413
2024,region_code,14,public_administration_education_health_headcount_share,29,29,29,1.0,1.0
2024,region_code,15,log_annual_monthly_wage_rubles,7,0,0,0.0,0.0
2024,region_code,15,log_covered_organization_jobs_per_resident,7,0,0,0.0,0.0
2024,region_code,15,manufacturing_headcount_share,7,0,0,0.0,0.0
2024,region_code,15,agriculture_headcount_share,7,0,0,0.0,0.0
2024,region_code,15,public_administration_education_health_headcount_share,7,0,0,0.0,0.0
2024,region_code,16,log_annual_monthly_wage_rubles,43,43,43,1.0,1.0
2024,region_code,16,log_covered_organization_jobs_per_resident,43,43,43,1.0,1.0
2024,region_code,16,manufacturing_headcount_share,43,30,30,0.6976744186046512,0.6976744186046512
2024,region_code,16,agriculture_headcount_share,43,39,39,0.9069767441860465,0.9069767441860465
2024,region_code,16,public_administration_education_health_headcount_share,43,43,43,1.0,1.0
2024,region_code,17,log_annual_monthly_wage_rubles,10,10,10,1.0,1.0
2024,region_code,17,log_covered_organization_jobs_per_resident,10,10,10,1.0,1.0
2024,region_code,17,manufacturing_headcount_share,10,0,0,0.0,0.0
2024,region_code,17,agriculture_headcount_share,10,5,5,0.5,0.5
2024,region_code,17,public_administration_education_health_headcount_share,10,7,7,0.7,0.7
2024,region_code,18,log_annual_monthly_wage_rubles,27,27,27,1.0,1.0
2024,region_code,18,log_covered_organization_jobs_per_resident,27,27,27,1.0,1.0
2024,region_code,18,manufacturing_headcount_share,27,19,19,0.7037037037037037,0.7037037037037037
2024,region_code,18,agriculture_headcount_share,27,26,26,0.9629629629629629,0.9629629629629629
2024,region_code,18,public_administration_education_health_headcount_share,27,26,26,0.9629629629629629,0.9629629629629629
2024,region_code,19,log_annual_monthly_wage_rubles,12,12,12,1.0,1.0
2024,region_code,19,log_covered_organization_jobs_per_resident,12,12,12,1.0,1.0
2024,region_code,19,manufacturing_headcount_share,12,6,6,0.5,0.5
2024,region_code,19,agriculture_headcount_share,12,3,3,0.25,0.25
2024,region_code,19,public_administration_education_health_headcount_share,12,9,9,0.75,0.75
2024,region_code,21,log_annual_monthly_wage_rubles,23,23,23,1.0,1.0
2024,region_code,21,log_covered_organization_jobs_per_resident,23,23,23,1.0,1.0
2024,region_code,21,manufacturing_headcount_share,23,14,14,0.6086956521739131,0.6086956521739131
2024,region_code,21,agriculture_headcount_share,23,11,11,0.4782608695652174,0.4782608695652174
2024,region_code,21,public_administration_education_health_headcount_share,23,22,22,0.9565217391304348,0.9565217391304348
2024,region_code,22,log_annual_monthly_wage_rubles,65,65,65,1.0,1.0
2024,region_code,22,log_covered_organization_jobs_per_resident,65,65,65,1.0,1.0
2024,region_code,22,manufacturing_headcount_share,65,38,38,0.5846153846153846,0.5846153846153846
2024,region_code,22,agriculture_headcount_share,65,54,54,0.8307692307692308,0.8307692307692308
2024,region_code,22,public_administration_education_health_headcount_share,65,46,46,0.7076923076923077,0.7076923076923077
2024,region_code,24,log_annual_monthly_wage_rubles,51,51,51,1.0,1.0
2024,region_code,24,log_covered_organization_jobs_per_resident,51,51,51,1.0,1.0
2024,region_code,24,manufacturing_headcount_share,51,25,25,0.49019607843137253,0.49019607843137253
2024,region_code,24,agriculture_headcount_share,51,30,30,0.5882352941176471,0.5882352941176471
2024,region_code,24,public_administration_education_health_headcount_share,51,47,47,0.9215686274509803,0.9215686274509803
2024,region_code,25,log_annual_monthly_wage_rubles,33,33,33,1.0,1.0
2024,region_code,25,log_covered_organization_jobs_per_resident,33,33,33,1.0,1.0
2024,region_code,25,manufacturing_headcount_share,33,15,15,0.45454545454545453,0.45454545454545453
2024,region_code,25,agriculture_headcount_share,33,14,14,0.42424242424242425,0.42424242424242425
2024,region_code,25,public_administration_education_health_headcount_share,33,28,28,0.8484848484848485,0.8484848484848485
2024,region_code,26,log_annual_monthly_wage_rubles,33,23,23,0.696969696969697,0.696969696969697
2024,region_code,26,log_covered_organization_jobs_per_resident,33,23,23,0.696969696969697,0.696969696969697
2024,region_code,26,manufacturing_headcount_share,33,13,13,0.3939393939393939,0.3939393939393939
2024,region_code,26,agriculture_headcount_share,33,19,19,0.5757575757575758,0.5757575757575758
2024,region_code,26,public_administration_education_health_headcount_share,33,22,22,0.6666666666666666,0.6666666666666666
2024,region_code,27,log_annual_monthly_wage_rubles,16,16,16,1.0,1.0
2024,region_code,27,log_covered_organization_jobs_per_resident,16,16,16,1.0,1.0
2024,region_code,27,manufacturing_headcount_share,16,7,7,0.4375,0.4375
2024,region_code,27,agriculture_headcount_share,16,11,11,0.6875,0.6875
2024,region_code,27,public_administration_education_health_headcount_share,16,15,15,0.9375,0.9375
2024,region_code,28,log_annual_monthly_wage_rubles,19,19,19,1.0,1.0
2024,region_code,28,log_covered_organization_jobs_per_resident,19,19,19,1.0,1.0
2024,region_code,28,manufacturing_headcount_share,19,4,4,0.21052631578947367,0.21052631578947367
2024,region_code,28,agriculture_headcount_share,19,12,12,0.631578947368421,0.631578947368421
2024,region_code,28,public_administration_education_health_headcount_share,19,16,16,0.8421052631578947,0.8421052631578947
2024,region_code,29,log_annual_monthly_wage_rubles,22,17,17,0.7727272727272727,0.7727272727272727
2024,region_code,29,log_covered_organization_jobs_per_resident,22,17,17,0.7727272727272727,0.7727272727272727
2024,region_code,29,manufacturing_headcount_share,22,4,4,0.18181818181818182,0.18181818181818182
2024,region_code,29,agriculture_headcount_share,22,9,9,0.4090909090909091,0.4090909090909091
2024,region_code,29,public_administration_education_health_headcount_share,22,16,16,0.7272727272727273,0.7272727272727273
2024,region_code,30,log_annual_monthly_wage_rubles,11,11,11,1.0,1.0
2024,region_code,30,log_covered_organization_jobs_per_resident,11,11,11,1.0,1.0
2024,region_code,30,manufacturing_headcount_share,11,5,5,0.45454545454545453,0.45454545454545453
2024,region_code,30,agriculture_headcount_share,11,7,7,0.6363636363636364,0.6363636363636364
2024,region_code,30,public_administration_education_health_headcount_share,11,11,11,1.0,1.0
2024,region_code,33,log_annual_monthly_wage_rubles,18,18,18,1.0,1.0
2024,region_code,33,log_covered_organization_jobs_per_resident,18,18,18,1.0,1.0
2024,region_code,33,manufacturing_headcount_share,18,17,17,0.9444444444444444,0.9444444444444444
2024,region_code,33,agriculture_headcount_share,18,10,10,0.5555555555555556,0.5555555555555556
2024,region_code,33,public_administration_education_health_headcount_share,18,16,16,0.8888888888888888,0.8888888888888888
2024,region_code,34,log_annual_monthly_wage_rubles,35,35,35,1.0,1.0
2024,region_code,34,log_covered_organization_jobs_per_resident,35,35,35,1.0,1.0
2024,region_code,34,manufacturing_headcount_share,35,21,21,0.6,0.6
2024,region_code,34,agriculture_headcount_share,35,26,26,0.7428571428571429,0.7428571428571429
2024,region_code,34,public_administration_education_health_headcount_share,35,35,35,1.0,1.0
2024,region_code,35,log_annual_monthly_wage_rubles,25,25,25,1.0,1.0
2024,region_code,35,log_covered_organization_jobs_per_resident,25,25,25,1.0,1.0
2024,region_code,35,manufacturing_headcount_share,25,12,12,0.48,0.48
2024,region_code,35,agriculture_headcount_share,25,20,20,0.8,0.8
2024,region_code,35,public_administration_education_health_headcount_share,25,24,24,0.96,0.96
2024,region_code,37,log_annual_monthly_wage_rubles,26,26,26,1.0,1.0
2024,region_code,37,log_covered_organization_jobs_per_resident,26,26,26,1.0,1.0
2024,region_code,37,manufacturing_headcount_share,26,10,10,0.38461538461538464,0.38461538461538464
2024,region_code,37,agriculture_headcount_share,26,5,5,0.19230769230769232,0.19230769230769232
2024,region_code,37,public_administration_education_health_headcount_share,26,23,23,0.8846153846153846,0.8846153846153846
2024,region_code,38,log_annual_monthly_wage_rubles,39,38,38,0.9743589743589743,0.9743589743589743
2024,region_code,38,log_covered_organization_jobs_per_resident,39,38,38,0.9743589743589743,0.9743589743589743
2024,region_code,38,manufacturing_headcount_share,39,22,22,0.5641025641025641,0.5641025641025641
2024,region_code,38,agriculture_headcount_share,39,34,34,0.8717948717948718,0.8717948717948718
2024,region_code,38,public_administration_education_health_headcount_share,39,32,32,0.8205128205128205,0.8205128205128205
2024,region_code,39,log_annual_monthly_wage_rubles,19,18,18,0.9473684210526315,0.9473684210526315
2024,region_code,39,log_covered_organization_jobs_per_resident,19,18,18,0.9473684210526315,0.9473684210526315
2024,region_code,39,manufacturing_headcount_share,19,12,12,0.631578947368421,0.631578947368421
2024,region_code,39,agriculture_headcount_share,19,11,11,0.5789473684210527,0.5789473684210527
2024,region_code,39,public_administration_education_health_headcount_share,19,17,17,0.8947368421052632,0.8947368421052632
2024,region_code,40,log_annual_monthly_wage_rubles,25,25,25,1.0,1.0
2024,region_code,40,log_covered_organization_jobs_per_resident,25,25,25,1.0,1.0
2024,region_code,40,manufacturing_headcount_share,25,15,15,0.6,0.6
2024,region_code,40,agriculture_headcount_share,25,11,11,0.44,0.44
2024,region_code,40,public_administration_education_health_headcount_share,25,12,12,0.48,0.48
2024,region_code,41,log_annual_monthly_wage_rubles,9,9,9,1.0,1.0
2024,region_code,41,log_covered_organization_jobs_per_resident,9,9,9,1.0,1.0
2024,region_code,41,manufacturing_headcount_share,9,6,6,0.6666666666666666,0.6666666666666666
2024,region_code,41,agriculture_headcount_share,9,8,8,0.8888888888888888,0.8888888888888888
2024,region_code,41,public_administration_education_health_headcount_share,9,9,9,1.0,1.0
2024,region_code,42,log_annual_monthly_wage_rubles,30,0,0,0.0,0.0
2024,region_code,42,log_covered_organization_jobs_per_resident,30,0,0,0.0,0.0
2024,region_code,42,manufacturing_headcount_share,30,0,0,0.0,0.0
2024,region_code,42,agriculture_headcount_share,30,0,0,0.0,0.0
2024,region_code,42,public_administration_education_health_headcount_share,30,0,0,0.0,0.0
2024,region_code,43,log_annual_monthly_wage_rubles,43,43,43,1.0,1.0
2024,region_code,43,log_covered_organization_jobs_per_resident,43,43,43,1.0,1.0
2024,region_code,43,manufacturing_headcount_share,43,19,19,0.4418604651162791,0.4418604651162791
2024,region_code,43,agriculture_headcount_share,43,29,29,0.6744186046511628,0.6744186046511628
2024,region_code,43,public_administration_education_health_headcount_share,43,42,42,0.9767441860465116,0.9767441860465116
2024,region_code,44,log_annual_monthly_wage_rubles,28,28,28,1.0,1.0
2024,region_code,44,log_covered_organization_jobs_per_resident,28,28,28,1.0,1.0
2024,region_code,44,manufacturing_headcount_share,28,11,11,0.39285714285714285,0.39285714285714285
2024,region_code,44,agriculture_headcount_share,28,8,8,0.2857142857142857,0.2857142857142857
2024,region_code,44,public_administration_education_health_headcount_share,28,22,22,0.7857142857142857,0.7857142857142857
2024,region_code,45,log_annual_monthly_wage_rubles,24,24,24,1.0,1.0
2024,region_code,45,log_covered_organization_jobs_per_resident,24,24,24,1.0,1.0
2024,region_code,45,manufacturing_headcount_share,24,10,10,0.4166666666666667,0.4166666666666667
2024,region_code,45,agriculture_headcount_share,24,13,13,0.5416666666666666,0.5416666666666666
2024,region_code,45,public_administration_education_health_headcount_share,24,24,24,1.0,1.0
2024,region_code,47,log_annual_monthly_wage_rubles,18,18,18,1.0,1.0
2024,region_code,47,log_covered_organization_jobs_per_resident,18,18,18,1.0,1.0
2024,region_code,47,manufacturing_headcount_share,18,18,18,1.0,1.0
2024,region_code,47,agriculture_headcount_share,18,14,14,0.7777777777777778,0.7777777777777778
2024,region_code,47,public_administration_education_health_headcount_share,18,18,18,1.0,1.0
2024,region_code,48,log_annual_monthly_wage_rubles,18,14,14,0.7777777777777778,0.7777777777777778
2024,region_code,48,log_covered_organization_jobs_per_resident,18,14,14,0.7777777777777778,0.7777777777777778
2024,region_code,48,manufacturing_headcount_share,18,10,10,0.5555555555555556,0.5555555555555556
2024,region_code,48,agriculture_headcount_share,18,13,13,0.7222222222222222,0.7222222222222222
2024,region_code,48,public_administration_education_health_headcount_share,18,11,11,0.6111111111111112,0.6111111111111112
2024,region_code,49,log_annual_monthly_wage_rubles,3,3,3,1.0,1.0
2024,region_code,49,log_covered_organization_jobs_per_resident,3,3,3,1.0,1.0
2024,region_code,49,manufacturing_headcount_share,3,1,1,0.3333333333333333,0.3333333333333333
2024,region_code,49,agriculture_headcount_share,3,1,1,0.3333333333333333,0.3333333333333333
2024,region_code,49,public_administration_education_health_headcount_share,3,3,3,1.0,1.0
2024,region_code,50,log_annual_monthly_wage_rubles,52,52,52,1.0,1.0
2024,region_code,50,log_covered_organization_jobs_per_resident,52,52,52,1.0,1.0
2024,region_code,50,manufacturing_headcount_share,52,49,49,0.9423076923076923,0.9423076923076923
2024,region_code,50,agriculture_headcount_share,52,26,26,0.5,0.5
2024,region_code,50,public_administration_education_health_headcount_share,52,49,49,0.9423076923076923,0.9423076923076923
2024,region_code,51,log_annual_monthly_wage_rubles,12,12,12,1.0,1.0
2024,region_code,51,log_covered_organization_jobs_per_resident,12,12,12,1.0,1.0
2024,region_code,51,manufacturing_headcount_share,12,9,9,0.75,0.75
2024,region_code,51,agriculture_headcount_share,12,3,3,0.25,0.25
2024,region_code,51,public_administration_education_health_headcount_share,12,12,12,1.0,1.0
2024,region_code,52,log_annual_monthly_wage_rubles,50,50,50,1.0,1.0
2024,region_code,52,log_covered_organization_jobs_per_resident,50,50,50,1.0,1.0
2024,region_code,52,manufacturing_headcount_share,50,37,37,0.74,0.74
2024,region_code,52,agriculture_headcount_share,50,23,23,0.46,0.46
2024,region_code,52,public_administration_education_health_headcount_share,50,50,50,1.0,1.0
2024,region_code,53,log_annual_monthly_wage_rubles,21,21,21,1.0,1.0
2024,region_code,53,log_covered_organization_jobs_per_resident,21,21,21,1.0,1.0
2024,region_code,53,manufacturing_headcount_share,21,8,8,0.38095238095238093,0.38095238095238093
2024,region_code,53,agriculture_headcount_share,21,8,8,0.38095238095238093,0.38095238095238093
2024,region_code,53,public_administration_education_health_headcount_share,21,21,21,1.0,1.0
2024,region_code,54,log_annual_monthly_wage_rubles,35,0,0,0.0,0.0
2024,region_code,54,log_covered_organization_jobs_per_resident,35,0,0,0.0,0.0
2024,region_code,54,manufacturing_headcount_share,35,0,0,0.0,0.0
2024,region_code,54,agriculture_headcount_share,35,0,0,0.0,0.0
2024,region_code,54,public_administration_education_health_headcount_share,35,0,0,0.0,0.0
2024,region_code,55,log_annual_monthly_wage_rubles,33,33,33,1.0,1.0
2024,region_code,55,log_covered_organization_jobs_per_resident,33,33,33,1.0,1.0
2024,region_code,55,manufacturing_headcount_share,33,15,15,0.45454545454545453,0.45454545454545453
2024,region_code,55,agriculture_headcount_share,33,26,26,0.7878787878787878,0.7878787878787878
2024,region_code,55,public_administration_education_health_headcount_share,33,28,28,0.8484848484848485,0.8484848484848485
2024,region_code,56,log_annual_monthly_wage_rubles,39,39,39,1.0,1.0
2024,region_code,56,log_covered_organization_jobs_per_resident,39,39,39,1.0,1.0
2024,region_code,56,manufacturing_headcount_share,39,14,14,0.358974358974359,0.358974358974359
2024,region_code,56,agriculture_headcount_share,39,16,16,0.41025641025641024,0.41025641025641024
2024,region_code,56,public_administration_education_health_headcount_share,39,37,37,0.9487179487179487,0.9487179487179487
2024,region_code,57,log_annual_monthly_wage_rubles,21,21,21,1.0,1.0
2024,region_code,57,log_covered_organization_jobs_per_resident,21,21,21,1.0,1.0
2024,region_code,57,manufacturing_headcount_share,21,5,5,0.23809523809523808,0.23809523809523808
2024,region_code,57,agriculture_headcount_share,21,19,19,0.9047619047619048,0.9047619047619048
2024,region_code,57,public_administration_education_health_headcount_share,21,17,17,0.8095238095238095,0.8095238095238095
2024,region_code,58,log_annual_monthly_wage_rubles,25,25,25,1.0,1.0
2024,region_code,58,log_covered_organization_jobs_per_resident,25,25,25,1.0,1.0
2024,region_code,58,manufacturing_headcount_share,25,11,11,0.44,0.44
2024,region_code,58,agriculture_headcount_share,25,17,17,0.68,0.68
2024,region_code,58,public_administration_education_health_headcount_share,25,12,12,0.48,0.48
2024,region_code,59,log_annual_monthly_wage_rubles,42,42,42,1.0,1.0
2024,region_code,59,log_covered_organization_jobs_per_resident,42,42,42,1.0,1.0
2024,region_code,59,manufacturing_headcount_share,42,18,18,0.42857142857142855,0.42857142857142855
2024,region_code,59,agriculture_headcount_share,42,20,20,0.47619047619047616,0.47619047619047616
2024,region_code,59,public_administration_education_health_headcount_share,42,38,38,0.9047619047619048,0.9047619047619048
2024,region_code,60,log_annual_monthly_wage_rubles,22,22,22,1.0,1.0
2024,region_code,60,log_covered_organization_jobs_per_resident,22,22,22,1.0,1.0
2024,region_code,60,manufacturing_headcount_share,22,9,9,0.4090909090909091,0.4090909090909091
2024,region_code,60,agriculture_headcount_share,22,6,6,0.2727272727272727,0.2727272727272727
2024,region_code,60,public_administration_education_health_headcount_share,22,22,22,1.0,1.0
2024,region_code,62,log_annual_monthly_wage_rubles,26,0,0,0.0,0.0
2024,region_code,62,log_covered_organization_jobs_per_resident,26,0,0,0.0,0.0
2024,region_code,62,manufacturing_headcount_share,26,0,0,0.0,0.0
2024,region_code,62,agriculture_headcount_share,26,0,0,0.0,0.0
2024,region_code,62,public_administration_education_health_headcount_share,26,0,0,0.0,0.0
2024,region_code,63,log_annual_monthly_wage_rubles,36,36,36,1.0,1.0
2024,region_code,63,log_covered_organization_jobs_per_resident,36,36,36,1.0,1.0
2024,region_code,63,manufacturing_headcount_share,36,18,18,0.5,0.5
2024,region_code,63,agriculture_headcount_share,36,20,20,0.5555555555555556,0.5555555555555556
2024,region_code,63,public_administration_education_health_headcount_share,36,36,36,1.0,1.0
2024,region_code,64,log_annual_monthly_wage_rubles,39,39,38,1.0,0.9743589743589743
2024,region_code,64,log_covered_organization_jobs_per_resident,39,38,38,0.9743589743589743,0.9743589743589743
2024,region_code,64,manufacturing_headcount_share,39,10,10,0.2564102564102564,0.2564102564102564
2024,region_code,64,agriculture_headcount_share,39,30,30,0.7692307692307693,0.7692307692307693
2024,region_code,64,public_administration_education_health_headcount_share,39,32,31,0.8205128205128205,0.7948717948717948
2024,region_code,65,log_annual_monthly_wage_rubles,16,16,16,1.0,1.0
2024,region_code,65,log_covered_organization_jobs_per_resident,16,16,16,1.0,1.0
2024,region_code,65,manufacturing_headcount_share,16,5,5,0.3125,0.3125
2024,region_code,65,agriculture_headcount_share,16,12,12,0.75,0.75
2024,region_code,65,public_administration_education_health_headcount_share,16,15,15,0.9375,0.9375
2024,region_code,66,log_annual_monthly_wage_rubles,64,64,64,1.0,1.0
2024,region_code,66,log_covered_organization_jobs_per_resident,64,64,64,1.0,1.0
2024,region_code,66,manufacturing_headcount_share,64,41,41,0.640625,0.640625
2024,region_code,66,agriculture_headcount_share,64,19,19,0.296875,0.296875
2024,region_code,66,public_administration_education_health_headcount_share,64,52,52,0.8125,0.8125
2024,region_code,67,log_annual_monthly_wage_rubles,27,27,27,1.0,1.0
2024,region_code,67,log_covered_organization_jobs_per_resident,27,27,27,1.0,1.0
2024,region_code,67,manufacturing_headcount_share,27,12,12,0.4444444444444444,0.4444444444444444
2024,region_code,67,agriculture_headcount_share,27,15,15,0.5555555555555556,0.5555555555555556
2024,region_code,67,public_administration_education_health_headcount_share,27,19,19,0.7037037037037037,0.7037037037037037
2024,region_code,68,log_annual_monthly_wage_rubles,24,24,24,1.0,1.0
2024,region_code,68,log_covered_organization_jobs_per_resident,24,24,24,1.0,1.0
2024,region_code,68,manufacturing_headcount_share,24,11,11,0.4583333333333333,0.4583333333333333
2024,region_code,68,agriculture_headcount_share,24,18,18,0.75,0.75
2024,region_code,68,public_administration_education_health_headcount_share,24,24,24,1.0,1.0
2024,region_code,69,log_annual_monthly_wage_rubles,37,0,0,0.0,0.0
2024,region_code,69,log_covered_organization_jobs_per_resident,37,0,0,0.0,0.0
2024,region_code,69,manufacturing_headcount_share,37,0,0,0.0,0.0
2024,region_code,69,agriculture_headcount_share,37,0,0,0.0,0.0
2024,region_code,69,public_administration_education_health_headcount_share,37,0,0,0.0,0.0
2024,region_code,70,log_annual_monthly_wage_rubles,19,19,19,1.0,1.0
2024,region_code,70,log_covered_organization_jobs_per_resident,19,19,19,1.0,1.0
2024,region_code,70,manufacturing_headcount_share,19,8,8,0.42105263157894735,0.42105263157894735
2024,region_code,70,agriculture_headcount_share,19,10,10,0.5263157894736842,0.5263157894736842
2024,region_code,70,public_administration_education_health_headcount_share,19,13,13,0.6842105263157895,0.6842105263157895
2024,region_code,71,log_annual_monthly_wage_rubles,24,24,24,1.0,1.0
2024,region_code,71,log_covered_organization_jobs_per_resident,24,24,24,1.0,1.0
2024,region_code,71,manufacturing_headcount_share,24,16,16,0.6666666666666666,0.6666666666666666
2024,region_code,71,agriculture_headcount_share,24,13,13,0.5416666666666666,0.5416666666666666
2024,region_code,71,public_administration_education_health_headcount_share,24,24,24,1.0,1.0
2024,region_code,72,log_annual_monthly_wage_rubles,24,6,6,0.25,0.25
2024,region_code,72,log_covered_organization_jobs_per_resident,24,6,6,0.25,0.25
2024,region_code,72,manufacturing_headcount_share,24,5,5,0.20833333333333334,0.20833333333333334
2024,region_code,72,agriculture_headcount_share,24,5,5,0.20833333333333334,0.20833333333333334
2024,region_code,72,public_administration_education_health_headcount_share,24,6,6,0.25,0.25
2024,region_code,73,log_annual_monthly_wage_rubles,21,21,21,1.0,1.0
2024,region_code,73,log_covered_organization_jobs_per_resident,21,21,21,1.0,1.0
2024,region_code,73,manufacturing_headcount_share,21,8,8,0.38095238095238093,0.38095238095238093
2024,region_code,73,agriculture_headcount_share,21,6,6,0.2857142857142857,0.2857142857142857
2024,region_code,73,public_administration_education_health_headcount_share,21,21,21,1.0,1.0
2024,region_code,74,log_annual_monthly_wage_rubles,37,37,37,1.0,1.0
2024,region_code,74,log_covered_organization_jobs_per_resident,37,37,37,1.0,1.0
2024,region_code,74,manufacturing_headcount_share,37,21,21,0.5675675675675675,0.5675675675675675
2024,region_code,74,agriculture_headcount_share,37,11,11,0.2972972972972973,0.2972972972972973
2024,region_code,74,public_administration_education_health_headcount_share,37,33,33,0.8918918918918919,0.8918918918918919
2024,region_code,75,log_annual_monthly_wage_rubles,28,28,28,1.0,1.0
2024,region_code,75,log_covered_organization_jobs_per_resident,28,28,28,1.0,1.0
2024,region_code,75,manufacturing_headcount_share,28,8,8,0.2857142857142857,0.2857142857142857
2024,region_code,75,agriculture_headcount_share,28,10,10,0.35714285714285715,0.35714285714285715
2024,region_code,75,public_administration_education_health_headcount_share,28,25,25,0.8928571428571429,0.8928571428571429
2024,region_code,76,log_annual_monthly_wage_rubles,19,19,19,1.0,1.0
2024,region_code,76,log_covered_organization_jobs_per_resident,19,19,19,1.0,1.0
2024,region_code,76,manufacturing_headcount_share,19,9,9,0.47368421052631576,0.47368421052631576
2024,region_code,76,agriculture_headcount_share,19,17,17,0.8947368421052632,0.8947368421052632
2024,region_code,76,public_administration_education_health_headcount_share,19,19,19,1.0,1.0
2024,region_code,77,log_annual_monthly_wage_rubles,144,2,2,0.013888888888888888,0.013888888888888888
2024,region_code,77,log_covered_organization_jobs_per_resident,144,2,2,0.013888888888888888,0.013888888888888888
2024,region_code,77,manufacturing_headcount_share,144,2,2,0.013888888888888888,0.013888888888888888
2024,region_code,77,agriculture_headcount_share,144,0,0,0.0,0.0
2024,region_code,77,public_administration_education_health_headcount_share,144,2,2,0.013888888888888888,0.013888888888888888
2024,region_code,78,log_annual_monthly_wage_rubles,98,80,80,0.8163265306122449,0.8163265306122449
2024,region_code,78,log_covered_organization_jobs_per_resident,98,80,80,0.8163265306122449,0.8163265306122449
2024,region_code,78,manufacturing_headcount_share,98,46,46,0.46938775510204084,0.46938775510204084
2024,region_code,78,agriculture_headcount_share,98,1,1,0.01020408163265306,0.01020408163265306
2024,region_code,78,public_administration_education_health_headcount_share,98,62,62,0.6326530612244898,0.6326530612244898
2024,region_code,79,log_annual_monthly_wage_rubles,6,6,6,1.0,1.0
2024,region_code,79,log_covered_organization_jobs_per_resident,6,6,6,1.0,1.0
2024,region_code,79,manufacturing_headcount_share,6,2,2,0.3333333333333333,0.3333333333333333
2024,region_code,79,agriculture_headcount_share,6,4,4,0.6666666666666666,0.6666666666666666
2024,region_code,79,public_administration_education_health_headcount_share,6,5,5,0.8333333333333334,0.8333333333333334
2024,region_code,83,log_annual_monthly_wage_rubles,2,2,2,1.0,1.0
2024,region_code,83,log_covered_organization_jobs_per_resident,2,2,2,1.0,1.0
2024,region_code,83,manufacturing_headcount_share,2,2,2,1.0,1.0
2024,region_code,83,agriculture_headcount_share,2,2,2,1.0,1.0
2024,region_code,83,public_administration_education_health_headcount_share,2,2,2,1.0,1.0
2024,region_code,86,log_annual_monthly_wage_rubles,22,22,22,1.0,1.0
2024,region_code,86,log_covered_organization_jobs_per_resident,22,22,22,1.0,1.0
2024,region_code,86,manufacturing_headcount_share,22,21,21,0.9545454545454546,0.9545454545454546
2024,region_code,86,agriculture_headcount_share,22,2,2,0.09090909090909091,0.09090909090909091
2024,region_code,86,public_administration_education_health_headcount_share,22,20,20,0.9090909090909091,0.9090909090909091
2024,region_code,87,log_annual_monthly_wage_rubles,4,4,4,1.0,1.0
2024,region_code,87,log_covered_organization_jobs_per_resident,4,4,4,1.0,1.0
2024,region_code,87,manufacturing_headcount_share,4,2,2,0.5,0.5
2024,region_code,87,agriculture_headcount_share,4,4,4,1.0,1.0
2024,region_code,87,public_administration_education_health_headcount_share,4,4,4,1.0,1.0
2024,region_code,89,log_annual_monthly_wage_rubles,13,13,13,1.0,1.0
2024,region_code,89,log_covered_organization_jobs_per_resident,13,13,13,1.0,1.0
2024,region_code,89,manufacturing_headcount_share,13,11,11,0.8461538461538461,0.8461538461538461
2024,region_code,89,agriculture_headcount_share,13,7,7,0.5384615384615384,0.5384615384615384
2024,region_code,89,public_administration_education_health_headcount_share,13,13,13,1.0,1.0
2024,cluster,0,log_annual_monthly_wage_rubles,644,579,579,0.8990683229813664,0.8990683229813664
2024,cluster,0,log_covered_organization_jobs_per_resident,644,579,579,0.8990683229813664,0.8990683229813664
2024,cluster,0,manufacturing_headcount_share,644,387,387,0.6009316770186336,0.6009316770186336
2024,cluster,0,agriculture_headcount_share,644,361,361,0.5605590062111802,0.5605590062111802
2024,cluster,0,public_administration_education_health_headcount_share,644,556,556,0.8633540372670807,0.8633540372670807
2024,cluster,1,log_annual_monthly_wage_rubles,859,760,759,0.8847497089639115,0.8835855646100116
2024,cluster,1,log_covered_organization_jobs_per_resident,859,759,759,0.8835855646100116,0.8835855646100116
2024,cluster,1,manufacturing_headcount_share,859,284,284,0.33061699650756693,0.33061699650756693
2024,cluster,1,agriculture_headcount_share,859,416,416,0.4842840512223516,0.4842840512223516
2024,cluster,1,public_administration_education_health_headcount_share,859,643,642,0.7485448195576252,0.7473806752037253
2024,cluster,2,log_annual_monthly_wage_rubles,386,215,215,0.5569948186528497,0.5569948186528497
2024,cluster,2,log_covered_organization_jobs_per_resident,386,215,215,0.5569948186528497,0.5569948186528497
2024,cluster,2,manufacturing_headcount_share,386,165,165,0.4274611398963731,0.4274611398963731
2024,cluster,2,agriculture_headcount_share,386,89,89,0.23056994818652848,0.23056994818652848
2024,cluster,2,public_administration_education_health_headcount_share,386,194,194,0.5025906735751295,0.5025906735751295
2024,cluster,3,log_annual_monthly_wage_rubles,127,127,127,1.0,1.0
2024,cluster,3,log_covered_organization_jobs_per_resident,127,127,127,1.0,1.0
2024,cluster,3,manufacturing_headcount_share,127,43,43,0.33858267716535434,0.33858267716535434
2024,cluster,3,agriculture_headcount_share,127,85,85,0.6692913385826772,0.6692913385826772
2024,cluster,3,public_administration_education_health_headcount_share,127,110,110,0.8661417322834646,0.8661417322834646
