contrast,status,role,candidate,baseline,indicator,label,n,regions,relative_delta_mse,delta_mse,delta_mse_se,t,delta_r2,p_boot_t,delta_mse_ci_low,delta_mse_ci_high,delta_r2_ci_low,delta_r2_ci_high,delta_mse_simultaneous_low,delta_mse_simultaneous_high,delta_r2_simultaneous_low,delta_r2_simultaneous_high,p_percentile,delta_r2_pct_ci_low,delta_r2_pct_ci_high,delta_r2_pct_simultaneous_low,delta_r2_pct_simultaneous_high,drop_one_region_min,drop_one_region_max,most_influential_region,delta_r2_without_it,its_municipalities,its_share_of_delta_mse,p_holm_family,p_holm_all,p_pct_holm_family,p_pct_holm_all,improves_holm_family,worsens_holm_family,improves_holm_all,worsens_holm_all,pct_improves_holm_family,pct_worsens_holm_family,pct_improves_holm_all,pct_worsens_holm_all
groups_over_spline,"primary, defined before the first full run",основное: группы сверх нелинейного уровня,spline_groups,level_spline,log_wage,Логарифм зарплаты,1830,73,-0.05775221357,-0.001887100962,0.0007414129022,-2.545276669,0.0148450117,0.02444877756,-0.003482379358,-0.0002918225661,0.002295642626,0.02739438077,-0.004444056847,0.0006698549222,-0.005269460593,0.03495948399,0.004399780011,0.004156281849,0.02859455166,0.0005247044467,0.0346432475,0.01236457199,0.01840585118,Санкт-Петербург,0.01840585118,80,-0.04334187025,0.1711414429,0.9379031048,0.03079846008,0.1583920804,False,False,False,False,True,False,False,False
shares_over_spline,"secondary, defined before the first full run",непрерывные доли сверх нелинейного уровня,spline_shares,level_spline,log_wage,Логарифм зарплаты,1830,73,-0.082124802,-0.002683495286,0.0007647023347,-3.509202423,0.02110990334,0.001199940003,-0.004199578531,-0.00116741204,0.009183528462,0.03303627822,-0.004858712521,-0.0005082780503,0.00399840483,0.03822140185,0.0005999700015,0.01020133562,0.03540327702,0.005446713685,0.04245193738,0.01852489991,0.02414360782,Санкт-Петербург,0.02414360782,80,0.03757433114,0.009599520024,0.05519724014,0.003599820009,0.02519874006,True,False,False,False,True,False,True,False
groups_vs_shares,"secondary, defined before the first full run",группы против непрерывных долей (оба со сплайном),spline_groups,spline_shares,log_wage,Логарифм зарплаты,1830,73,0.02655327051,0.0007963943236,0.0007362444237,1.081698276,-0.006264891644,0.2864356782,-0.000676974469,0.002269763116,-0.01785525029,0.005325467006,-0.001298854418,0.002891643065,-0.0227473124,0.01021752911,0.2784860757,-0.01752189124,0.005657084748,-0.02197976955,0.01117170704,-0.009322087604,-0.004553232048,Республика Саха (Якутия),-0.009322087604,29,-0.4114480977,1,1,1,1,False,False,False,False,False,False,False,False
groups_over_shares,added after the first full run,группы сверх сплайна и непрерывных долей,spline_shares_groups,spline_shares,log_wage,Логарифм зарплаты,1830,73,-0.002542705258,-7.626164293e-05,0.0002574814883,-0.2961830128,0.0005999175476,0.7708114594,-0.0006090021556,0.0004564788697,-0.003590922953,0.004790758049,-0.0008304471206,0.0006779238347,-0.005332935258,0.006532770353,0.7456627169,-0.003039148605,0.005305997047,-0.004357516032,0.007202303081,3.863906357e-05,0.001919141692,Санкт-Петербург,0.001919141692,80,-1.691948514,1,1,1,1,False,False,False,False,False,False,False,False
groups_over_level,"reference, defined before the first full run",справочно: группы сверх линейного уровня,level_groups,level,log_wage,Логарифм зарплаты,1830,73,-0.04918029256,-0.001668124133,0.0009192492426,-1.814659241,0.01312241515,0.07464626769,-0.003492993794,0.000156745529,-0.001233049666,0.02747787997,-0.004111979812,0.0007757315463,-0.006102346462,0.03234717677,0.06049697515,-0.0005775165537,0.0302553808,-0.005264176139,0.03612946019,0.009765442924,0.019584945,Санкт-Петербург,0.019584945,80,-0.2559138715,0.4478776061,1,0.2419879006,1,False,False,False,False,False,False,False,False
spline_over_level,"reference, defined before the first full run",справочно: нелинейность уровня,level_spline,level,log_wage,Логарифм зарплаты,1830,73,-0.03663859386,-0.001242727918,0.0006749671524,-1.841167995,0.009776006083,0.07114644268,-0.002598517167,0.0001130613304,-0.000889404863,0.02044141703,-0.003183674599,0.0006982187621,-0.005492586724,0.02504459889,0.05599720014,-0.0002371383102,0.02337300405,-0.004071981131,0.03024076811,0.00737267896,0.01225848662,Санкт-Петербург,0.01225848662,80,-0.05518028574,0.2845857707,1,0.1679916004,1,False,False,False,False,False,False,False,False
groups_over_spline,"primary, defined before the first full run",основное: группы сверх нелинейного уровня,spline_groups,level_spline,agri_share,Доля сельского хозяйства,1052,71,-0.02233873322,-0.0001791771687,0.000135438098,-1.322945104,0.01882221438,0.2075896205,-0.000465470045,0.0001071157075,-0.01125229751,0.04889672627,-0.000611749849,0.0002533955115,-0.02661870748,0.06426313624,0.1780910954,-0.008112952178,0.04870322715,-0.01949537147,0.06343610206,0.009403700762,0.02337262858,Республика Башкортостан,0.009403700762,44,0.5134709256,0.7605619719,1,0.5342732863,1,False,False,False,False,False,False,False,False
shares_over_spline,"secondary, defined before the first full run",непрерывные доли сверх нелинейного уровня,spline_shares,level_spline,agri_share,Доля сельского хозяйства,1052,71,-0.03087941768,-0.0002476813066,0.0001483467588,-1.669610503,0.02601844132,0.1027948603,-0.0005466489915,5.128637826e-05,-0.005387534657,0.0574244173,-0.0006756977023,0.0001803350891,-0.01894385167,0.07098073431,0.09009549523,-0.004604191319,0.05647357073,-0.01742568972,0.06953411047,0.01899331146,0.03145413704,Республика Башкортостан,0.01899331146,44,0.2891137285,0.2234888256,1,0.1801909905,1,False,False,False,False,False,False,False,False
groups_vs_shares,"secondary, defined before the first full run",группы против непрерывных долей (оба со сплайном),spline_groups,spline_shares,agri_share,Доля сельского хозяйства,1052,71,0.008812819181,6.850413785e-05,0.000108035329,0.6340901488,-0.007196226939,0.5345232738,-0.0001503816067,0.0002873898824,-0.03018975026,0.01579729639,-0.0002409895851,0.0003779978608,-0.03970794283,0.02531548895,0.5125743713,-0.02891274145,0.01553484116,-0.03714620167,0.02571119467,-0.01134107957,-0.003677672042,Иркутская область,-0.01134107957,35,-0.5233945825,1,1,1,1,False,False,False,False,False,False,False,False
groups_over_shares,added after the first full run,группы сверх сплайна и непрерывных долей,spline_shares_groups,spline_shares,agri_share,Доля сельского хозяйства,1052,71,0.004704107041,3.656614196e-05,4.396166341e-05,0.8317733935,-0.003841202358,0.4207789611,-5.484408677e-05,0.0001279763707,-0.01344366976,0.005761265042,-9.411400057e-05,0.0001672462845,-0.01756889811,0.009886493393,0.389380531,-0.01265526717,0.005290564442,-0.01621111099,0.008997865957,-0.005968123636,-0.002307133826,Республика Башкортостан,-0.005968123636,44,-0.5130432336,1,1,1,1,False,False,False,False,False,False,False,False
groups_over_level,"reference, defined before the first full run",справочно: группы сверх линейного уровня,level_groups,level,agri_share,Доля сельского хозяйства,1052,71,-0.04011635655,-0.0003326661687,0.000172678377,-1.926507385,0.0349459364,0.06284685766,-0.0006853286959,1.99963586e-05,-0.002100578724,0.07199245153,-0.0008469224096,0.0001815900723,-0.01907568522,0.08896755803,0.04799760012,0.0002330883242,0.07133083026,-0.01427269188,0.08784868447,0.02574912187,0.04129144109,Республика Башкортостан,0.02574912187,44,0.2824594427,0.4399280036,1,0.2399880006,1,False,False,False,False,False,False,False,False
spline_over_level,"reference, defined before the first full run",справочно: нелинейность уровня,level_spline,level,agri_share,Доля сельского хозяйства,1052,71,-0.03275392858,-0.0002716129994,0.0001285103307,-2.113549921,0.02853241928,0.04519774011,-0.0005363006536,-6.925345217e-06,0.0007274940957,0.05633734446,-0.0006679107147,0.0001246847159,-0.0130978878,0.07016272636,0.01929903505,0.004559345002,0.05509139908,-0.004591813274,0.06833506785,0.02126397983,0.03246380546,Камчатский край,0.02126397983,8,0.2623732197,0.2259887006,1,0.1157942103,0.5982700865,False,False,False,False,False,False,False,False
groups_over_spline,"primary, defined before the first full run",основное: группы сверх нелинейного уровня,spline_groups,level_spline,manuf_share,Доля обрабатывающей промышленности,995,72,-0.006165079248,-0.0001078051908,0.0002093214939,-0.5150220783,0.005829805411,0.618819059,-0.0005181019206,0.000302491539,-0.0163579026,0.02801751342,-0.0006690587803,0.0004534483986,-0.02452123045,0.03618084127,0.6021698915,-0.01754611038,0.02736787617,-0.02745228289,0.0363467097,0.0008800824946,0.01216551413,Камчатский край,0.01216551413,5,-1.075515681,1,1,1,1,False,False,False,False,False,False,False,False
shares_over_spline,"secondary, defined before the first full run",непрерывные доли сверх нелинейного уровня,spline_shares,level_spline,manuf_share,Доля обрабатывающей промышленности,995,72,-0.08785417557,-0.00153625538,0.0004504165376,-3.410743726,0.08307642571,0.001299935003,-0.002438026499,-0.0006344842602,0.03431114722,0.1318417042,-0.002807157301,-0.0002653534585,0.01434957831,0.1518032731,0.002199890005,0.03430819373,0.1295365236,0.0102032714,0.1490960026,0.0769664751,0.0963396886,Камчатский край,0.0963396886,5,-0.1533922941,0.009599520024,0.05849707515,0.01099945003,0.08799560022,True,False,False,False,True,False,False,False
groups_vs_shares,"secondary, defined before the first full run",группы против непрерывных долей (оба со сплайном),spline_groups,spline_shares,manuf_share,Доля обрабатывающей промышленности,995,72,0.0895570578,0.001428450189,0.0003734025516,3.825496593,-0.0772466203,0.0002499875006,0.0006851471023,0.002171753276,-0.1174423875,-0.03705085306,0.0003960577675,0.00246084261,-0.1330755361,-0.02141770446,0.0002999850007,-0.1178491497,-0.03953465627,-0.1352967665,-0.02373666449,-0.08417417447,-0.07044611512,Камчатский край,-0.08417417447,5,-0.0837996065,0.001749912504,0.01174941253,0.001799910004,0.01289935503,False,True,False,True,False,True,False,True
groups_over_shares,added after the first full run,группы сверх сплайна и непрерывных долей,spline_shares_groups,spline_shares,manuf_share,Доля обрабатывающей промышленности,995,72,0.006794476275,0.0001083730435,5.39160542e-05,2.010032913,-0.005860513307,0.05559722014,-2.453228241e-06,0.0002191993152,-0.01185369039,0.0001326637722,-5.083236265e-05,0.0002675784496,-0.01446989966,0.002748873042,0.0387980601,-0.01178609099,-0.0003355337368,-0.01434253583,0.001858377509,-0.00702885786,-0.004734105029,Московская область,-0.00702885786,49,-0.1435081333,0.4447777611,1,0.3103844808,1,False,False,False,False,False,False,False,False
groups_over_level,"reference, defined before the first full run",справочно: группы сверх линейного уровня,level_groups,level,manuf_share,Доля обрабатывающей промышленности,995,72,-0.01612080696,-0.0003032674174,0.0002914429654,-1.040572096,0.01639985995,0.3100344983,-0.0009105008034,0.0003039659686,-0.01643763566,0.04923735555,-0.001189761056,0.0005832262217,-0.03153925481,0.06433897471,0.3048847558,-0.01676224302,0.04569590421,-0.03190416137,0.057421553,0.01180646792,0.02490893859,Ханты-Мансийский автономный округ — Югра,0.02490893859,22,-0.4830856482,0.9301034948,1,0.6097695115,1,False,False,False,False,False,False,False,False
spline_over_level,"reference, defined before the first full run",справочно: нелинейность уровня,level_spline,level,manuf_share,Доля обрабатывающей промышленности,995,72,-0.07047294761,-0.001325749317,0.0005525159341,-2.399477074,0.07169284229,0.02404879756,-0.002460275965,-0.0001912226691,0.01034079104,0.1330448935,-0.00296058837,0.0003090897362,-0.01671471479,0.1601003994,0.02129893505,0.01105180982,0.1244187069,-0.01534229992,0.1432835642,0.06465123082,0.08325060521,Кемеровская область,0.08325060521,25,-0.1372323478,0.1683415829,0.9379031048,0.1157942103,0.6176691165,False,False,False,False,False,False,False,False
groups_over_spline,"primary, defined before the first full run",основное: группы сверх нелинейного уровня,spline_groups,level_spline,mining_share,Доля добычи,290,48,-0.1361753088,-0.003524049254,0.001158201693,-3.042690471,0.1410995837,0.00389980501,-0.005964401415,-0.001083697093,0.04339020193,0.2388089656,-0.006837525638,-0.0002105728705,0.008431137657,0.2737680298,0.0009999500025,0.04887820822,0.2802237764,0.01784576172,0.3366499039,0.1298002841,0.2037711175,Ханты-Мансийский автономный округ — Югра,0.2037711175,21,-0.1565818505,0.03119844008,0.1676916154,0.00799960002,0.0409979501,True,False,False,False,True,False,True,False
shares_over_spline,"secondary, defined before the first full run",непрерывные доли сверх нелинейного уровня,spline_shares,level_spline,mining_share,Доля добычи,290,48,-0.08025643911,-0.002076937786,0.001533429429,-1.354439758,0.08315861552,0.1945902705,-0.005215067838,0.001061192267,-0.04248913008,0.2088063611,-0.006505521416,0.002351645845,-0.0941576652,0.2604748963,0.1593920304,-0.03722172785,0.2289181166,-0.08878921054,0.297318154,0.06883157435,0.1268529243,Республика Саха (Якутия),0.1268529243,12,-0.4427761197,0.2234888256,1,0.1801909905,1,False,False,False,False,False,False,False,False
groups_vs_shares,"secondary, defined before the first full run",группы против непрерывных долей (оба со сплайном),spline_groups,spline_shares,mining_share,Доля добычи,290,48,-0.06079832696,-0.001447111469,0.001643570877,-0.8804679425,0.05794096823,0.4072296385,-0.005036858696,0.002142635759,-0.08578909996,0.2016710364,-0.00648405063,0.003589827693,-0.1437332899,0.2596152264,0.3593820309,-0.05613072393,0.2123338478,-0.09242351087,0.2788354139,0.01470023383,0.1103557374,Ханты-Мансийский автономный округ — Югра,0.1103557374,21,-0.5253469825,1,1,1,1,False,False,False,False,False,False,False,False
groups_over_shares,added after the first full run,группы сверх сплайна и непрерывных долей,spline_shares_groups,spline_shares,mining_share,Доля добычи,290,48,-0.04279474812,-0.001018593338,0.0006517625754,-1.562828822,0.04078350943,0.1485925704,-0.002431046744,0.0003938600684,-0.01576978291,0.09733680178,-0.00309013256,0.001052945885,-0.04215895276,0.1237259716,0.1158942053,-0.008482207718,0.102601156,-0.02551397754,0.1240862163,0.03024111111,0.06578968478,Ханты-Мансийский автономный округ — Югра,0.06578968478,21,-0.2919112781,1,1,0.811259437,1,False,False,False,False,False,False,False,False
groups_over_level,"reference, defined before the first full run",справочно: группы сверх линейного уровня,level_groups,level,mining_share,Доля добычи,290,48,-0.1319366581,-0.003337934817,0.001190749563,-2.803221535,0.1336477385,0.00789960502,-0.005875086702,-0.0008007829322,0.03206258774,0.2352328893,-0.006766842391,9.097275626e-05,-0.003642462722,0.2709379398,0.002699865007,0.04017716764,0.2700323625,0.008887380295,0.3255577924,0.1222363228,0.1968501988,Ханты-Мансийский автономный округ — Югра,0.1968501988,21,-0.1795971685,0.06319684016,0.3317834108,0.02159892005,0.1025948703,False,False,False,False,True,False,False,False
spline_over_level,"reference, defined before the first full run",справочно: нелинейность уровня,level_spline,level,mining_share,Доля добычи,290,48,0.02289540681,0.0005792429236,0.0001670437301,3.467612482,-0.02319233629,0.01969901505,0.0001084234848,0.001050062362,-0.04204349927,-0.004341173314,-0.0001198335354,0.001278319383,-0.05118269348,0.004798020897,9.999500025e-05,-0.03293563286,-0.01237374102,-0.03704149913,-0.008512665276,-0.02471392046,-0.01984411664,Ханты-Мансийский автономный округ — Югра,-0.01984411664,21,0.3147536204,0.1575921204,0.787960602,0.000799960002,0.004799760012,False,False,False,False,False,True,False,True
groups_over_spline,"primary, defined before the first full run",основное: группы сверх нелинейного уровня,spline_groups,level_spline,public_share,Доля занятых в бюджетных отраслях,1627,73,-0.002693554387,-5.201933677e-05,0.0003196426677,-0.1627421557,0.001973932776,0.8738563072,-0.0006966161117,0.0005925774381,-0.02248602347,0.02643388902,-0.0009734323595,0.0008693936859,-0.03299013018,0.03693799574,0.8872556372,-0.0210306913,0.02672192189,-0.02951585181,0.03743640678,-0.004700992242,0.005725829553,Республика Саха (Якутия),-0.004700992242,29,3.318371328,1,1,1,1,False,False,False,False,False,False,False,False
shares_over_spline,"secondary, defined before the first full run",непрерывные доли сверх нелинейного уровня,spline_shares,level_spline,public_share,Доля занятых в бюджетных отраслях,1627,73,-0.1346694734,-0.002600807589,0.0007750565139,-3.355636063,0.09869059591,0.00809959502,-0.00428266626,-0.0009189489184,0.03487055972,0.1625106321,-0.005298237646,9.66224675e-05,-0.003666449197,0.201047641,0.0001999900005,0.04768010148,0.1595258379,0.03120354108,0.1816297668,0.08359095928,0.1071007802,Республика Саха (Якутия),0.08359095928,29,0.1754644998,0.04859757012,0.3320833958,0.001399930003,0.008799560022,True,False,False,False,True,False,True,False
groups_vs_shares,"secondary, defined before the first full run",группы против непрерывных долей (оба со сплайном),spline_groups,spline_shares,public_share,Доля занятых в бюджетных отраслях,1627,73,0.152515039,0.002548788252,0.0006947536509,3.668621603,-0.09671666314,0.001949902505,0.001127171166,0.003970405339,-0.150661537,-0.04277178923,0.0003571840169,0.004740392488,-0.1798795733,-0.01355375293,9.999500025e-05,-0.1491974572,-0.04944606562,-0.1706954977,-0.03140589382,-0.1051001833,-0.08730292838,Республика Алтай,-0.08730292838,10,0.112168308,0.01169941503,0.08579571021,0.000799960002,0.004799760012,False,True,False,False,False,True,False,True
groups_over_shares,added after the first full run,группы сверх сплайна и непрерывных долей,spline_shares_groups,spline_shares,public_share,Доля занятых в бюджетных отраслях,1627,73,0.004874638476,8.14635813e-05,0.0002041211878,0.3990941958,-0.003091228054,0.7037148143,-0.0004045870422,0.0005675142048,-0.02153497064,0.01535251453,-0.0006048475262,0.0007677746888,-0.029134082,0.02295162589,0.7285635718,-0.01918904479,0.01065131127,-0.02619305143,0.01530226493,-0.005588398941,0.003015370297,Московская область,0.003015370297,47,1.926527986,1,1,1,1,False,False,False,False,False,False,False,False
groups_over_level,"reference, defined before the first full run",справочно: группы сверх линейного уровня,level_groups,level,public_share,Доля занятых в бюджетных отраслях,1627,73,-0.008961675177,-0.0001763775111,0.0003562676509,-0.495070239,0.006692844848,0.6213189341,-0.0008909215629,0.0005381665408,-0.02042134021,0.03380702991,-0.00119374613,0.000840991108,-0.03191236213,0.04529805182,0.6164691765,-0.01969706434,0.03362097141,-0.03040609943,0.04443108522,0.001194044525,0.0115480401,Республика Саха (Якутия),0.001194044525,29,0.8263256887,0.9301034948,1,0.6164691765,1,False,False,False,False,False,False,False,False
spline_over_level,"reference, defined before the first full run",справочно: нелинейность уровня,level_spline,level,public_share,Доля занятых в бюджетных отраслях,1627,73,-0.01873784265,-0.0003687852979,0.0002615652336,-1.409917109,0.0139939767,0.1673916304,-0.0008985506179,0.0001609800221,-0.006108569653,0.03409652306,-0.00111288077,0.000375310174,-0.01424157053,0.04222952394,0.1601919904,-0.005760024191,0.03233523389,-0.01425350013,0.03864225305,0.009549343045,0.01785092404,Санкт-Петербург,0.009549343045,57,0.3663455245,0.4093295335,1,0.3203839808,1,False,False,False,False,False,False,False,False
groups_over_spline,"primary, defined before the first full run",основное: группы сверх нелинейного уровня,spline_groups,level_spline,log_pop,Логарифм населения,1797,72,-0.2313056639,-0.1748637892,0.08921182604,-1.960096513,0.1692023573,0.190140493,-0.4169429508,0.06721537249,-0.06503919149,0.403443906,-0.4789415115,0.1292139332,-0.1250304719,0.4634351865,0.06429678516,-0.01250239362,0.3031795608,-0.1076599779,0.3490815837,0.1511749598,0.246884604,Санкт-Петербург,0.246884604,80,-0.404092659,0.7605619719,1,0.2571871406,1,False,False,False,False,False,False,False,False
shares_over_spline,"secondary, defined before the first full run",непрерывные доли сверх нелинейного уровня,spline_shares,level_spline,log_pop,Логарифм населения,1797,72,-0.3547042996,-0.2681514011,0.09483996312,-2.827409378,0.2594696671,0.03419829009,-0.521032717,-0.0152700852,0.01477569726,0.504163637,-0.588795262,0.05249245972,-0.05079295127,0.5697322855,0.01189940503,0.07085545603,0.4122208888,-0.02467190211,0.4667177936,0.2354452569,0.3408406763,Санкт-Петербург,0.3408406763,80,-0.2640754414,0.1539923004,1,0.03569821509,0.392680366,False,False,False,False,True,False,False,False
groups_vs_shares,"secondary, defined before the first full run",группы против непрерывных долей (оба со сплайном),spline_groups,spline_shares,log_pop,Логарифм населения,1797,72,0.1912280457,0.09328761194,0.02111315993,4.418458074,-0.09026730987,4.999750012e-05,0.05155692462,0.1350182993,-0.1306469145,-0.04988770528,0.03429397071,0.1522812532,-0.1473509588,-0.0331836609,9.999500025e-05,-0.1352180853,-0.0484897508,-0.1533111491,-0.03319138839,-0.1069107503,-0.0842702971,Московская область,-0.1069107503,52,-0.08638490241,0.000399980001,0.002399880006,0.000799960002,0.004799760012,False,True,False,True,False,True,False,True
groups_over_shares,added after the first full run,группы сверх сплайна и непрерывных долей,spline_shares_groups,spline_shares,log_pop,Логарифм населения,1797,72,0.07109069283,0.03468048288,0.04901251245,0.7075842707,-0.03355765926,0.5577721114,-0.4976500466,0.5670110123,-0.548653328,0.4815380095,-0.6001319458,0.6694929116,-0.6478172487,0.5807019302,0.7429628519,-0.1396655095,0.02328975165,-0.1993317267,0.02861348352,-0.03782064008,0.01485238982,Санкт-Петербург,0.01485238982,80,1.425905109,1,1,1,1,False,False,False,False,False,False,False,False
groups_over_level,"reference, defined before the first full run",справочно: группы сверх линейного уровня,level_groups,level,log_pop,Логарифм населения,1797,72,-0.210223585,-0.1722155597,0.1074575021,-1.602638776,0.1666398675,0.3343332833,-0.5027083825,0.1582772631,-0.1531528405,0.4864325755,-0.5692799107,0.2248487913,-0.217569033,0.5508487679,0.1218939053,-0.05593365588,0.3280814336,-0.1713726868,0.3775008154,0.1458763585,0.2637434104,Санкт-Петербург,0.2637434104,80,-0.5230384807,0.9301034948,1,0.3656817159,1,False,False,False,False,False,False,False,False
spline_over_level,"reference, defined before the first full run",справочно: нелинейность уровня,level_spline,level,log_pop,Логарифм населения,1797,72,-0.07716795201,-0.06321613268,0.02972027391,-2.127037351,0.06116943203,0.03299835008,-0.1218322844,-0.004599980943,0.004451050859,0.1178878132,-0.1433067659,0.01687450054,-0.01632816766,0.1386670317,0.03499825009,0.004129633025,0.1211994832,-0.01687896267,0.1455904376,0.04797334911,0.08004491608,Московская область,0.08004491608,52,-0.2003064766,0.1979901005,1,0.1399930003,0.9799510024,False,False,False,False,False,False,False,False
groups_over_spline,"primary, defined before the first full run",основное: группы сверх нелинейного уровня,spline_groups,level_spline,log_jobs_per_res,Логарифм рабочих мест на жителя,1797,72,-0.09752816874,-0.01807539376,0.008178458154,-2.210122424,0.07644710959,0.1060946953,-0.04141430137,0.005263513855,-0.02226122572,0.1751554449,-0.05344388262,0.0172930951,-0.07313849724,0.2260327164,0.005799710014,0.02421716098,0.1112618781,0.0008153432961,0.1209864045,0.05634496422,0.08453653838,Санкт-Петербург,0.05634496422,80,0.4152129775,0.5585720714,1,0.03479826009,0.2029898505,False,False,False,False,True,False,False,False
shares_over_spline,"secondary, defined before the first full run",непрерывные доли сверх нелинейного уровня,spline_shares,level_spline,log_jobs_per_res,Логарифм рабочих мест на жителя,1797,72,-0.1036540658,-0.01921073755,0.00720369968,-2.666787679,0.08124887227,0.03079846008,-0.03595927757,-0.002462197528,0.01041348735,0.1520842572,-0.04589498997,0.00747351487,-0.03160808655,0.1941058311,0.002899855007,0.03312869271,0.1205796388,0.009003094054,0.1391477768,0.0691889426,0.08983013899,Московская область,0.0691889426,52,0.1594904187,0.1539923004,1,0.01159942003,0.1072946353,False,False,False,False,True,False,False,False
groups_vs_shares,"secondary, defined before the first full run",группы против непрерывных долей (оба со сплайном),spline_groups,spline_shares,log_jobs_per_res,Логарифм рабочих мест на жителя,1797,72,0.006834300016,0.001135343793,0.004261911724,0.2663930804,-0.004801762689,0.7907104645,-0.007502170883,0.009772858468,-0.04133280814,0.03172928277,-0.0110442851,0.01331497268,-0.05631363772,0.04671011234,0.7677616119,-0.0481473722,0.02697126719,-0.06955045822,0.03955423138,-0.01553807931,0.00132340652,Санкт-Петербург,-0.01553807931,80,-1.567440157,1,1,1,1,False,False,False,False,False,False,False,False
groups_over_shares,added after the first full run,группы сверх сплайна и непрерывных долей,spline_shares_groups,spline_shares,log_jobs_per_res,Логарифм рабочих мест на жителя,1797,72,-0.01507831985,-0.002504876404,0.002539826666,-0.9862391154,0.01059399112,0.3717814109,-0.008898266774,0.003888513966,-0.01644587428,0.03763385652,-0.01179731103,0.006787558218,-0.02870693794,0.04989492019,0.3140842958,-0.0103359777,0.02514224327,-0.01889294862,0.0297030913,0.002151606052,0.01321277898,Санкт-Петербург,0.002151606052,80,0.8388587082,1,1,1,1,False,False,False,False,False,False,False,False
groups_over_level,"reference, defined before the first full run",справочно: группы сверх линейного уровня,level_groups,level,log_jobs_per_res,Логарифм рабочих мест на жителя,1797,72,-0.09051241263,-0.01663130508,0.007756272472,-2.144239406,0.07033955768,0.09849507525,-0.03760252952,0.004339919359,-0.01835502425,0.1590341396,-0.04884659046,0.0155839803,-0.06591005795,0.2065891733,0.009299535023,0.01896805651,0.1050754771,-0.004191781099,0.1154974147,0.05151468447,0.07752254807,Санкт-Петербург,0.05151468447,80,0.4189211083,0.4924753762,1,0.06509674516,0.3161841908,False,False,False,False,False,False,False,False
spline_over_level,"reference, defined before the first full run",справочно: нелинейность уровня,level_spline,level,log_jobs_per_res,Логарифм рабочих мест на жителя,1797,72,0.008647713299,0.001588983808,0.0007338972881,2.165131053,-0.006720363658,0.1364431778,-0.0009880039844,0.004165971601,-0.01761933885,0.004178611536,-0.002746497764,0.00592446538,-0.02505661897,0.01161589166,0.002399880006,-0.01039937631,-0.002068179695,-0.01169473869,-0.0005384232591,-0.007261188996,-0.00484528109,Санкт-Петербург,-0.00484528109,80,0.4279553995,0.4093295335,1,0.01679916004,0.09359532023,False,False,False,False,False,True,False,False
groups_over_spline,"primary, defined before the first full run",основное: группы сверх нелинейного уровня,spline_groups,level_spline,market_access,Доступность рынков,2004,73,-0.2355609589,-3270.56047,1579.142158,-2.07109946,0.2458447388,0.09309534523,-7571.865341,1030.7444,-0.07748001915,0.5691694968,-11077.97082,4536.84988,-0.3410304393,0.8327199169,0.01319934003,0.07004986252,0.5059817737,-0.03712127852,0.6674237084,0.1984507886,0.2852645629,Республика Саха (Якутия),0.1984507886,27,0.2236469135,0.5585720714,1,0.06599670016,0.4223788811,False,False,False,False,False,False,False,False
shares_over_spline,"secondary, defined before the first full run",непрерывные доли сверх нелинейного уровня,spline_shares,level_spline,market_access,Доступность рынков,2004,73,-0.3079531102,-4275.66297,1662.582254,-2.571700113,0.3213972821,0.07449627519,-9298.173467,746.8475275,-0.05613977696,0.6989343412,-12887.53759,4336.21165,-0.3259486655,0.9687432297,9.999500025e-05,0.2004622526,0.5516268271,0.124813153,0.6712622079,0.2843412399,0.3747319208,Москва,0.3747319208,144,0.3706885982,0.2234888256,1,0.000799960002,0.004799760012,False,False,False,False,True,False,True,False
groups_vs_shares,"secondary, defined before the first full run",группы против непрерывных долей (оба со сплайном),spline_groups,spline_shares,market_access,Доступность рынков,2004,73,0.1046058474,1005.1025,519.5573194,1.93453631,-0.07555254328,0.06764661767,-86.00120795,2096.206207,-0.1575697108,0.006464624244,-600.6281333,2610.833132,-0.1962536988,0.04514861226,0.06649667517,-0.1878178765,0.007891314302,-0.2386350177,0.07367328704,-0.09770236708,-0.05740190691,Москва,-0.09770236708,144,0.3020197913,0.3382330883,1,0.3324833758,1,False,False,False,False,False,False,False,False
groups_over_shares,added after the first full run,группы сверх сплайна и непрерывных долей,spline_shares_groups,spline_shares,market_access,Доступность рынков,2004,73,0.007846488727,75.392778,295.8806517,0.2548080706,-0.005667199242,0.8149092545,-630.2679661,781.0535221,-0.05871100715,0.04737660867,-918.2382835,1069.02384,-0.08035744607,0.06902304759,0.8609569522,-0.06514593935,0.06134791273,-0.1054496525,0.09670844792,-0.01170226915,0.01290241963,Санкт-Петербург,0.01290241963,98,3.231025813,1,1,1,1,False,False,False,False,False,False,False,False
groups_over_level,"reference, defined before the first full run",справочно: группы сверх линейного уровня,level_groups,level,market_access,Доступность рынков,2004,73,-0.2817913528,-4348.295867,2280.878265,-1.906412952,0.3268570239,0.1486425679,-11438.37804,2741.786308,-0.2060973172,0.859811365,-16004.42991,7307.838172,-0.5493228402,1.203036888,0.01979901005,0.0773241853,0.5662915058,-0.07486422512,0.7349636904,0.2785489942,0.3788125039,Санкт-Петербург,0.3788125039,98,-0.135712479,0.5945702715,1,0.1187940603,0.5982700865,False,False,False,False,False,False,False,False
spline_over_level,"reference, defined before the first full run",справочно: нелинейность уровня,level_spline,level,market_access,Доступность рынков,2004,73,-0.1002384193,-1546.769622,1242.371788,-1.245013479,0.1162691157,0.3472326384,-5913.874613,2820.335368,-0.2120017711,0.4445400025,-7705.122244,4611.582999,-0.3466480526,0.5791862841,0.1896905155,-0.06211548624,0.2038068269,-0.128735562,0.2388040989,0.04610824864,0.1288466411,Москва,0.04610824864,144,0.7859568332,0.4093295335,1,0.3203839808,1,False,False,False,False,False,False,False,False
