fold,region,train_n,test_n,state_verified,heldout_assignments_equal,state_sha256_saved,state_sha256_here,state_sha256_bitwise_equal,saved_hash_explained_by_int_width,sha256_structure_center,sha256_scale,sha256_monthly_center,sha256_x,sha256_graph_csr,sha256_labels,sha256_centers,dtypes,structure_center_max_abs,structure_center_max_rel,structure_center_bitwise_equal,scale_max_abs,scale_max_rel,scale_bitwise_equal,level_center_max_abs,level_center_max_rel,level_center_bitwise_equal,monthly_log_total_center_max_abs,monthly_log_total_center_max_rel,monthly_log_total_center_bitwise_equal,centers_max_abs,centers_max_rel,centers_bitwise_equal,graph_sigma_max_abs,graph_sigma_max_rel,graph_sigma_bitwise_equal,graph_median_strength_max_abs,graph_median_strength_max_rel,graph_median_strength_bitwise_equal,objective_max_abs,objective_max_rel,objective_bitwise_equal,naming_equal,graph_edges_equal,graph_components_equal,fit_sweeps_equal,train_n_equal
0,Алтайский край,1951,65,True,True,e217673afc5a5d5d4e01173bf5f4deb601a0ba8a559340722820345536f7751b,5f0dfc13d76278cbba4717eda5adc7392d11e31c687e512c87f80c429f44f9a1,False,False,cbd8b9106fc6577abd060d9700e3aaa36daa7e0acd67fa2be9051015ce8bc01b,0b6adddcbc0af26ff84c96d21604ffe6daf542b32ae7e0030a859a1e429fa725,ab11ce49f1e7fd5fa5b30b6e16acd538881896712fe6fb221295d10f40d04a87,0f3807ea5fecedc1ac9710692c47922ba37e5a4254e7f6a3cd472358a7b40135,d0f157fc15dfa449e86fe58cfac91856157e1a2ab234a6a42c9b831a243d4c6d,deb9811170a10c85c79bc17c17d5ee88b4aacfd0af7b65c98d6b36a86f55a52a,679f1bf2a2012b42cf0c8bb6eb3a92cef771f99a2d4ca2d06077f9422cebceca,"indptr=int32,indices=int32,data=float64,labels=int64",0,0,True,0,0,True,0,0,True,0,0,True,0,0,True,0,0,True,0,0,True,0,0,True,True,True,True,True,True
1,Амурская область,1997,19,True,True,d473bd6cf17c1eeae9c6bb5ec1bdd9fd306c29c1d99f80b508a0c0da842a2753,9f41379b7c98d4b851ad098fc603032291930c755fd34f39de31627f26ffc7f5,False,False,12e5fc7297c53a18364e406d833689dde1a3b253e49da27d23b04ecf061bed00,21b0ea2c3c294e56f36760a36939369071389807f928b68b50571d8f2e915a2e,915b01017e31241a8ee0ca9197403b08f6fafd21deafb5db56f447cadc4de615,ef5b23cf40a100a84aa5caaccd34577cbc62180bd99b8db964eb149909be1f1c,e93e263b7ae7892fb336e91948509df2f19afad9f1e0703e59909b27f9824014,82657d0aa0eaf48667085c7d1b3e8070165e6c4185f6f03b00844f48925e78c1,eb4af85e37351d715b2b54fb33a3757c19c3d2ef85276987c452eb5e3a7525bf,"indptr=int32,indices=int32,data=float64,labels=int64",0,0,True,0,0,True,0,0,True,0,0,True,0,0,True,0,0,True,0,0,True,0,0,True,True,True,True,True,True
2,Архангельская область,1994,22,True,True,ab7e7c5b392aa11f1c355917282372594100f7d3ecbc60b2d563e5529de3726e,6fac1b2b81615a9fed3bc99d3d2fc1375eace097f7c147d5dad16658984624ce,False,False,c8b680dec14c24461c4cd99cc332f7f9e4f415f730cebc64bfbcdded0a91c9c4,6723f3688a1349cb0368a9351de1e4cf30524a6437a6620865f654785d263b0a,5c090b7acc46903fa64302c1ce5be76e08e4ba4b6654775de6b7004d95891883,dc8fdf76daaa1cf11e2e50732921f084741368ff70ff8cf6d56eb2d17a62a658,c8d01f4749f4926f38d64844d33b59101c7147329c4314e15635ae2090b6a3fa,670524ce6b31a7cacb95dc86a5438fcd862abd648da3c5c1a83526f89cec9c64,40dcc1248b3c46db48c2756208ceb21be698b4cc84e965bd508678581bc899e2,"indptr=int32,indices=int32,data=float64,labels=int64",0,0,True,0,0,True,0,0,True,0,0,True,2.22045e-16,4.39202e-16,False,0,0,True,0,0,True,0,0,True,True,True,True,True,True
3,Астраханская область,2005,11,True,True,6868e7b467f1dd76b6c228d4dca0382f8f7991a618fa36ff4e5dd2cbbb6c1862,3c5c54dec34759d6386ace1a98e28db94f7023be3b53940d7deb550e45172c90,False,False,786ebf0e2e843bfdf40e79e604272419eda0d7e0988bd516a0db65b2b4408e6b,d8928dfbac1e8c8ccbaf42e40ebaaa3711ab725d0c9c31cf481ba9000ae0337d,d2ef25be373c88615cf53c1aab792ba5ee6eec9a510937f28f455e1c57d255df,8555aec2b05d62d2cfff26f3af9f4cbceecae01fc4abff8be605f54dc1365e0a,ca9d8f6a104968b03804f46e72a0b9dc223a5a4f18a4fe3784b9c5ff35eddb1b,bdca888ff17759c035751f6a4927d2a40095586d42beba123ccce86636e79616,f8551e7488bb1e74a8d20182d6097ee30014d84e1768879758575b5c0cafbaa5,"indptr=int32,indices=int32,data=float64,labels=int64",0,0,True,0,0,True,0,0,True,0,0,True,2.77556e-17,1.85476e-16,False,0,0,True,0,0,True,0,0,True,True,True,True,True,True
4,Владимирская область,1998,18,True,True,bb0762daaaf5cbc6e74edaf268f2347fb5f1c6e76f9eaddd68ea0eaca6365d86,1dfa008c67ccd20eddbb155978e5b147494bf3b80518f793d4f6d573275adfc5,False,False,501c1ad6149b06b6bb926f777aec9e6dbd5a975f444db43aeaa031b385915785,fcb8a071358dac32e0bd5dde6dc7a38fc687f554a8af220cc9a0c85da2123fcb,36f4b7d4becf45c27c98ee1cd76ae53d74f380400de735175620b6c1d48989fd,1d543b7fefe4ac00dc917a412c9a4c227e651800a2650c043b44723bee3d2dfb,0e142a06fce75b7df09d175b3d451d47c1ef469a6788d1cad99722473994e2f0,147dfb9743478f17a8229599c3d555ee276039287538936ee06be2d323577a7f,1f916acdda43c6378fd6ee569ad6f4b9dd2a97fe4a20a505bd9d0a2a9a199269,"indptr=int32,indices=int32,data=float64,labels=int64",0,0,True,0,0,True,0,0,True,0,0,True,0,0,True,0,0,True,1.77636e-15,1.63533e-16,False,0,0,True,True,True,True,True,True
5,Волгоградская область,1981,35,True,True,8fe3e43d27f3e89bce88974e08f60ef40b5066177272c442a6dab4a2a61f40ee,0a8fc41189257a95f97f10a32666c01b7c65ab62091aa4961c74aba7009229f8,False,False,df875c466b6067e948ec59335d68a8c8a4262b2432edaff9eae45cecc5c1b7a7,8019bd99bda1786f08bd85ee21300a1ea511bc16cdd88ac4535c123ef6f91110,bf3db60ced521145fae688c9e4535f802fd21fe9497dc0d9b3991c1844f3874b,a53796e61ed32c7989a6cec3a82f1bf8ece612fc290f7acf15bf2b21e99b75b3,e876f36fad2083fc09cf9b4542171c228d1c6a2b03b957843083023b471f6b34,e57457f0c9a83707f9d00743063d67c05bab7c94e42e06ded7ddcf2c7f37bd31,28c167b25ffcba87122311a64c960bdc1e2ea3b948351c217e074f1886364e43,"indptr=int32,indices=int32,data=float64,labels=int64",0,0,True,0,0,True,0,0,True,0,0,True,0,0,True,0,0,True,0,0,True,0,0,True,True,True,True,True,True
6,Вологодская область,1991,25,True,True,57955653a185f6851719e5d6de1082b4de2c8354839842c6bde7c420b7c096d7,a29fadf70d14939dcfb7b056accbd91e4ef0f6410f833b53eee49ca4a383b6a6,False,False,99b9491280a83afdab92e45559f40ef8aa92e70a539ef58be4e412248c1a0fec,5dc69a9eea7384b8030f24604404eadee1035f725b3da030f888c12280b63f4d,21f493e9ceb91b8a99ffdcc63e5d55cc4247eec54e631ca6df4927217cafbda7,515ea0cfa696a8759efd39a3aeb29e06d0fd767404f0dde2a7b4382f785c2f12,1daf294eed3ec3bfc3deb94ea4729475d2bb793e0670212289f72a19eec06c23,ec6788c6d27ccb285a6eb9a4fe0b75a7eabcc02515eb5ef2e96a45d4b6089b87,cf75b497e07be8504204e1997632a1eca7cf90463de45524fe468ad8d8a551bc,"indptr=int32,indices=int32,data=float64,labels=int64",0,0,True,0,0,True,0,0,True,0,0,True,0,0,True,0,0,True,1.77636e-15,1.63593e-16,False,0,0,True,True,True,True,True,True
7,Еврейская автономная область,2010,6,True,True,81ab9106e39b4d684ea67a60153f957b4e5c4f7265c2c191a81d60ad78760034,f6b90cd2ec40caaf6e66ee5faa3dbe906a7034e654de3cad5a558a9c17611974,False,False,97fcf0a0ce3d256a1874d1ac8be5d76e1110dd502e562c016cedf604958c52e2,fee83b57d5e0e31d41da4c88db4f5286d9a56857023ae61634f68345c71878d5,5d326cd0f67714db13e2ab7bfac270eed75424691c1187c0228dea1561cf74d7,229a2be5459d279d86dece302e211aa44c0261595dc6d0d2b44e9c77877df8ca,e15dec03eff030b5db96c144a991b1d1e526d34d2c0f2d09486f376a82056549,134b0d43112bea27f6421abf6cdd35c51e83c64c8a9074e201cef0f5afcbe9b2,99253dccddda2911da86220e209a9c649b36472233f5bc2896c42d6c6a8701d6,"indptr=int32,indices=int32,data=float64,labels=int64",0,0,True,0,0,True,0,0,True,0,0,True,2.22045e-16,4.33114e-16,False,0,0,True,0,0,True,1.11022e-16,2.29063e-16,False,True,True,True,True,True
8,Забайкальский край,1988,28,True,True,2fd15f902dd1a0d150f3d7260ae36754c097a78b041bc1901584e8bf155de4a3,0fc2731c5463b46eb32a9220716f71546c8387efa9d33be61edec16a5c55a998,False,False,e04e445a7b2c60cf7051d735f94515587191122a13a60c2138983716b473ba7f,d93be142e5160072805bcf23ab28bb4782ef6c1a77e49a4ccc623a3a4150c32b,6ee294be50b71e7b2ef0380c5e1eeb4caf2465508076413c63dce5ee8ddbfe37,520291ba7df81abc0785fa7150be764b02e0fbf066f3b320265263f3baf26236,be5785b6b1e904457e5dc4e6a3370766d4a53fc821028397b11423291d455503,df0efd0ab01e0e1695845170c57478902f38942258efd06090d65634c8426521,8b1c620277da9d94addedab44ec3296fa11c4b626456523106b016de2ee8842d,"indptr=int32,indices=int32,data=float64,labels=int64",0,0,True,0,0,True,0,0,True,0,0,True,0,0,True,0,0,True,0,0,True,0,0,True,True,True,True,True,True
9,Ивановская область,1990,26,True,True,0acb620c64e3f7b737d52e7fa04db2b38b0849cc6eb8095af84fafe88725c84c,15cf794e81c225f83dea176f7f815791713c2bebf416f5edbe14301a0765bfdf,False,False,2270a9dd15bc436d669bb9f9f243a72b3e7538e9029555d5f2b7193d1791241f,d302878ea36d7b7b783c428c420c35d1e8adb9a3745aae4c0aba09d30c0cd94d,2e49b4717fb2a6f257327499e5861b3a0b6bf486b4550a35b01ce97788f37eda,31b154ef79b8b80b9d4a7396bae86b2e5f652da2cac93094bbcdf7a4d264d8e9,8726a0072d0f7a814866f54d11258fcc0149d2c3e41718a2d7d96dd85863bd53,3e98423686851cbe50ac926983690066ea2126c37675805ae365cea2754283c9,afbb32575ced141e87e1e753a01761c8f4f65be3446ef60f31d424ac5e52a3f4,"indptr=int32,indices=int32,data=float64,labels=int64",0,0,True,4.44089e-16,1.32934e-15,False,0,0,True,0,0,True,1.22125e-15,2.07748e-15,False,0,0,True,0,0,True,1.66533e-16,3.44637e-16,False,True,True,True,True,True
10,Иркутская область,1977,39,True,True,6326e1737cc955bcae686e6c7356fd151fea0742b079ea2586efa5cf205ad3a3,25c92503767006970e70620eae40fd39aefc9a457b45929a700da7ab52a817dd,False,False,08c4921d4a4f8aa90a3bfa12216701782db0c352fa657e4ec7385d3259798033,4209bf95547c6fa52828b933c9bbf50662325ee69354ada68cb69cb0a23889d4,911defce3b941e4a3501357ee1f32aebc99d7bf3b454bc5f0a4ddba63c8aab51,3d61202702a7f19105c74716d0717d7e8c932f7d1bbc7d3192b20953f4f96ec3,cb74e3949f077205529ca4bdb942aeade7696e3459ff574625888206a206a653,fa909a34fd0ee52e19c20ec903858645fc56ec3b0cc9effe02b537fdc4539e8c,a3b9a20ada0c723fe0e4cd00f3eb6b9d807e9564a246fbecff54d71ccdeac66f,"indptr=int32,indices=int32,data=float64,labels=int64",0,0,True,0,0,True,0,0,True,0,0,True,0,0,True,0,0,True,0,0,True,0,0,True,True,True,True,True,True
11,Кабардино-Балкарская Республика,2012,4,True,True,5a32ebed77e1b372f2e591b24e9fb4641791907ed37345987e0e34c88712a12a,8ac6268c44961f5061a2d492bbb8ee1bbb54551fc80f517c39a8f5c8b7c8f4e4,False,False,0cdd9458e4bf387b37d85d098353f0fc67ef147309addbd4146806a9822e092c,3fc3ddfeec040715da6222ef3168c93e2d124612572d8dcf7c9af00fccb3ebae,90b9b95ab21ccdbbdfcb674caf6bca587007a0687989b31d72e2947a4010db53,c1b82af20dcafbd32490e8a08dc135558ac744d4672b65a0b15fb00a48983893,47eb9c73f64ce81a9d408953796c9c0cde8458e9b64d0b64109c4e6d56c1a756,fbeefd2f71678a92cf417010bbe08bd1168f4169e1026f209175b57956597eec,2dc29432993e9ea092e9e59c8c6c14a049a893bb03e1fe157bec70f31e5d8b61,"indptr=int32,indices=int32,data=float64,labels=int64",0,0,True,0,0,True,0,0,True,0,0,True,0,0,True,0,0,True,0,0,True,0,0,True,True,True,True,True,True
12,Калининградская область,1997,19,True,True,7624b202915cb0b18bbb28a8fa5e2b09126e84dd29fc380de0ab364b484cd466,3241c57594cbf7ae1c2839529a2786924ade3b87b644e6fb80821d87e645c1f4,False,False,3cc05817b0b03608bcd274926607fee18966fcf3a9df624b6d39a691db68125b,a847de15485b1a575ee0b1f0ae460100a455ba664b74eac16cc7fe2882ea2ee2,fa52a790cf56031681ebc5c154f4d04fc84572f78b6b45b3d4cd27c01632b62f,409cf35924eb0621cbf0f6bcd72b0d078251bef61d3fc83ea19f223f9fab08a6,4b7898aba89f5adc0b0ea24b7b4266ad3e0aca3b0a5dec81e35f3993b0d467a7,be8df98f2feaeaf2a966b17dffb3622bb6fe35fc7733768e8a22d96dcd3d8d2e,904d3bd1bdba168b1075fa01de3cc0cb1f3ccfb9d5464583e2481b34bcfc0986,"indptr=int32,indices=int32,data=float64,labels=int64",0,0,True,0,0,True,0,0,True,0,0,True,0,0,True,0,0,True,0,0,True,0,0,True,True,True,True,True,True
13,Калужская область,1991,25,True,True,0b7b8927c880d8dff22cbcb5696b6e35387cc6d216cf336447713a4ac9094619,1a1522ad103c3a5420718cc3c72611fa31fac804ed7de27b357d3101786fd21c,False,False,b5e44cd2002ffc993405a2f3a6677aad0080152f9293cceac4d95737ee61f559,77a3b717e4607dd9736c365ac20f2d0928d56c0e2e1dc501c534be2d7fda3a0e,ce1597f9e82d263f32658dd9d055b775031a8a92cb235ac0bf5eb7ded0774f46,e48c2e16880e2467b48662c4679f849be80ddcceb0bdbc2e689aaadf597e95af,286ca5a8eb2e557a6f1ac9235901db236695f86312e42ee185753877959ccddf,76b58c699bd57f6e3ea15e2be7fef2df69d2fe59acc855f91a10d90615d9cabb,6037ba48621532ead116b40f06d6c3070bff2cffcda9bcb0b036cf367b78801f,"indptr=int32,indices=int32,data=float64,labels=int64",0,0,True,0,0,True,0,0,True,0,0,True,0,0,True,0,0,True,0,0,True,0,0,True,True,True,True,True,True
14,Камчатский край,2007,9,True,True,94bb27ccc17e26f9efce6a3d39df3a7b13f042c286a0d60a73abf08722fcfedd,e98bb4dd751f83c48a8cbf367eaa740c91963f5059cc2532caa5d193632ce762,False,False,23768d86e59e3159a27a772a4e1ca00a5f92eec04cbecbb0d0e0a86271b22676,a69ffc392280897ab43a0dd1dd4a5d71718f031d716b0a56daa4b33de25b6f43,0b1ba617177c4e138e00b59a05e2647c34eb5878e5b25124301e9044211774cd,3be63c50ea23f63a9e0b321ae7710e54d9a480e550c984344916ef9433e90de5,98b5d7f7c38969c7a43197ca8afee873d0d1100412b8fbe09c14415566bb3ed5,a3a883b6e44f1a209b97d6bebfa34f1b4ad78d0d9b745db0a116084c1f15f4da,4cce32de1b4c37e92003b77db23209f12131444b1bd0eef858bd4cf8da436475,"indptr=int32,indices=int32,data=float64,labels=int64",0,0,True,0,0,True,0,0,True,0,0,True,0,0,True,0,0,True,0,0,True,0,0,True,True,True,True,True,True
15,Карачаево-Черкесская Республика,2008,8,True,True,aa68502192f0261a868e37b6dd81cf64955eadd82218f7cf27b5924d6eed6dc5,266926c5206ff0b369c2a4f17569b4d7e46f65df67e4b5edf8737ce6f980151b,False,False,121809e43a73bb600529505605c375e4924d8d9e4de563aa81982f36feb45591,c187c7965bc199fa3184f01d17c58ceda69eacd0d2a870012f02f623fc0eaab0,81584b53238b3d69697aa58dcb5f93daddb8f591928a404063d03a71b4f4d174,a8435b1b30e6e6b7a9d4ea33d48639641d9fbf0564ec918e5238967493915645,c7e83bad2e6c6ef83ff561dd99868bf368f5b1e224f71c90bac182df60e9a2b2,07dbba159e5685eff362f1a2e2de332369b13a943fe93c7f1dbf59c97864b8aa,cf3baf529499c6f16b2d6ae29a8cc1eb7d39a895075d3dd938337b967cf6fa07,"indptr=int32,indices=int32,data=float64,labels=int64",0,0,True,0,0,True,0,0,True,0,0,True,0,0,True,0,0,True,0,0,True,0,0,True,True,True,True,True,True
16,Кемеровская область,1986,30,True,True,dbc07c72933c88c1c3bbd98557db79805a61ee686be05b8b5358a532b2ef4469,0b52dcc195aead4af81737acca268ad0da2a98e727753c91e2e204e4c619bb55,False,False,477cc24d68cc05cdecd416209031e17a7351c25e5657d2541e27be26b146c4af,8bd73efbdccf245f866628eb1788cb35a2cbc1c378aadfa7864042055bcbca6a,8f8bdca60ab8411c08c7c9eb31dbc8bc5bac9c6ed8e2f9970f7a6f61839da904,2776696d148a3ec6c211b05b4881110d6e05a417e1d92071412cf97fac08ecba,d8ba3f5e9156a0ae35ad89640a870596f92883622ca586e7ae9cd07705a8d051,8d1b7a6a43d7dcbe8c3db4f091f3744505ae7326127182b07ced76e7b06cbdf5,bd2fb7a891208ed5ebf72e70aa64ea2b07b9cbbbfe1e916eb2bebcf0660d6981,"indptr=int32,indices=int32,data=float64,labels=int64",0,0,True,0,0,True,0,0,True,0,0,True,0,0,True,0,0,True,0,0,True,0,0,True,True,True,True,True,True
17,Кировская область,1973,43,True,True,8e4412a54d531042925d5c14040a2ab1783a25bcd36e155bc4fec2145405cde7,bc170d2dadb11963ecf3802e99fffefaa2aa0214b0a9150dce2fca7d4c166fea,False,False,3428a1dd6ac2247a22ce9fec42c5d56958d4c5864105fc1233c371af24d0396f,580a277f80899f401f71f05f375ad282b7adce07215632b932e43f9289f614d5,fe620785f03c6a934c4b5ed8ed009a4c3676d04b6d4fbf7d3551dec40ac84918,8c509c8e77720b39cf83ab95a6d312004dd933d9c5ff6a435dc132af385a2719,3a4597329e5816ff9c19ca20df4fda37bf97b3fae6766af50c0263efc7b35f24,0de566259797cc0ef6e68b0cbe3d292907759161e597b833c66f6b543dfcee5a,0f3797e2962bc831f65f62e233619037f846db285c5f902f8f7591d1916875db,"indptr=int32,indices=int32,data=float64,labels=int64",0,0,True,0,0,True,0,0,True,0,0,True,0,0,True,0,0,True,0,0,True,0,0,True,True,True,True,True,True
18,Костромская область,1988,28,True,True,30af3e2b0b61d4e3674b6d5b30165e11aa76ff1c66cee1949bc1466766d4ae2e,22f0433117d9c918373f2c7b3731b65ee7fd98c8e2094bc9124b8b8cb1d1e3cd,False,False,955928642ca83df21609c09dd5e8930a68fe87f492492e9bc398e2ead146cdc4,457cf90c62708b855dcc73d490109945335fa6d36e810818c48f409dfc7594a4,c9336fc349df33526e6b90d7b62a775ee7926170bac7cdf00e89ea6e8dcd1f09,d61ceb5b051a2f153a898efe6197be26f1361dbe3e3af2df7419214077aff861,43fbdd6c5af1d4b2228c28fa6f52d364c1a37867c01601d156774a6a79ddba58,5a8675e30e942ee567142746f7f161e2f31e516ee78788582c91dded7aa80657,9582f7652bbbc4e5c184787d807e8bbb7ad437372be4f8455585b47dd1ae2aea,"indptr=int32,indices=int32,data=float64,labels=int64",0,0,True,0,0,True,0,0,True,0,0,True,5.55112e-17,2.05751e-16,False,0,0,True,0,0,True,0,0,True,True,True,True,True,True
19,Красноярский край,1965,51,True,True,1594cbb95dd8c0e55aac71f156043e52585d3d96585d70effc5acc123b912f00,63bfa358af48c0ee241a8f67f472c992fceaac5d3a726d4cb4446bd7fdb3dfac,False,False,c49dbf2690268d177ae84cd94f478f2f23a9e06ddcf14f70c64849317a419d8b,81c70c81b28dfb7cf26f16b17ce8dfa6cd8a6af4a96cc8ce8520497b1a84ea52,d9786b4ad722c8a68a2d374d7adb9dbf36db6a6883f45cc51baecbea50423483,06723fc686be7d2546853bdd23cf5c6db3f3ec8597e1e1057c165b4480c68093,3d4f00ca13a686a2d954ec4c90c8d34166a048e4e5795ad327fa5818e340f583,26127562b51be3e0a338959bda4d16008217940d5c53ec9efeb26f0be6afb3dd,aa5eeb0c370875062bff16b524aa636167cd51f07e7df994aa5f520825479ebd,"indptr=int32,indices=int32,data=float64,labels=int64",0,0,True,0,0,True,0,0,True,0,0,True,0,0,True,0,0,True,0,0,True,0,0,True,True,True,True,True,True
20,Курганская область,1992,24,True,True,272b3e35b7e537a7785de0ac3adb00147590cee9501a8da07c0cdd76133ebef9,5996f2e870b90e57a47fcc11931fd4992a0e2bc604d5618bb7048dcc737db645,False,False,8063fd3c3d0b4320a3c7bd1a972eca12645b39650f1fcb295fb6860b3639a805,3261968382fc929e4e66cefadd89bc47a537ed9dae0c262b4d19989fcc9f9e7b,a08e4400cb25ad6a4b6d97fdeaa8dd2d3e82f924f59dc83c45e62feaddd5f089,960a4441bc92d7356fbdfb9e0008f0a3f319b287c95cf2abfa064c31a486944e,ef7072049b362558b0ee3f667d21c8a1348bb7dbff4f35c70020858107a169ef,34fca29a5fe51f7e6341a7264df40a3bc6b2485fb5a6fe161f0ff7dc4880209c,02007161c04686389200c1dd1e9df95165121f28158df8a59cea3b798079e8c0,"indptr=int32,indices=int32,data=float64,labels=int64",0,0,True,0,0,True,0,0,True,0,0,True,0,0,True,0,0,True,0,0,True,0,0,True,True,True,True,True,True
21,Ленинградская область,1998,18,True,True,a35866cc14bf4a7870c0d3debd502ed82faaf551e92e004293bb947b7cb177e1,aa3ede5d0fe79d6f26e6f946ed7697b9ca290fbd20c450a43300178f2cd35db4,False,False,de691b4fd21ad957527d226be2508d05ab0bf1fd9b777d91ef15276272d5644c,f71a3cad9d9e554f7feedcda3d1911cb2f9722dc0bbbac0742fe727dffc1c3e9,545a3c95195ba20786b76b9a8e8efb2416c8206977312c86d78a384eca291d9e,86dddc385b0909cf6cc808f519cf2c1420bde1490f857598bf55abbef12d46c8,6e7c649a696e6ae1df1d0ea7e4bd252e9d3dfe9599c070123e3f36b72b8610e5,2d8184d8136723570d1b68b4e4c386c0152363cd7c7a99997196d548a12545f6,349187169bfc51ad2284673d2ed4783a6384ffc778ea82cd19cb126a54ad9239,"indptr=int32,indices=int32,data=float64,labels=int64",0,0,True,0,0,True,0,0,True,0,0,True,0,0,True,0,0,True,0,0,True,0,0,True,True,True,True,True,True
22,Липецкая область,1998,18,True,True,6383168d445eb160ef27ed8aa1436d28b1128cb106d0bd89d3b8da9ceed045f6,7611485142d8de6b2debfb9683b8b0ff7997cffe079aabd1244779ab4878cfbc,False,False,b572ecad341d8ba2f2128086c392d09ffec56bcae3e2bba3f0623987d1e8e5e0,307563843187f632e6f3f1549b7c98a5d071a82b2499d00c53b79693948deaaf,40a576102ea6de1e1e4af69b6fddad911185d4f0a43a504b474abfc7f9e6dc6b,0f0abca70a6ed213dc807b57f7916a053fa4d8cf86339b2abb724ebddfec6b62,1de7b0cb972d710fe47f540515366a5f74a14921f4d06d4eea87b275220e40b7,efa46b6fec8d6eb93b8d5f3122d8be9c248ed463f867945dcb243311946a3438,96ffa7dcad7bee0797b26a0db8888283c3c78f065567af4b3ff2b939e1075d9f,"indptr=int32,indices=int32,data=float64,labels=int64",0,0,True,0,0,True,0,0,True,0,0,True,0,0,True,0,0,True,0,0,True,0,0,True,True,True,True,True,True
23,Магаданская область,2013,3,True,True,12b530d81aab31ac914d10de6eb995c5556f47061e622a5fa6a6f2b1b7ee39e6,7cc5a527c9d60d8971a5b625010134873bfcdc7e3af86d3f2736ec9d29a8c3fb,False,False,50215fdffba36c64c7801814074a8c505ac5fb161b7020ff1a50a28c6cd4f3f5,59ea596b14cf5e36d72970e7205212fc70977c4ee949a40823add9efdb70beab,9b16e00c9cf295da994f0540ea69c76f7d5ef964a0ae41bb2fee918ab6265670,1b2ed1c331e9045b3271c45aeff8d9dd56882843cd5a08c51e2408185b849b11,63acacc00c544e4b032413a47908765177fc0aa5a961b2d61960deab0a17665d,5c0c7fae51bbc0ffa563c0c4c8c3126ef068964ad66273f9b0564a56d1e8934d,6d099bdf3f74ae940e76c1c6885064ae3d0cf12ad1d2211999f65b040c3de4dc,"indptr=int32,indices=int32,data=float64,labels=int64",0,0,True,0,0,True,0,0,True,0,0,True,0,0,True,0,0,True,0,0,True,0,0,True,True,True,True,True,True
24,Москва,1872,144,True,True,255e91597cbb56a672a302a96c14498149ac65d5f68043a0733bb444a41032cc,367481c414f183d6d9d041b461fa2a2012d07843b867f1b384df46bbb13e4265,False,False,e1092b75b9dea71720a13a5e3c7a8577c080c70cc313f9f433a33e8fd8072e5a,b50e2948a0816d865fb8bca0f9b12f93c24e82b93e436e64b54544129d8d1248,db23afbcbf0152a02366eb58c273b0498561e6a806e9073a43658772fb598239,f87f38d327471a541d12275b1d940c47e1861c805d4494999596ba46aa9f1690,9c75c0339c3b267db3504dc69436e7a5f3f4e00a13bcc150c03e8505d62ccb11,41bb72d2d54c3debb7f55647f1a618f085b490a62ad0f3042d22426207122356,e6a6e5ed12afa24c22341524b692f1933e9c2737ea06385d1c9a420b52b6d1e3,"indptr=int32,indices=int32,data=float64,labels=int64",0,0,True,0,0,True,0,0,True,0,0,True,1.11022e-16,2.85009e-16,False,0,0,True,0,0,True,0,0,True,True,True,True,True,True
25,Московская область,1964,52,True,True,3b30f45a07fda63024ece62e3dc76f1aff851202ada996a577d323b86a4cf740,1982ccd7b16e779259e31ad3aa8e8d698c1c49db937f7acf7eb64efd1f661cc3,False,False,ee494982ea0a79d30d68e936c02127eaa3f88ce010384af3dfa90a77c48c2f74,d7fd6e806fa9bd3ac4b34ed65cf62cc3628db78ca7a08bb335ecfcedaf7b9dbb,ade26c801f83c217f738ef16989f3f037e8800924120de759ddd7e99974b09e5,d0c0824bb66338513e8b22ffc0d27b4d37b7b083083af363e3fc1171f835545d,2270529953f7d6e0843c8136db7dcf0c24d92117e095147626983d2b0fc7f007,b5262a83a3779fd31889fdaade4b694819ad2134134ab7473a473453b187206f,e7196178dc0eda57f64401f351fad7401c8133b1d2d16437f35e7a041836bf25,"indptr=int32,indices=int32,data=float64,labels=int64",0,0,True,0,0,True,0,0,True,0,0,True,0,0,True,0,0,True,0,0,True,0,0,True,True,True,True,True,True
26,Мурманская область,2004,12,True,True,85c43e61f1d1948e47af68b2aa93f5f7d0a714175142def60cfdea5c34832da6,206776ef840a73ac7552c45f0337af4c89fa92775afb21ce5d331d09a4cc6fbb,False,False,5efbfdfd17a1dc6ff5bb4e8ee5e02b579b79e1bd5b02da896235881d75225874,ed60c3df07833d2a1098effdbbe39fb371e89f11e47109eb05a7c11ea71552c3,9a17073e664edf9f5bf8375e7e43f01f6017053371dd9c71440c76c1df272233,3a0981b61231d4e36a204ce2631737d1cfa3542af6ba932f6947d73ca2f8f901,d53c6615dab31397696897cffbfca3542d7991caaa0caaa4a706a1f69e9d12dc,d254eb96518a242084ef0436f4d3bfc4c19a5ccc4301023b44bb68787e1d08dd,6fdcab556053798a8cb09aa33bbf3d54b03a034ebe24c2797a5673076a218823,"indptr=int32,indices=int32,data=float64,labels=int64",0,0,True,0,0,True,0,0,True,0,0,True,0,0,True,0,0,True,1.77636e-15,1.63213e-16,False,0,0,True,True,True,True,True,True
27,Ненецкий автономный округ,2014,2,True,True,1fde3cc1aded08204ee56eb5067dba547120ea90df8714225468f95a289c1943,f988e4f7cad697e9d75307bf624c6a05807cf658c94e447bf926c56b0e0494d7,False,False,e1175cd033d289780205af67ab9ac1b8342c7a61ee49184c3a0b4ee1638deae9,6356a858487b2aa65fce1265ec41ed588c2d5220a635910ead66145463656cb2,656c94cd84853a6c7baefbab95ebb80e994c968673cacea37ae5950a619c0c87,b5393efa44a2076552cc576f91285e83590997829af07a0b2f6633015e1f91f3,d35bebf98f915296aae50f54b7c5344a3ec5e704940d43eed8cca9e117d5730d,05fc9330a70d401289a0e8bc7dc50c582e501b5f911f6680eed5dc238db8af04,eeb729bf9ca9775547a61b035006e8bb5000b7574cc116e29cf31db860aaffe2,"indptr=int32,indices=int32,data=float64,labels=int64",0,0,True,0,0,True,0,0,True,0,0,True,0,0,True,0,0,True,0,0,True,0,0,True,True,True,True,True,True
28,Нижегородская область,1966,50,True,True,b88c97fa78980a5adcaf982514c3043bd793c19a7a3693b43aa3a77a37c4c1a6,08f431379045c5f17b093ff0c759ba9e506ad0876aa32e68768970c5b489f7d6,False,False,9c69d204a3cb747571db340674093445f14c8b64b789dae8ed9a035b07d8193b,6d7c38917a99dc01785c311625732e0ecb0b1583b61cc4108bd942ce67d12dd6,857db0ec7b2e9435389096064ead5911d5acf0de0f82236533ec536ff8ee01e0,7bdaa57b373c827ce883d75964db6dbef820228c9e7fc125ca08ca6eec9dba5f,2fb3fc1dda5086d13b1be1c6b8f11d034fa8821986bb9fd6f3e8b6b04d98d537,a297ad8f13a1d83cd73c978b3946f85c3ba2bc99fa5d905ca8a618890536ef1c,59570a43cdbe5aad1d0bd36833c75756fc39eaea360957ee87546858edf9fdd5,"indptr=int32,indices=int32,data=float64,labels=int64",0,0,True,0,0,True,0,0,True,0,0,True,0,0,True,0,0,True,0,0,True,0,0,True,True,True,True,True,True
29,Новгородская область,1995,21,True,True,f5208a29a611306f7953b54fd6be205c6b58df9a25a53ff1c2457055ae11d7f4,3f532fdb5527f8375153311b08ac660d32667399f2da763b10b9895f7b8bba5f,False,False,39eb476905ef4b70b4674144336a803dc28b0356fbaed84bd8e4ee491eb69326,1dc08d658de46dc33041b19e0491a86c0685d3b328eb4bdc5c80a5e81b271870,b7c17942d2a6b0ef6adbc946a8ed98544bca8f2d06c51f97abbead2f9b3f635e,2a0296b11df7782352fe5b13a20c613ed2602b3c0788b009fc26eaae1976bc39,ccd956f16279a450f11ab72515d4c89fccf9d42c7e3501a1601c34695b894d4e,01e378c3595c210415fd9314ec00a962fde080fd9fc884006ba9f7566ad7f33d,86a23c0d5c149c57cc88864736454ceba731fd9a7c21f04293c1c685756a4a00,"indptr=int32,indices=int32,data=float64,labels=int64",0,0,True,0,0,True,0,0,True,0,0,True,0,0,True,0,0,True,0,0,True,0,0,True,True,True,True,True,True
30,Новосибирская область,1981,35,True,True,a63f8d1790937076ca07a75daac41b1c346f72ede3cb4bfa707522366e6e8886,e7a094ac8bf18194f0b25b33f0fc19c563fe6349e216b4ae72f2103c78d38b06,False,False,fbaa2ed3709e845dc7ae22512177ab1fa12f9762fe025b50cfaa5acf50214222,331896ef58ee3555fd72f31730f058a9700a88df2018aed1954e5422656be418,08910ade623546d183a4cb886bd1235f3833ee41e850c034f12b1e67002aec06,692005c3d997f102966606398ea192bbbc3b1891de1ba970dced44af8af8287f,a52e276ac1e28792f516209c68dd4a79a6ffb28b8101d426c8705e53f8f172a9,91828a36f5266aa02f3bff319f4a0cc2e296008e779b009249d62094be323859,22f29c96f31c0adb3d1796d92c5616e87375474d1cdaf51a4cbc3c6b83108b76,"indptr=int32,indices=int32,data=float64,labels=int64",0,0,True,0,0,True,0,0,True,0,0,True,0,0,True,0,0,True,0,0,True,0,0,True,True,True,True,True,True
31,Омская область,1983,33,True,True,e4a9276c299903a2153bdf9b8e05a75f6f7b96055480f5fbb07f125c4e11c746,d64bd84729c6733c240cbc97f55b6cd1e719e9ab6e38e54085715473b78c529a,False,False,2f8f4f6b9ec6911ff14af93b911d13c56e0b2d20254ccbb6f3d5f9bc6dc1ceef,a811e7f2afb88ceb15e94fd54f767ff3a93e4c5832adb5953d9daef16916b8e0,49349990e183f65678d463b0c0f259a0deb4c65ed849cec9283122c2f01a5aae,c6d762ace3660bd64aa03fbaf5d1680f3c1fb6fd89d9009bf1cd82b9b1e4acb7,4a806a4fad3f0e7eac9a884d2187ec988820881203234b99c183b00a69f1467a,7d0f9ca07b30722845c25b99124dc9dcf0979498ff4663c540fc7d26b24dfc56,7c64f35b19869ad2ba37146617e3e90f648545e6d229d1076e23b9f74a198e1d,"indptr=int32,indices=int32,data=float64,labels=int64",0,0,True,0,0,True,0,0,True,0,0,True,0,0,True,0,0,True,0,0,True,0,0,True,True,True,True,True,True
32,Оренбургская область,1977,39,True,True,603047c6207021aa1c3d2600527e076b3d4a53ef0f60e90b57731012ba758288,ddcd40c269e73e6542430e9cfa2ec990d3fd18ab839e1b8f00fbb382b66a0da8,False,False,0e730ee8f463ed4433fd05f15783877fc639fd0d4662f9d179a6bc2b9f698ca5,8739963d97e73bcf5d15bbbd3a7168be1b3f55e248c6fc38a7dae92d781ee3f8,0d68f5bd00967b58bccc8f884f8648df767e7486957042b5c091df7e00059f4c,8cd6bc4fdf0972f46b250206e1479ca8275fac08076a8a646730317124b3a1a6,a2f1d2158525895d1db382ff6374bfadbdf627650976abddd43230ed90db171a,e442a1747d71fa76ce7040a49020bd169d29534a74bfbd60b9f92cdbf0909061,09a117ddf8d03e5670d2dfb0c10aa60c960c1d7049ff1d5152c44282d191bf4c,"indptr=int32,indices=int32,data=float64,labels=int64",0,0,True,0,0,True,0,0,True,0,0,True,0,0,True,0,0,True,0,0,True,0,0,True,True,True,True,True,True
33,Орловская область,1995,21,True,True,196f26882119b7b704a157a037a15ce45e453b466527d567c1b38dbc32f70dbb,1a355d3748441f6dcfff536d28ef20f7ae3236deaf6e4431034de0bc30b578b7,False,False,54ff02524abdac5bc38a52fbb060c757f3faec2eb10b413632ced18c1ddb862e,a75ae9dd5bf57f033872dbae2c8146d3eaf6474bd1a9b05f85e3b0c453833e78,017a3179e1e8b670fb9664f8ec0f02437eaaf43e6ec52513526e8e9c65c3c299,1c9ec5c89f6bfe3e7434edc7650cf1a029c56e7faa5c6a3906a56ddf084b47b5,6624da9ea23348093396da859f932ee2e975f4b747ef58c3b2b6d78954e87c52,017d207fc9c3f4193123af663219abcd80c80ca68a77f77fae8664fc63edcd03,c252fdc40255776aca3087368029f0fa938764bda9ff1c00dbe8a2a029b4cd41,"indptr=int32,indices=int32,data=float64,labels=int64",0,0,True,0,0,True,0,0,True,0,0,True,0,0,True,0,0,True,0,0,True,0,0,True,True,True,True,True,True
34,Пензенская область,1991,25,True,True,03ae223ad21b3657bbb32a6d870960d5293ff06d8e2d3c01eb06d81213b23561,3fbdc5e6deed276e88e80ee82ccb62b69198803996963427748fefecb4c4fff9,False,False,46af24bedb3356d7f5683699055e49bb26b2fd703072112fcbd815f7d08339eb,fe51b28f604390b062f3707b6ccffda0640726c7bf7a795c90373a45a9df1f17,08b98e341674934c71678ea06dd184b38c65d7e31e00d2014ece8c1e52928713,8820f2d528fb9014ac6bfb626620abf896643affac9f99454f974a85def30339,25710389010a3cf4ea7e26b4afe03676b7bb45c44bf34a92fe9db60081d3caab,316457b2aeede7cd7ae18261b56d002b76e0ec23e2a7bd259e555b084ed5cb64,e6f7304ec8e38f5a98ca654e046a5f58a76e8d9a64936fbc1432fd343375f175,"indptr=int32,indices=int32,data=float64,labels=int64",0,0,True,0,0,True,0,0,True,0,0,True,0,0,True,2.77556e-16,5.65532e-16,False,7.10543e-15,6.51489e-16,False,5.55112e-17,1.14823e-16,False,True,True,True,True,True
35,Пермский край,1974,42,True,True,7e572f79bcf8915b4ee495ca4cb476e9df99b3b91111d989e6aadd6f2d9717fd,47743509421b405c5ebc99e4acceafb67ea429bdb2b96daa95b691b4b1bb758b,False,False,379d26e9c2f8da2eea03bfff5204bfe2a34c38748cfcb00e8abfc83bfc5a5c9a,bc1122884d3ff5cdeb78d1b8377e4ef617a3ef118b3ec57afd7ed5bd28ef4cc8,b74df0af61096ca6e1f20ca8cbd6911f2710b59d3d1baf0bf46b054fa3401914,c6ea4106c2445f311290249e7036cb524300eefe2a5af87bdec2df3d54ed409c,b89906f34dd67ae5f8dd7eca8ed39f206b952e534552ff538ec147780ef34feb,33efff047996ae8d80325fe8050646fe7e0cd5853c9bab1f081ec09eee1f3762,64b7d0f87aba7498e3d552d9a96ee248f466fe04bd5d4d4120321318ec2977cf,"indptr=int32,indices=int32,data=float64,labels=int64",0,0,True,0,0,True,0,0,True,0,0,True,0,0,True,0,0,True,0,0,True,0,0,True,True,True,True,True,True
36,Приморский край,1983,33,True,True,5649e7543208c933b4d164c9f2acfc85852ca766dc48964aed2938aed215e81c,9e3cc5a5a99e2675ec9236068167e3431c52b2eddd7ce03c4de53bfc8c615f3d,False,False,4ea28e91a82d29b2e92637a2fd44ce06f631cd3e61b22171475a5c47869c00eb,f7f9e42cd1fca009e20862e7e6ebea35115532d253b91f840769335b225beb73,d27683ae3a36995ecfdb9200d11e713dd34aa967a6bedfc7316eecb2b553bacc,8f22fa4bcaea27eca5d076572a0ac8a190e1163a99df678f9c7bc017b7304550,62f740a5cb93f2ace0414913372ba8da54c85b5a869cb98095b8ee8113f632b0,594c27e8c22806f41f434e5597a4dbed4c33475c181216567b0d92e83aeaf102,e1b1b31d6722127059913ae37cda5094af96ce223cce68b50b62a85bd8e14e2e,"indptr=int32,indices=int32,data=float64,labels=int64",0,0,True,0,0,True,0,0,True,0,0,True,2.77556e-17,2.12442e-16,False,0,0,True,0,0,True,0,0,True,True,True,True,True,True
37,Псковская область,1994,22,True,True,48003e1dfa3ffe6f7bcc12255938bdb25a0c63ecd5c4641916fa67fd7098e656,d721878568502d4d05307525db454f24420478c22338a0a6db74ab4b8b0d25ad,False,False,14b84e8477c8e8c28d69bcf90b5582ae187ce70a699d3eda535410be0ec9b201,b4aee086604a853c5b9322d28ed59a8c9ecb8c5f4ad916218c2b289e2253918c,5bd845b2b7e32e18e4000aaf8fb25ddee871efcaea77a17883e0ffc6163294c6,bf2fe3b6fb11c564097d3a621ca3f5985fe5808b89a7f6a08e13a80923fe9640,3a870ee5c5a4ee60ac2c2b76ee03c1b0f0f67fc52e04f4f80ad29fd46ec5798c,993bc371239020efc909ca2a8e3ed53a353fd8db0fcffec6c1311d38bd7ad228,c842f46fd34bb23b693c83b7486f7d525ccd921b00c99e804f55ed5baee095d3,"indptr=int32,indices=int32,data=float64,labels=int64",0,0,True,0,0,True,0,0,True,0,0,True,0,0,True,0,0,True,0,0,True,0,0,True,True,True,True,True,True
38,Республика Адыгея,2007,9,True,True,b637652ce3dce572ca51f77139410cc11a7818a029e5e879f24285f364cdd42a,ad10722cd94a59d6b164667f5e4eaaeaf69ec6fca3858056f08257fce82d63be,False,False,87592967a3e9ac44b173b945296ab8e93a1b736219119bd1637fdb2d53df823b,8547b8b32d441020e9987004bcc784186ef7653ee7eb3c74aa0bdba162fab4fd,cfd4c0daf28c17190f772486f4d3272ae50cecc6eb334d342a1085eafcde3918,ad9ca2401a6eb440534f9a532b48287a0af2a65ef80fc8f982aa229a1fdac0ba,f24a173cefda554738ca189b97494e4c80ea4235f4e2931465d5e0015280bcef,2793daac28dfd2f9376ed0e921d412fe14fb6dc51a771d8d0829adcf37748877,addd66411792adbe4b8369d51f5a161e726543c5c5b7cfdfffa02946ba34c58d,"indptr=int32,indices=int32,data=float64,labels=int64",0,0,True,0,0,True,0,0,True,0,0,True,5.55112e-17,1.90071e-16,False,0,0,True,0,0,True,0,0,True,True,True,True,True,True
39,Республика Алтай,2005,11,True,True,f0c90ea93abc3b82151fbad8c2f408c77ec4cd115cd6ee6c66379a3407e5c161,32df370f55328ed32b9af3e5e5c684c9473074479fb40e900373bc0707f23736,False,False,be98ee5a2ecc7b829fa72be4cb616c35a5172affcf9d394a5df1e3843cabb3c8,35372302aa9d3d9b1a5cf1f179c9f81e3618e399e4e5fb689fa8a15a36527375,f623348cd7ff25a8606650edfd1fe6a3210ac8c544c06d07adec294f17848791,f6d2dbc87b48ba74da9a73d575ccd391aabb247cd21243b37a78d8a81dfac2d6,5b0f766969da6a402cd3720107b5ad706cf8fe1ed71b5595fe42801087ea80b3,e8888ac9dd97e176408832c92b966ca9111c032081c276f580d5c6f6c22a841a,c9d9e56a27724c524a4403b40688b48f4d61b3884c0078dd559f24fe72adcb91,"indptr=int32,indices=int32,data=float64,labels=int64",0,0,True,0,0,True,0,0,True,0,0,True,0,0,True,0,0,True,0,0,True,0,0,True,True,True,True,True,True
40,Республика Башкортостан,1955,61,True,True,354e25992571216801e97242d0619c3392bf6f83b0793d995331725f3d6f086e,3a597d0643701161b2d86de3a0665f0473bea063c4151715d67a874477933788,False,False,f35898d29c01a95cca6b941bac0d240ef33b118010e9ee80bab3274b09d32ac8,a4dc3c4a358ba032c1cf0c0fbf16c06a088553c14c3bdbdbfd0089510f6c51be,0c0ccb007087059532aad80d353b9d39e58753c594ded592a1e4e6f742256477,ce67157343298cc158d4db235995b0889823128d4554cbef01eaf2c4514815e5,9dbbd7a46aa3716afa30e8d66d20d1ea629599017ba5cc9657b9fb5513523d2b,2e06a9091fcd1e89be48d1e652858ccedef1f7eb8061dd125038ea821136ee30,ba87fa85e150e8c107d9a987779165969dab8af63c08d784f8ab6b9149bc95fc,"indptr=int32,indices=int32,data=float64,labels=int64",0,0,True,0,0,True,0,0,True,0,0,True,0,0,True,0,0,True,0,0,True,5.55112e-17,1.16397e-16,False,True,True,True,True,True
41,Республика Калмыкия,2011,5,True,True,e1b0fd596f2010b0c21c5b820862bb9484d24b16daa690c91468d0df2558d863,1a0a35a6a808d0856eeac52a60b9f00524e14412bf43a2252e6a77ef6f918448,False,False,d6c1f945b3d2048d5115b266522e835ec667eb4e6d350954aa3e126f422e5484,f362c53f0aebe8bc90927fbb003896a05b9b57846a910a830eb4dd47f594e1f0,b79fda6e1312cefab0f78f2c75b2f140dfb63dcb010aab31f41337b15ae68497,4f94bbaf383f43c9d2da149ea3a063efb464c2e89ff3bce638f261986506b8b3,9c4c35fe60f1f208f413a072cd87f01d818b83277dd269ffff16c36a869b33db,c004dbcc490dccedfd8016d284ac5dc1dfc833fcd125737e81af4ca98e9c9599,ee8143b51b988a5db7a2c6f72c2ebb2dfa7cd815629b740b031200776419d480,"indptr=int32,indices=int32,data=float64,labels=int64",0,0,True,0,0,True,0,0,True,0,0,True,0,0,True,0,0,True,0,0,True,0,0,True,True,True,True,True,True
42,Республика Карелия,1998,18,True,True,1aecb7ab96ac4dd43136db60eddd47f34ee71fdc01c4f64116d44397d94be702,f83de3728df00eee022a5a50a3fba91a1438981ef7aed19047b9451d1f038d6b,False,False,4ad64614407e77a44e27a5927e3ba4de2fc4d62b30e8e5ed6d0c668fbc865599,da02d394c6b09bc784879bc0033afddb92cac9f5b057ef6ce12573bdf4124745,f3ad6440434b58cd2844713c9a62be60a6a0c1d7f3ff86046fc7ccccd19b4884,cfadf9991eecd96cd9bd6c1f57689138723b2dc88b21ba8abe64e1e97a82b3dc,6b020f540d54097d39220d62685b8a7fecbe720b5633d04ce3a3c1ea49c1240c,4c855fe83d769d31a52e9dd17a709d2d714844304c53c335d271e25043175d93,b79d3f961f0b1cdb2932683ebf0f77d40a9d37429528af827fdf91dd134bc11f,"indptr=int32,indices=int32,data=float64,labels=int64",0,0,True,0,0,True,0,0,True,0,0,True,0,0,True,0,0,True,0,0,True,0,0,True,True,True,True,True,True
43,Республика Коми,1996,20,True,True,583a470e21cd6085b616d92c4b236220dd150b7b6f4c9cef5ca0d921318b8aeb,826cef2d03f64591ba6fe60c74ed52da9a798de8ae76b183f7fa6363e699746c,False,False,f36c04502ad5012a48079e74f69b3b5265db5fab2e7d69639e6a8ff9d9ee1275,4fbdc02b2275dffa50240167670b47ca34f983ff27c37345a032467fa2a4af69,9b6938c752e8d679197889cfb2353bb7a66389d6efa4a4a7f6265f7130e72b64,fdacabb99de6db3c619f06472d73b32ac16a0dacd7ae064304bca599880c8731,2f3e88b42d0e292ee676dcee46c3a8b450e11682eee3266f8303b0f4debbc1fc,822f5d8c8b7b28dbec17a275bdc1168c736f87155a436c56970bf7ebe94389e9,b60aadf0df4c1f9a793502b90a4ceb17aa01e3684e0b63bb514c35e22f682f28,"indptr=int32,indices=int32,data=float64,labels=int64",0,0,True,0,0,True,0,0,True,0,0,True,0,0,True,0,0,True,0,0,True,0,0,True,True,True,True,True,True
44,Республика Марий Эл,1999,17,True,True,1391d671a4aaf015c8abd3daa5f1c596679cb18d222e9fc94fd8a2c710161312,214121a8ddbd74041acae0ef78c8594767f0506cea1803c32c68aeda6b6fe2e8,False,False,b99a5153955e7be9afb13023c36beab116fddd342f150334155b737ca048505d,cd69af57675921e33e91707d093926ddeb2a7447e0cef470191c694c4a37813e,8cb3dc9f9e177ea68f7318571f0836b9898c2fe4d623120ea200e14f70e3ff0f,833bc7b986930b0addd196eaa8813544a8d7cc633460c0b1e5c3a518d20d2aa2,fed1e5dd282a5e728387ef251db48c20087c1c8e28ab6bef962658c8830052c5,754669849ecb3c7ddd5dd6b4cec41dfaaae7169a7f469ab93fdeef4f9a85cf64,bc90f5435076ec19fbf44cc2826fc98ae14594e38c732a0a54094de602edd56b,"indptr=int32,indices=int32,data=float64,labels=int64",0,0,True,0,0,True,0,0,True,0,0,True,0,0,True,0,0,True,0,0,True,0,0,True,True,True,True,True,True
45,Республика Мордовия,1996,20,True,True,8569d395a1b2a46e6b0a255f44961a151eaef0c47cf77fb331a10852826fc88f,3d5558a24dae6c3719d3989af4a564b9e1a22a4b3de1f02c21aaddf2270c37e7,False,False,ff89dea4e0e411c917c36132861602677c37927dfedf257894542c1d537d5254,a2b92331b77ff48322ac3b7bffe4e67f56f5ccf98776579a64c18889a4d9c4e1,0bdd2dbb671f2ded57d7dccee82fa640691dea23e13adc85f8638457917432e2,f825c689a87159e68f91e18762530ecb91f7fc8883bfddddf8677e1a2e6f56da,f44a9c1a05cf5bdb26ffffdd6aae00c3029f54599c64adc75d7a4c2a2336d664,2d75eb732c6e79ad444fc0aa974d8b56d888fda9965a14ec0f58c315fd3f9ec8,eb170c9cfdd038a6a12e5dbe71caa1f24f0b5096344479cbd2751fa8ff3ce09b,"indptr=int32,indices=int32,data=float64,labels=int64",0,0,True,0,0,True,0,0,True,0,0,True,0,0,True,0,0,True,0,0,True,0,0,True,True,True,True,True,True
46,Республика Саха (Якутия),1987,29,True,True,96dec1f9be81040ce280b666c943ecc1308472b51aacb0e88cc5eb6add93c9d5,a8397843bbacade073d52be41a759e4664e942a75628bc90338a130204ff31bf,False,False,77a9464ec39f824b42b22bdc080923a0c0ef3d8bb40fe99a2f3c0a167e3826d7,820bc41d9b4f19d80bf077a22486efceda460bfd6a20ebee4959b90c6f7bd816,8f28554ea57de86e901482329ae72aa12853c63a0b8524504bf3f34a36f95b69,4ccdfbc432abdb11f276778bdf0eb07f967a99029895a8004547b5dac82432e6,f8411fe6fbab212715eddbff1b148601a208c39ca58f01a8a530b9483ebb0f0a,201215b14d8191b1c1719573b8aae33208da54a5d971980f8fcfb31535ef3784,c9f067e0260303489455a32814a1398cac5bdbd14ad39d29417635988671f84e,"indptr=int32,indices=int32,data=float64,labels=int64",0,0,True,0,0,True,0,0,True,0,0,True,0,0,True,0,0,True,0,0,True,0,0,True,True,True,True,True,True
47,Республика Северная Осетия — Алания,2009,7,True,True,c42e343a0805dd154278709bde5560af1c4c699d50b3c309cf55ed06d52e1a37,7cc84721afc22f59e267a1ce0ac7147ebd2bfe7a21dd534b46fdfaf99725e3a2,False,False,e3d7d31afdef1f59510ac88b50205d23c2b9f2fb21d53a0d2272d4de22a0fa6a,be341242a69d15ee0650c7f634876ecceb1f8fd0cf0e1d68311f25f516998547,57e8ad41b8956d2bc28179cedd8e78c2b6190ca605c2d4023300f249d6b65248,436d07ace076da73bbacf67ae78ca4f74a03da0667a4dfe482b2862c12a92f9b,af39b809574fd75df72a98442a0a2ce5a12c30fa2137de3f269ee5abfd494706,97db190d90698670a1a675d8a556a9532de6dc09453ad010c2384bef204f4bde,029a17ddd5bd7c188dca68c63c58a2bb95f16a0f0fd5b5921d68bbbc77682d94,"indptr=int32,indices=int32,data=float64,labels=int64",0,0,True,0,0,True,0,0,True,0,0,True,0,0,True,0,0,True,1.77636e-15,1.6322e-16,False,0,0,True,True,True,True,True,True
48,Республика Татарстан,1973,43,True,True,d16fd61954369e4d379b96030d45165bbd458fbf2f203dcd3abc5623cdfe3c23,6debcf8367596754094105b7ff827ddd921c42f15914147111a13e1b8455cdd4,False,False,e7cd556d17960f2856fc205ff7df481e0b6af5adac310d13378a94946b817a9f,f787962504143141561a9b527ca5ce3fe53f9cb5371bf90d049e09c317428f9e,a6711cda6d0359d9dfc65c287dff068fe23d294c5ed4f079250485b531bcb43c,5ffb71db25d09ad1cbb64fad8f7d191027248f056219880bd1aa16c6ba722e3b,17022ff9336af9a7e5e9428c655f8df9fbf0951ed44820c26ec3fe667e11e127,e3a8f3f5ea6e64bc052903b5bf72c89096120f020bce6196d6cb4956217462e3,44937b520c6f7c2523f764de89702d9d134d643357e5026e509a8fab800c819b,"indptr=int32,indices=int32,data=float64,labels=int64",0,0,True,0,0,True,0,0,True,0,0,True,0,0,True,0,0,True,0,0,True,0,0,True,True,True,True,True,True
49,Республика Тыва,2006,10,True,True,d863b3f45e41b53ad315defc1cc6e80e7abb47689dbbd90667b857fe6dcfd0e6,e5da746cf934db1dbf9804a4d8fba55c859882030f2bca7eb5c531f5eda9e223,False,False,8d12747c1ebe0153cdbd5dfb56ac52377befb43016d8346421cb6a5a6b57958b,e5fd15bd9c4fb7dbee7419f3a30af647de348e1ff262ad507e3bc4842bde1450,5bf21a2907cad4683e3f06966260ea3c2b7057b8547873d91da7f358712c5f31,879a6c304ea6ffd8c458d9dc333b295f884e0d65f90e4f864ee40e163aa04643,926e085057a2dffe7b36960de240d5811797d5ee8d0f708272aad48b0133b085,54a6c422671dcb0bd756784b1932ff03d03ef49fad8d4e5316d4707041346b88,2369aeccdc7401cfc4889f9604d5e3f82f20467de01ee71aa966c5c648e995bf,"indptr=int32,indices=int32,data=float64,labels=int64",0,0,True,0,0,True,0,0,True,0,0,True,2.77556e-17,1.84615e-16,False,0,0,True,0,0,True,0,0,True,True,True,True,True,True
50,Республика Хакасия,2004,12,True,True,39747aefad3ec159e3857f739ff47fa65c1c451118c4af806c44e2460eccbe19,71351b8187591beac680887c7dedbd43aa53ecdefb2c11bfb2a2cd460fc50538,False,False,bab397f1ce1b4f2a5f6bfd602aab9e08c4d156addaba759c5312308e63d89cc5,11e9f398b0e26239336eb44bbc9f9b91b7288e31c033309ad0da28e192171a97,7520c8da9dbd38a746e7da44076511903805c05ab8eb7dabe1d90b4560c92a65,0908977d28e3599ec608896d2238e20b943bd97d0bf7b4d03bd741d1c788a6fc,0a6c2e375ccdf324816a84ae117bde9e97a2d436562940e598bbc16a2e7ca032,0681781a63af5ef95cd1b42a2b06d0c07ecc64f25edb856872a1590bbd000cda,5f9348b20a3ad613283898f99880ff8b4892d666be8a93886ff94774224c8e6c,"indptr=int32,indices=int32,data=float64,labels=int64",0,0,True,0,0,True,0,0,True,0,0,True,1.11022e-16,2.17385e-16,False,0,0,True,0,0,True,0,0,True,True,True,True,True,True
51,Рязанская область,1990,26,True,True,486c145724e4716fc78eae4a4582b2f1a3d370a22a138e0c3ca4fae87fdaa8d2,3cb3180dab37901fc14959c12019017f2899d643d2d3c7bc2560e9dfb0a3eb93,False,False,90e02ed846696f2e3d26107884c652d519155c6d5c0a36a9afff3a31a9b955c0,69efbe8115d56dc420ba47562a5e2f66a6c180098e39c97351bb62d2892906e7,93937d6bff913ed3a232df07abdb730e1f9d69dc5def85c72739c0743c70b417,fb4bff445eb98f08d1bdebf3e2a316679fad14841cc88792747f60006da4462c,8e9e60ee6334628899525816dfcb26d62779a14f451dea432054c88a913c08c1,95b66e526a2d11a413e54ac235f4dcf609a9a0f6264664b9f89548591d7cedc3,c26f6c1068f26f63397f18cf6ace898b462f1657a3d8bf3eebe939beb5c3618c,"indptr=int32,indices=int32,data=float64,labels=int64",0,0,True,0,0,True,0,0,True,0,0,True,0,0,True,0,0,True,0,0,True,0,0,True,True,True,True,True,True
52,Самарская область,1980,36,True,True,4e854a8fe5d4d18cb9d1fdd0241849376568743cb015111850a5b916012de224,9fc682e124103cf22a7928a1940ad07e31faf6d52d128eda82033ced7cb75cfc,False,False,39ad7eee4842644d1cb74edc8ab8a10777adec5dc0b9fc10a197d03d0221f42e,3263050f83729cc02b5d22df3a7e811d8ec58aae6fa52d152ce0b6b8a8c83bc8,be89532377ab109652103053adac59207c3febcd0ae672f622dcec98ad73162d,61bef377315e833fdd6533be993dd8e07ff305c2f9cc5ac9af313a0789759d0e,984f6d584050c0234ad17e8426d11fc900b8e3d9c008903dcafca9d6b983a62e,4a47e90eb098678d8ff70964a617521b98028dd9324f9ecabd03133b736cf1ed,bcf2446061ea9ef4758c8471d293d1c9f510c71e78f601cae886bd5016524896,"indptr=int32,indices=int32,data=float64,labels=int64",0,0,True,0,0,True,0,0,True,0,0,True,0,0,True,0,0,True,0,0,True,0,0,True,True,True,True,True,True
53,Санкт-Петербург,1918,98,True,True,36d763d1d55aafd720a2570486c8358ddd09b1059a38b452759f56c60dd3bd3d,61ab5189767ed7b10b415b5a87080c63de3b0522b034e64ac4dc054214e6d931,False,False,67bec754e78d8eb37e1150df2c75124832b3887f69823188728aed800991eed6,d6e7b06f5efe302f0167032335ae5501f25d496ec632f8b2697fbabc0adeab5a,61a941d8ae6dade9924297b9e3e52efbf48a8e452e4c3fdd135a35b45298df27,2037777628c08027cc784bd9555992a6c42cbe9dab13ec28a307a7fc9125edae,090661bd73d0e489e87d4292d1eaece4980a0eeae9578f264be2527245599012,1f3ae5adc77358e0005f152e1010e22e23c0d3bf5b9caf0ee9b13af29211ebf2,7f4e9cad06a01120dbed810bdd02eb0aa91c35efb104a08c6dcb02824d849a5f,"indptr=int32,indices=int32,data=float64,labels=int64",0,0,True,0,0,True,0,0,True,0,0,True,0,0,True,0,0,True,0,0,True,0,0,True,True,True,True,True,True
54,Саратовская область,1977,39,True,True,25957ef3edb52023c317fd8ce47823f235ce6dc2ed412945bd29f3626c5952ad,4bd65bc7a1161a49022d0f2cb8df75228f804d6802b0da4280dfc4bb2fbafb63,False,False,15f3d301f227279225a37105c90a1b7eca656b2322f0a177ca3830f94c70552c,f9816cce2a5f5315d4777fd7e5d355bf08e1f8d4c6cfd3ed195bb50cc80ff9fd,a9b9d3773460017726bfee9a4acfd982b60de2c89b86fa99786ec2acbc14459c,5f6f42febfe3eba3897452925e782675c50016f4fd8f687847bcc65acd158697,af4ea0bd9a5d671615d9c702a5bcd54b9fbeb8ecd5d5701c576b830cb6cab6ae,72faf13a3f438eb2c0f3e7aea7beeb50e42ace33b7e52b6ec428969fb47e45ae,41cb512b991256c748fd9d3d5e04c6287736b6a6da9cff8ebea23a8124e74b79,"indptr=int32,indices=int32,data=float64,labels=int64",0,0,True,0,0,True,0,0,True,0,0,True,0,0,True,0,0,True,0,0,True,0,0,True,True,True,True,True,True
55,Сахалинская область,2000,16,True,True,ec94752bbabad34b609f87e3765e5c2d5618d40aeebfa724f05786d1c06796c8,776278d2a3e943732b22e7b09710182e3f1860ccc96645ba69b9877f450ed511,False,False,a13aa2712f77b3b4dc733fe96de8cc6415add30bbf4e1d526fc43ceab7a49de6,7d95ab9ccda8c2ffa94685de331faf06b0a985247fb1809efcbbff576b3c8617,7a9d829eda71fb29d9c3888eac52dcf9f91bef2d6c5fc36d4a1498eaf9cf5754,da8e1b8d67652614daf3bd3697ddd795bae935d60dd70bf25291de719e920758,f7c46ab8464ba82b7444807aae5f9c831b3ddf51e167efdf3e1a0976ae6da138,1657d8b06256abc82b0246b8f1e1ad5edac519fb808f480081f28f5c0c545c68,b26e559a7aee4a65d573f4c8e447c4bcf2b659153ea7457717e3f22da1b5a46f,"indptr=int32,indices=int32,data=float64,labels=int64",0,0,True,0,0,True,0,0,True,0,0,True,0,0,True,0,0,True,0,0,True,0,0,True,True,True,True,True,True
56,Свердловская область,1952,64,True,True,bd1a39fd4f5b444931ad6ed3221f70ab56c772f29a3f3a301b6956e5324ad953,13b64e4ec559c974f010a4f473ec2820106628366d21e0681e054898915f2d4d,False,False,c8df4b23a6b6199682d532a06b58966d02caaee7dcbcb88e5d8556d91f861d54,1529fe3807447de25127f4b8170f6ef103f90d24aae55ff7ff4409deee9a4fa3,d804bea88239b55941a47e7efc5d5ab155694d47bcc29f04b5d6b19ab58a2898,807e1964879b786fbaf29d28cc8ec48b6f12e504e15b6b83b4104ce378f8f9dd,16c0aeee7d518a1a3ee6573329a46627408c5093c81052c73dfc2dc302035a50,a29185a05c0d9300cc601b4c022ac74a0162a1f46f93cdd0a7d55dbf28767603,642100268d378bc72c2795868b9332a9463dc79cdd30e8f5f908b51e5e8c82e8,"indptr=int32,indices=int32,data=float64,labels=int64",0,0,True,0,0,True,0,0,True,0,0,True,2.77556e-17,1.83749e-16,False,0,0,True,0,0,True,0,0,True,True,True,True,True,True
57,Смоленская область,1989,27,True,True,8ede58731c6305eea8729895f3401c02b10f1c5f622cddb9510ff0bec8af5bf3,26a0e3e08aebf6f26fe5854a1776b496939e31575c60bf76cc2047ab9b0717ed,False,False,97acce3d21ebb6e62b305aa5b1a1914940964afcd99bbed37033b122c59131bc,350025da2b10522f65f93f5a1216d61eea7e97427a647c00ced61387f2dd9918,e17b120ddec64c4d4f236a1582a501c16f62e1d491c2ab6b1cdeaa4fa256f998,26d0f45cd6dcf1e1d8348037c7c2b3b5b5d9183c0963f994b9ee307e05303297,8897a635672ed27e72a4572252608ecd643f5eb091da8e00c8fb59ad3bdabf9e,ba145531849c243ac7262a1985e67516b365b20080189e9ea419f31379882699,1b6b624e9d2e12193b0954f744c77f88a8ed5c43ae34f957ff6764d0e78f7320,"indptr=int32,indices=int32,data=float64,labels=int64",0,0,True,0,0,True,0,0,True,0,0,True,0,0,True,0,0,True,0,0,True,0,0,True,True,True,True,True,True
58,Ставропольский край,1983,33,True,True,15fed2f0af007cbc8437087977632567bc7526d74148d10214971847d8ab619f,0d55d967105f3d86636078008b1c4244b64d3c20c3e060e6f012610bff8921d3,False,False,359781b9c418698286d51492614e1e8d53f7019adf0c94a49a0dceb07139f6f7,a2ab8498b4505530a28975a96af779b2a28ff489c6bd50f457f20a65a9826e0d,1d8cc804d0fdc0a7c73546b47f13b031b4cf758cbc98a50eee3c69d95a245c49,ab1f2da8363ef8ee5c77b432f2632064bae658556fd3efaec7140845a40587d4,7aea349534f475da70a049e123af7e8f6530cd98bae2452160369a4cbbfea8a2,11bef2ab74c192f2f004deb42d085b68a53eed641fd6eb0664c33dd7ccde5e9b,55c83e4b138180877224230699cc93b896dde28e9cae8914ecf0c06ff032ae69,"indptr=int32,indices=int32,data=float64,labels=int64",0,0,True,0,0,True,0,0,True,0,0,True,0,0,True,0,0,True,0,0,True,0,0,True,True,True,True,True,True
59,Тамбовская область,1992,24,True,True,d9c7c3d0a23a35af24d228856950584d8ff02f36ab3dc022c7718af6fdd7d816,1fd4aabc780df4785a97cd494611044bb9c3adaa84c8789950611313bedb8f25,False,False,c442d051da54caa73eaa4d36adea6b752e8b7d8889b282b7e090193cf644677e,adb1294fab4f1e034fd942ceae3921287ed1092a13602b7ec247f982721fb0c6,978badc6acdb8be12d300545c8e5c67a9c5d90138c6b56d69c015cf42e81676e,e1ca6444617a1e80a24af85e6134d5ddf1cc0c0b58e5de6a9555eefe2a897be9,6dee54e98e7fd4e5142325c8e7ddf3341e51710aa7063d0321a7962bb3e81fbb,94c69bb26a1ba9cf88bc4c3e83ac2e2a641022b5725fecd3149dc500ddf59eac,181839d3cb58e37cc99915e71770166c350bbd3e486a45900746f7a413849855,"indptr=int32,indices=int32,data=float64,labels=int64",0,0,True,0,0,True,0,0,True,0,0,True,0,0,True,0,0,True,0,0,True,0,0,True,True,True,True,True,True
60,Тверская область,1979,37,True,True,8f57dd5bc9324b1923c35a8934079db79885eb79f33efb5ad13dbb27aed232bd,0be8b1319492bf2dc94c425617656398d0b38f7ff826688edaa215461f193efa,False,False,bf9e7f9b1845794a963bc591492fb34f25794b4017bfe832096e4af7e7aad805,45368c370758a29e0a855645fa03bb92def77ccaf8a9114c4a3502a82dbeacb3,315096888e305f1ac830abaf9991e778ce93b95cc5ffd349c111f333a24e1402,42f4065be94cc709c2980e8be5abbe7345036cf511aea6015c2af37eb746d862,63dfdf6eb1a8e0fde2f6554246949b81adf8f9ff8072ef3f6291833c9b408dfc,0cb1a8f6e70f77d4ffdfd302dc24de40a0e8566a123ec1937b82359fc5034ddc,db8da19a1544c20db7e77474fba5c11e6aaa202c828e77ef00600c546db28027,"indptr=int32,indices=int32,data=float64,labels=int64",0,0,True,0,0,True,0,0,True,0,0,True,0,0,True,1.66533e-16,3.39638e-16,False,5.32907e-15,4.89172e-16,False,0,0,True,True,True,True,True,True
61,Томская область,1997,19,True,True,678878e7bef04b210e640f4e6c12239306e5951b044e7967d285237e72434d06,a5937b1b0ddd1c73ee621d17c150aed0fe6ce36a6eef06d4fb75d3a88ba78308,False,False,a22a4607307954d09703632de72049fce1ff6b31952c9769728e6739b770ae22,a40cb494818c2d17929d2ae6f4b7fc4524b9ed2ecd2fb6c963eed5809a03d633,42c096273a6536e79a4b89f7abf06eff4a07b5a62b123faa7e8cf5b389774f79,e2ef293e9a9afc48da8ae2cd172748834bdea5a4451f13098e60ba2da6554911,5d7da080b077f4cf26d5c152ee88a1c9d580ca9d034a3a30c1af8a775117293a,865a3fa45ff5ba59639b1f541b1d7dde5c1d350a2b63c46215e3a38fb27ef57f,43f0190df6be0ad633ad0c74c6b555498df051f3c4df7659936ef167824bdbff,"indptr=int32,indices=int32,data=float64,labels=int64",0,0,True,0,0,True,0,0,True,0,0,True,0,0,True,0,0,True,0,0,True,0,0,True,True,True,True,True,True
62,Тульская область,1992,24,True,True,98b465ee416b71e889923aa9134fac8596f3659eae6151f318fab06c053bbac8,8ecb2f6aff1ace96d242c3f8dfb9752470b1b904c21719f0e4eb0f6bbadac6a4,False,False,e3716dd76ab00d589f3212fc20029d55e18586bd36f2267652ca8504e5578bd2,33b8ae7c85cd8d5e88657d1fbf69182ea8160c4fbb21b8af7670d4adc84c6c36,f169ed660d8c2b59237387ff4ab66bad7f1e1b80f168d0e2aeb62383ea988ff4,6e27cba846ed6ead2b1b59bdcdf106abaa2c7323c79a97a5b581ece3807c7db9,4013b38b474b71c9f9ef0986946edd94f085659c6d62aec973e534ffc9640e37,a54a49b6ea0a837176b7be1c152469e632244a3ce96b48b0c90f4f5aaa113185,357736667d6046a57c60b41fa4c5474cf1ac7c9cc23c6ede9467582b149c55f2,"indptr=int32,indices=int32,data=float64,labels=int64",0,0,True,0,0,True,0,0,True,0,0,True,0,0,True,0,0,True,1.77636e-15,1.63437e-16,False,0,0,True,True,True,True,True,True
63,Тюменская область,1992,24,True,True,1442dcb75a8821aeed17cecfae60943568f945ff0397851daa0b73f3b6d9ff32,f8d160c8382071cde7ac3412b84d5cf52ffe17f74ef6e234287ff7b9cd9cbb9c,False,False,c0577b110bb300d7ba3ecae04237c776f5277b1c884de3dc39dceb4bc942d948,a5c3293352f2521a74b8a737c9c971bfafc6a6c92c76bbe4c0d3dd123d521211,eb8c74420eba0fa7bc9587d40e5e0c8cd904f0ccfed9e6d646954869913e8014,74de682e5188f4264575713e3dba162f1f399e66e22c5e4951d2d60bec4c2967,5fdb1fd39f8d26b1b523f87cbaaf04a55ec5df34e8d6efde07f03d6d2d6a264d,3cab03c368701128acffee5a1d4cb2fde467de288fe2a0e1157204694dbc5d95,77ebc4f358cc60cddf998d71339112aad224ff93fb9d0dcfeb84b0f75d79bd72,"indptr=int32,indices=int32,data=float64,labels=int64",0,0,True,0,0,True,0,0,True,0,0,True,0,0,True,0,0,True,0,0,True,0,0,True,True,True,True,True,True
64,Удмуртская Республика,1989,27,True,True,0a85acd20eec8e84e541a199de6d4677fa77fdb33e2b2c34c913f9fe77f0c1f2,5c710a972817b38960a0c3f82cd99a296b106e41c86effe6acef40f417321cf5,False,False,bc0204ca58ebf8f44d97346f07293e80f08e1bffb268ad6fb26ce57bc03cf644,09a8f0f8bdcaee2377cafdff9a6ce95c26ab6eba513e92fb73c17b6ea0b3b7e5,a08b9156d25cd24ce836ed68d06befa03e686a80656c000c24df8dfce814c5dc,d6378d0087c9dd09281bd9e32f3cdb7aa46f1eea5f6f374046a183319c1471ee,8421b0671d38b12a445a931e856c1b405123f54fcef01fbcacc7ef770835018a,777dfdd74d98c5d818270b5e7b072d47dae988c0c6e04cde4d06cb6f6d38f274,c14d2613427fe4226f4613b009470d5b249ded6272292a77f3f4f13336fef403,"indptr=int32,indices=int32,data=float64,labels=int64",0,0,True,0,0,True,0,0,True,0,0,True,0,0,True,0,0,True,0,0,True,0,0,True,True,True,True,True,True
65,Ульяновская область,1995,21,True,True,1bd85405779bff757be90a7ed51f9df7af4770cc9b26110d8c2383d68a9cd4dd,d20e023b9eee68477c88abef86d82d4ca1e8c089304872e3ddb4d8ec7c6f02d0,False,False,27bcc12237ba93116f3092310ffe1df2edb6d5b1fcb83f5aa6f1ad119c393c8d,722db29d61f798896f0a13f860399bd1e501554a29708519fb2740af828e35ba,221fa51609abaa81238c1a6ac6b8b3d022ff676e0fb1e46d28dc55b73c5f0702,9792276464dd4821237ef4d9c425260ed026a638589385862d19b4e7a2bcb3e4,ece3d4960df0ecafa3287f6c8bcf606a1fe549d0cb59721142304bbb3d1ab8f0,67a1045a611c80f4579dad921e1786414fa8c25b46d154bddc7dfe0fd2b5b7e7,bae2d5c325bb7e0464f57022dbc491d693d47d612778bed24b6fd993d8235c19,"indptr=int32,indices=int32,data=float64,labels=int64",0,0,True,0,0,True,0,0,True,0,0,True,0,0,True,0,0,True,0,0,True,0,0,True,True,True,True,True,True
66,Хабаровский край,2000,16,True,True,0cc0c919b6782c1bd505ca2f2ac9a876b3b114dca74496caaaccf6cafa9d7b00,f5be91b25077eeaa69643526fd5c9cd40c52c0c9e311e5e2faf4373272937b0c,False,False,a61c5a556407394de256c5ec24f6e2872950dc626361cff819e348cffc52eaad,2c333ce1fdeac9f45c3f285d7ca3273428de030573f9801e7fb1da9ba96cb74e,ae6830a29530a1ff7d3fc881e1e184bdb3ce68cd39754f8d40f27139c4edb5d9,cc37fc35cbd98b06f8b122180969be4d006c224e09644a1acff8c76cfea05967,f55f55cdfbd3e84e3a6727da253a64012d6f24d70b3d34090718b000831fdb55,788588cb7841e71c15cffbae3366c71b8156b81f837b440b0aa8bd2541774c44,97a30fed73091e4ef27679aad4d776806a07035c9830ee6605ef19a804c177b8,"indptr=int32,indices=int32,data=float64,labels=int64",0,0,True,0,0,True,0,0,True,0,0,True,0,0,True,0,0,True,0,0,True,0,0,True,True,True,True,True,True
67,Ханты-Мансийский автономный округ — Югра,1994,22,True,True,b5e10317e4a29bef8ac33742a7557cd3589263b4f1ce205002cdb9dc8629d47a,f8757ad7871eadfbce1cc62bf2c110b82cde5f347ccab4f2f7f110e813a0ef87,False,False,47bb949f88b1acc7dce81c65c9bc804d99498d17e8f2c04147268b2e2fefcc69,2a64d84f62dd6b0e88b6e532a116c0bfa6543b1ecf74d4b6e7b2b5a965945e79,258fe45f2a719452286a9d637baf6b1c7a8bd120feb18d6b1cd78c6a7ecad896,0fdabb803837c43ca2f0b7b746092c56d130f143b05d90ed34e443f7b2466ea8,0a389346a7b51d4207264a3dff01da47da8c98f2962a0ba3bc1a111753e457cc,ee759c23cad323f893644267c2e26b33cde627058dc1ad125ea66500acbdb0ec,f67eceec1a68ee9739ed49dba9c76f03cafdd0e1418648b3f886afcbfacd5445,"indptr=int32,indices=int32,data=float64,labels=int64",0,0,True,0,0,True,0,0,True,0,0,True,0,0,True,0,0,True,0,0,True,0,0,True,True,True,True,True,True
68,Челябинская область,1979,37,True,True,bd24c65c6d92189a74fa32ab3f3816e94c857f6a587008092c2262c48233f10d,8ffab34784f8d86a186abe1d4a3c1553a94ebd72941b5f8e5a5179f5c625a5a2,False,False,a2a87b5b9ff8191a895b455102b4810434cf029ca2f46abb77d6253406c36d3a,568cd856ae3c537ac9b1776955275f10a4927565841e367e3b420a175d20852b,fc0256608948cff5cab7803c8cc1ffb3596edd8a1eadbb2b6c0612903b3855ab,06617c5e9e9b43f1d4be5b01cfe6b022120c6ae5b6665a045309e3cd54dbff19,e69c75ca2d741b3cf32a9660ab013bb1ffa1638ec79af7615843f8de7630ee69,7eb73bd3b25db67628fae32dd93bd4f3da4b490d00bd79c1b5cc1ec05ebf8e6b,de995a3e6c66997dae91559210826ca47eac4ded492a32654e046d8c481da647,"indptr=int32,indices=int32,data=float64,labels=int64",0,0,True,0,0,True,0,0,True,0,0,True,1.11022e-16,3.99674e-16,False,0,0,True,0,0,True,5.55112e-17,1.14601e-16,False,True,True,True,True,True
69,Чувашская Республика,1993,23,True,True,319489c912c16a08d70916c2ac6701c88b7f021814e1c550bef1116b7e5f2deb,f2949f42d87c09d74c378461e6cb79c0c17538abbcf1c197b593f0a66e503885,False,False,eebb3f9e0fbc2dbbe7a5a9be74c32801dba9e24b61cf210ca4a0a91f4b959d07,6cdded45590f9881c4bec23eeef03c68edcf63b694db644f27488a3ca7e3b6cf,4208d6d16e3536d50c849a34a12b88acd347d3253a6d5f48872a96d5789bc382,71928b7065e7033659909a4cbe0bda5150a8bce5859c78cd513f5c1c0914baf8,30fd621cbfcc27c9b9748e405f3f7c28401a0ef0009563cf6dc397dcc663eb1c,517cfb8cf9725782764fc1142723ec681da7020b200ca34efeb3b0708c849370,9b486bc88d2a7c0a7de41ad380d9441e83a68c22898a06c9090ceb196285f117,"indptr=int32,indices=int32,data=float64,labels=int64",0,0,True,0,0,True,0,0,True,0,0,True,0,0,True,0,0,True,0,0,True,0,0,True,True,True,True,True,True
70,Чукотский автономный округ,2012,4,True,True,402c319ee0fd5c1420bb2cb0ef054b5c5e554d63e94b7f6854049d9cabf53325,ff4efba03cb31ab5fb32b6964b60d49237058c9644eabd1d141f100b7c5ef880,False,False,b521d6e79b9497ce257f6a275bd8491d5fdcb9d701840fae61484c1fb2521d43,48ad0cb868ac105cd7d14d5230af02d360163de03907e4c1b06b9b4a5fd7628f,15ee5f9ec67512282646a88afedb8c08a2c5c0a549d18aa8906850d3cb09d9a1,72256ae2d98b491eb6553db4fc57e154099919e5e56435f54ad1c7366f023a94,dd7d914e707d831afa6f6b6f4ecde60ccf60f3e34e9356df0f06b4238aaed485,302cb22a3d6ce0a420e95c3f49774aeff08badea83c55fd2b3f7d8edbb45151b,567a7d7743b403f78a7cc7fc6d1472e5cc9cd6c66675e7a21e92ef38cfb1d3d7,"indptr=int32,indices=int32,data=float64,labels=int64",0,0,True,0,0,True,0,0,True,0,0,True,0,0,True,0,0,True,0,0,True,0,0,True,True,True,True,True,True
71,Ямало-Ненецкий автономный округ,2003,13,True,True,34870e212db21eb7d89d8b1314b9ecc21c9bd186c374d71c87cda56e6cfddb8c,165496ac62a4097326a630fa77a472a8d83a62fe01f59201df1f29a6f35c2016,False,False,bcc2beccbed4d63b7b725a889ea42b9bf5d17ec86ef8b3e9e55e27b1dacf3436,ec154eeb7b2f5c727e9d089e707f79fa37359c205b7bb4ccc4bb8581ca784899,459c32b6e4c5c4e716d4deba2d0f6645ab69ac8d0df100e8cc6d0e8f9fb290e7,3692f0822b47211c63df05814feeacc1795141521a6c239fdd35adc967a768b2,42ebace4ab684908c336165667912309a36b7e8cd61ea343c7bd01fa3957fb85,de8a4ab7cc141441616a0e057160060e45a708d502fc889c95afb2cb02bc520e,616b0de0e17835ab2070eec18564868653e3e40438c8415f53da7a951deac6ea,"indptr=int32,indices=int32,data=float64,labels=int64",0,0,True,0,0,True,0,0,True,0,0,True,0,0,True,0,0,True,0,0,True,0,0,True,True,True,True,True,True
72,Ярославская область,1997,19,True,True,d456673cb6c10c23c4d8ee5c1f164d5f37164a336cc8066ae26cc3f18d3906c4,bf041bdb12bd6203e5514ac3d1ad82e45de8f57c2c473ce4cf618f39ac732693,False,False,a2f6b1f5429f11da007135b0f23c868e255b5b81679f1b83ad656b59ad67aa6d,24b3d81331fd24e08e96487edbf12494f6669367781cbdd51c5e56c02136efdc,354d76dc0dd78cd3c8cfda5164726ef132bf50176d89548504d20a49d4251b2c,f624e49876b70adb5415ff84dbc4fa09720a08d2e2f616849c9d64cc99366acc,6bf1d07e630e3ff548f3cb572ef1cb8b494f511dc442782a6195ac78f5075c2b,6133e933fc927925cfcf711840f74b3ac6128fbc7105d3897677de9f26b96472,b9647f96e1c0a0fcebc6ca48e822f91c9d4933d32c13ae1e635d6cb8a5af8064,"indptr=int32,indices=int32,data=float64,labels=int64",0,0,True,0,0,True,0,0,True,0,0,True,0,0,True,0,0,True,0,0,True,0,0,True,True,True,True,True,True
