indicator_id,ref_area,period
02ac396a-9019-4538-8d1e-a4e2c2cc693b,городской округ Котлас,2024-12-30T21:00:00.000Z
030f3a7c-1221-4580-af9c-bb58dc52240d,Выборгский муниципальный район,2024-12-30T21:00:00.000Z
0330d657-2773-41e5-9249-ea530155d21f,Верхнетоемский муниципальный округ,2024-12-30T21:00:00.000Z
0556b81a-80c3-40ef-87f0-19f26df8a630,внутригородская территория города федерального значения муниципальный округ Купчино,2024-12-30T21:00:00.000Z
056a3cd5-1b1a-4e33-bf6a-aefa3d393bb9,городской округ город Коряжма,2024-12-30T21:00:00.000Z
0604fe79-a213-4815-bffa-35742a3fa365,внутригородская территория города федерального значения город Красное Село,2024-12-30T21:00:00.000Z
063d3436-d447-4e17-8ade-d5386cdf7353,Вологодский муниципальный округ,2024-12-30T21:00:00.000Z
072c07dc-2268-4d30-9b06-8340bfbf6194,Куньинский муниципальный район,2024-12-30T21:00:00.000Z
0865c248-7c04-47c9-bd2f-10ad38f2055a,Белозерский муниципальный округ,2024-12-30T21:00:00.000Z
0a31184c-25f7-46d9-9fcc-f30622ce4412,Кировский муниципальный район,2024-12-30T21:00:00.000Z
0b1d2e50-cf73-4101-9d10-eb6467e3f40f,внутригородская территория города федерального значения муниципальный округ Балканский,2024-12-30T21:00:00.000Z
0ba0c4aa-b1e4-45d6-b119-06fa5b0af29f,внутригородская территория города федерального значения муниципальный округ № 65,2024-12-30T21:00:00.000Z
0be0a138-173b-48e9-aa60-5b5d61d3a4bb,Онежский муниципальный район,2024-12-30T21:00:00.000Z
0c6bb589-3956-4f27-8410-b2a1b26ba48c,Сланцевский муниципальный район,2024-12-30T21:00:00.000Z
0ca8d414-d30d-4a56-8c7c-49e44b553b33,городской округ Гусевский,2024-12-30T21:00:00.000Z
0fd01732-2daa-446d-91f1-30803d629ee9,внутригородская территория города федерального значения муниципальный округ Озеро Долгое,2024-12-30T21:00:00.000Z
10709952-343b-45e6-93cf-2824cdaec47c,внутригородская территория города федерального значения муниципальный округ Смольнинское,2024-12-30T21:00:00.000Z
11117454-d8ca-4652-b1a4-6fa8555442f1,Вельский муниципальный район,2024-12-30T21:00:00.000Z
11213f1a-0f83-46ca-9e5b-bd6bf7e77eaa,внутригородская территория города федерального значения муниципальный округ Гагаринское,2024-12-30T21:00:00.000Z
11464f39-479b-4567-8bb4-4bee29ca1798,внутригородская территория города федерального значения муниципальный округ Большая Охта,2024-12-30T21:00:00.000Z
11bed532-39cc-4a8a-a647-ab94a8b57a3a,Няндомский муниципальный округ,2024-12-30T21:00:00.000Z
11e590fa-746d-44c5-b9a4-bfc909e9c929,муниципальный округ Багратионовский,2024-12-30T21:00:00.000Z
11f47795-0805-4359-9b33-a13f12b231f3,муниципальный округ Крестецкий,2024-12-30T21:00:00.000Z
13af79b5-c5bb-4584-9e28-a486fa3a11f2,внутригородская территория города федерального значения муниципальный округ округ Петровский,2024-12-30T21:00:00.000Z
14863c75-0d9b-49c2-9921-6e13ce064670,внутригородская территория города федерального значения город Ломоносов,2024-12-30T21:00:00.000Z
14e3fc6a-4bea-4009-b789-d6dbeea0c6fa,внутригородская территория города федерального значения поселок Песочный,2024-12-30T21:00:00.000Z
15baabee-4d92-48f3-8dff-a1c50682ae19,Тосненский муниципальный район,2024-12-30T21:00:00.000Z
15d32693-4f20-454e-b08f-ae550547825a,внутригородская территория города федерального значения муниципальный округ Светлановское,2024-12-30T21:00:00.000Z
174de835-09ac-46f2-9ca2-9b6336e74332,внутригородская территория города федерального значения поселок Стрельна,2024-12-30T21:00:00.000Z
1838f5bf-1bd9-487d-9b35-2911509eb8ce,Лодейнопольский муниципальный район,2024-12-30T21:00:00.000Z
19229399-6c93-481c-b18f-9afb840024d3,Чудовский муниципальный район,2024-12-30T21:00:00.000Z
19c6071d-ec04-495e-baa6-a517103953fb,Волосовский муниципальный район,2024-12-30T21:00:00.000Z
1abd5eb9-41a1-4e43-b61d-796fad3e91e0,Приозерский муниципальный район,2024-12-30T21:00:00.000Z
1ceacacf-d48f-42e0-ba44-abc3705db083,Усвятский муниципальный район,2024-12-30T21:00:00.000Z
1e36b403-2179-4e07-b59d-7eaba08d3e54,внутригородская территория города федерального значения муниципальный округ Посадский,2024-12-30T21:00:00.000Z
1ee7429f-de95-4e9b-b81b-74a989bee72e,внутригородская территория города федерального значения муниципальный округ Чкаловское,2024-12-30T21:00:00.000Z
1f844435-07c9-4bcf-a91c-7d7346029964,Окуловский муниципальный район,2024-12-30T21:00:00.000Z
202cdfbe-4011-48c0-8422-78b38fbac050,внутригородская территория города федерального значения муниципальный округ Дворцовый округ,2024-12-30T21:00:00.000Z
2078b26c-9842-4bf1-810e-b5df0f95ce1b,внутригородская территория города федерального значения город Пушкин,2024-12-30T21:00:00.000Z
22ef1dbe-5623-426b-9b5a-57c7876378d9,Волховский муниципальный район,2024-12-30T21:00:00.000Z
238c3e83-6c33-468b-a5ea-3e16fc0d3a4a,внутригородская территория города федерального значения муниципальный округ Прометей,2024-12-30T21:00:00.000Z
252c5a73-43e6-4576-b1e1-21a8dc4b4026,Дедовичский муниципальный район,2024-12-30T21:00:00.000Z
29628270-4e05-42d1-bde6-bd94512dd1c9,внутригородская территория города федерального значения муниципальный округ Правобережный,2024-12-30T21:00:00.000Z
2992f356-2086-4b37-a7d3-65a29650e359,городской округ Мамоновский,2024-12-30T21:00:00.000Z
29bcbc72-82a6-440a-9e5b-b9d6709fb86d,внутригородская территория города федерального значения муниципальный округ Екатерингофский,2024-12-30T21:00:00.000Z
29cdba18-9f66-48cd-9964-cee1fa0dfa9e,Устьянский муниципальный округ,2024-12-30T21:00:00.000Z
2aa7bcf1-7c5a-481d-a16b-69d2f28d5629,Пудожский муниципальный район,2024-12-30T21:00:00.000Z
2ac4c554-bc1b-4482-8a1d-fcce56f890e3,внутригородская территория города федерального значения муниципальный округ Сенной округ,2024-12-30T21:00:00.000Z
2bdb319a-fe25-49e4-a8b5-3e5ebed2931a,городской округ Ухта,2024-12-30T21:00:00.000Z
2de9e8a3-d60d-4f81-9a02-1572ff43d078,внутригородская территория города федерального значения муниципальный округ Южно-Приморский,2024-12-30T21:00:00.000Z
2e73d92a-668a-4279-8a89-bf3cb89b8b63,городской округ город Мурманск,2024-12-30T21:00:00.000Z
2ed6c308-0a7d-496c-8895-e54d532b26c3,Ломоносовский муниципальный район,2024-12-30T21:00:00.000Z
2efea218-d781-433b-bd70-2f052d6b45b2,городской округ Советский,2024-12-30T21:00:00.000Z
2fa5e8e3-3850-48b2-a214-d9fbcf63e8dd,внутригородская территория города федерального значения поселок Солнечное,2024-12-30T21:00:00.000Z
35315a8f-6653-40cb-8735-d358191b479a,городской округ Петрозаводский,2024-12-30T21:00:00.000Z
376d99ab-fc4b-45ee-9dee-075062ec5eca,Псковский муниципальный район,2024-12-30T21:00:00.000Z
39668776-1281-411a-a9b8-1c237ab69303,внутригородская территория города федерального значения муниципальный округ Сосновское,2024-12-30T21:00:00.000Z
3be8da57-7424-4dc3-b577-8f8bb4d01d15,городской округ Костомукшский,2024-12-30T21:00:00.000Z
3c2e8d61-5d4e-4244-8433-242f49532f35,Лужский муниципальный район,2024-12-30T21:00:00.000Z
3c85ed82-6e07-43ef-a5ad-2a70d0fc37b3,муниципальный округ Марёвский,2024-12-30T21:00:00.000Z
3cee755a-b942-456a-8644-9c1c7978a9eb,внутригородская территория города федерального значения муниципальный округ Княжево,2024-12-30T21:00:00.000Z
3d843b10-b73d-40fc-981e-45060420bc1c,муниципальный округ Опочецкий,2024-12-30T21:00:00.000Z
3f501f52-31ed-4ead-8614-4c0b785c05f8,Княжпогостский муниципальный район,2024-12-30T21:00:00.000Z
3f87ed69-c5ae-445b-873b-74a1298cb656,внутригородская территория города федерального значения муниципальный округ Ржевка,2024-12-30T21:00:00.000Z
3fb1ae77-3799-4e9f-a625-9ba459d077e0,муниципальный округ Волотовский,2024-12-30T21:00:00.000Z
4117d511-5bdd-43ec-a882-c7cd4ad318b7,городской округ Великий Новгород,2024-12-30T21:00:00.000Z
41514ada-1e97-4fdd-84f8-b3e8294ee8b3,муниципальный округ Черняховский,2024-12-30T21:00:00.000Z
415b20bf-aa3f-46f6-aa57-621562ba189f,внутригородская территория города федерального значения город Колпино,2024-12-30T21:00:00.000Z
41a7690c-b077-4ec2-81c0-4acd2adca0fd,Харовский муниципальный округ,2024-12-30T21:00:00.000Z
41e30ec1-11ae-443f-92d9-d2f6cae82ccd,муниципальный округ Невельский,2024-12-30T21:00:00.000Z
41e8a75f-e031-4e27-92ee-b1a5c8a0d92c,внутригородская территория города федерального значения муниципальный округ Георгиевский,2024-12-30T21:00:00.000Z
46567305-076b-4ae2-80ad-d255dcc8bf8c,внутригородская территория города федерального значения поселок Парголово,2024-12-30T21:00:00.000Z
46f689bd-9a0c-4ee5-9fad-7c44a21a79b7,Чагодощенский муниципальный округ,2024-12-30T21:00:00.000Z
489afc24-4b6c-4ed8-9b7e-d4aaeca25a76,внутригородская территория города федерального значения муниципальный округ Новоизмайловское,2024-12-30T21:00:00.000Z
49355a50-5c1d-46b4-95ee-933aa51b8f41,Любытинский муниципальный район,2024-12-30T21:00:00.000Z
49713395-78eb-4500-be02-bd9d1d412db5,внутригородская территория города федерального значения муниципальный округ Пискаревка,2024-12-30T21:00:00.000Z
498aff0d-4d90-4e4a-b0d7-cff71f1129a6,муниципальный округ Пыталовский,2024-12-30T21:00:00.000Z
4a0f3cc2-f5c1-48ae-8987-b89c4048e4d9,Тарногский муниципальный округ,2024-12-30T21:00:00.000Z
4a87640a-c2ad-42f7-bb23-5b1c9594a5bf,внутригородская территория города федерального значения муниципальный округ Невский округ,2024-12-30T21:00:00.000Z
4a968a6b-f345-473f-9b6a-14b8e62e7bd0,городской округ Светлогорский,2024-12-30T21:00:00.000Z
4b1763d0-5dab-4bba-973a-7b871b90e233,внутригородская территория города федерального значения муниципальный округ Нарвский округ,2024-12-30T21:00:00.000Z
4ca9e40e-fc45-4b7d-86e7-2dcea9f96c3d,внутригородская территория города федерального значения поселок Левашово,2024-12-30T21:00:00.000Z
4d0aa5db-08e3-4b31-9a1c-d5903e3df320,Корткеросский муниципальный район,2024-12-30T21:00:00.000Z
4d90d582-9dfc-42b9-899a-e75b736ddccb,Новосокольнический муниципальный район,2024-12-30T21:00:00.000Z
4da5be12-a0b6-49ed-9ca9-67ce22cedc54,внутригородская территория города федерального значения муниципальный округ Ивановский,2024-12-30T21:00:00.000Z
4e5c86a1-2d8d-4b99-bab2-54c894771d42,Пушкиногорский муниципальный район,2024-12-30T21:00:00.000Z
4e9392b6-b7c2-4a01-9222-51cf35cc806a,городской округ Пионерский,2024-12-30T21:00:00.000Z
4f1bf4ec-10cf-433d-b179-4fb7fb1eb0a8,Ловозерский муниципальный район,2024-12-30T21:00:00.000Z
4f7215c9-2f51-47a1-b092-803e9a4b9710,Плюсский муниципальный район,2024-12-30T21:00:00.000Z
4f7ae0f1-41bd-477d-bf51-5ebc670d0291,Троицко-Печорский муниципальный район,2024-12-30T21:00:00.000Z
513bb116-879e-484a-aeb8-0b24b0041a48,Беломорский муниципальный округ,2024-12-30T21:00:00.000Z
520cba96-b318-4b1f-9105-61788b519825,городской округ Ладушкинский,2024-12-30T21:00:00.000Z
527154ce-ac6e-4eec-90f1-5e014da98962,Сямженский муниципальный округ,2024-12-30T21:00:00.000Z
53518c3c-c40c-4fd0-86e5-556cc73e7964,внутригородская территория города федерального значения муниципальный округ Автово,2024-12-30T21:00:00.000Z
53c99a47-3378-48a2-9ad3-62b035804654,внутригородская территория города федерального значения муниципальный округ Константиновское,2024-12-30T21:00:00.000Z
5546225c-0e09-4cf9-9a3a-f4decbdcd65f,Койгородский муниципальный район,2024-12-30T21:00:00.000Z
5565d9ab-930b-4654-b32b-70b7ee2f2389,муниципальный округ Гурьевский,2024-12-30T21:00:00.000Z
569e5f33-e3b3-4cc8-8d2e-1595c1a2c78c,муниципальный округ Хвойнинский,2024-12-30T21:00:00.000Z
56f0cd89-576a-4389-8f7e-c339c600dbc2,Медвежьегорский муниципальный район,2024-12-30T21:00:00.000Z
57423db2-3f24-4cc8-909e-e7d04949a975,внутригородская территория города федерального значения муниципальный округ Лиговка-Ямская,2024-12-30T21:00:00.000Z
594f8e05-693f-425e-b64c-c05fddf3beb3,внутригородская территория города федерального значения поселок Лисий Нос,2024-12-30T21:00:00.000Z
5b844d75-3e29-4cff-80d8-ccc4b64300ec,муниципальный округ город Оленегорск,2024-12-30T21:00:00.000Z
5bf399df-9fc2-4035-912e-b298b8fa8f1a,внутригородская территория города федерального значения муниципальный округ Васильевский,2024-12-30T21:00:00.000Z
5d97b41a-cd15-4104-802d-bfeffe9235e8,Грязовецкий муниципальный округ,2024-12-30T21:00:00.000Z
5e202c29-56d0-4faa-a961-7a917b1fa926,муниципальный округ Демянский,2024-12-30T21:00:00.000Z
5e26c1c6-7672-4c40-9239-71cffd8bbc5e,Кандалакшский муниципальный район,2024-12-30T21:00:00.000Z
5fb8dba4-fdd6-4709-8327-d7f63dee9dd3,внутригородская территория города федерального значения поселок Александровская,2024-12-30T21:00:00.000Z
5fd1af1d-9b69-4346-ae16-3ef488c69704,внутригородская территория города федерального значения муниципальный округ Лахта-Ольгино,2024-12-30T21:00:00.000Z
61a9150b-7463-4b09-be44-46963b948582,внутригородская территория города федерального значения муниципальный округ Кронверкское,2024-12-30T21:00:00.000Z
62170deb-0117-4f33-84b4-27a83efdf22f,Мезенский муниципальный округ,2024-12-30T21:00:00.000Z
629dd6d8-6c87-4ccc-a694-d807abfa28d5,Старорусский муниципальный район,2024-12-30T21:00:00.000Z
655decba-d5d1-43ec-a80b-49642507b86c,Пустошкинский муниципальный район,2024-12-30T21:00:00.000Z
65b00ada-12af-4019-8e84-73ba1a4385d3,внутригородская территория города федерального значения поселок Шушары,2024-12-30T21:00:00.000Z
6647090b-bc06-450d-b95d-5ee329464426,внутригородская территория города федерального значения муниципальный округ Волковское,2024-12-30T21:00:00.000Z
66871304-b10d-4e02-9da6-43b65aa3a805,Сортавальский муниципальный район,2024-12-30T21:00:00.000Z
66992e53-1a4f-41ff-9f8f-0d9ee349b6ee,Прилузский муниципальный район,2024-12-30T21:00:00.000Z
6b12e0da-8d08-4a36-9bf6-dc521819bae3,городской округ Балтийский,2024-12-30T21:00:00.000Z
6c00c757-f154-42bd-879d-ab05773f20a1,Гдовский муниципальный район,2024-12-30T21:00:00.000Z
6cc14917-26b9-452e-80bd-9bd765327f8c,муниципальный округ Правдинский,2024-12-30T21:00:00.000Z
6d2334b8-434b-4c37-82e8-bed53ab0f6ea,Сысольский муниципальный район,2024-12-30T21:00:00.000Z
6ec06e71-ac33-4c40-9d19-5b232e79b5a8,Вытегорский муниципальный район,2024-12-30T21:00:00.000Z
70c69ed1-267f-4911-ac01-85666e4f6b8f,Междуреченский муниципальный округ,2024-12-30T21:00:00.000Z
71248b39-be87-4217-aadb-b4780934873f,Пинежский муниципальный округ,2024-12-30T21:00:00.000Z
71d10d2c-f2d7-4434-8288-6e371df26a3b,внутригородская территория города федерального значения муниципальный округ Полюстрово,2024-12-30T21:00:00.000Z
72458bd1-06d9-48e7-a52c-bce33e31f765,городской округ город Вологда,2024-12-30T21:00:00.000Z
72a03de2-6611-416a-84f7-ee37b9b66aef,внутригородская территория города федерального значения муниципальный округ Малая Охта,2024-12-30T21:00:00.000Z
72ff5c12-4a68-493e-afe5-c0543caaa5a3,Тихвинский муниципальный район,2024-12-30T21:00:00.000Z
7352b77d-e3b4-47cb-9649-3cfddf28ce64,Устюженский муниципальный округ,2024-12-30T21:00:00.000Z
7419dceb-9126-4057-ac25-ca5150f6a440,муниципальный округ Славский,2024-12-30T21:00:00.000Z
749123d1-3563-4176-b90b-f8d58b1dc5b5,Палкинский муниципальный район,2024-12-30T21:00:00.000Z
75adc524-1610-4756-a3db-a8f3ebb130c7,муниципальный округ Зеленоградский,2024-12-30T21:00:00.000Z
75b2a10a-223d-4b18-b039-83f75197467d,Киришский муниципальный район,2024-12-30T21:00:00.000Z
762569af-4128-47d6-b3c4-9b4367f659ca,муниципальный округ город Кировск,2024-12-30T21:00:00.000Z
76aff800-b405-4ca1-880a-7e4fd5d19a42,Кингисеппский муниципальный район,2024-12-30T21:00:00.000Z
777a3a90-9b0d-496e-80bc-997ef4c2f55a,Себежский муниципальный район,2024-12-30T21:00:00.000Z
78d69da7-ae19-401d-9c54-8a9cde462198,городской округ город Нарьян-Мар,2024-12-30T21:00:00.000Z
7a84a037-36e1-4fe9-ae2f-e3160099ed35,Никольский муниципальный округ,2024-12-30T21:00:00.000Z
7a9a70a6-ac0e-4ee6-a2b5-29c2b267f6d0,Маловишерский муниципальный район,2024-12-30T21:00:00.000Z
7b1ad969-58c4-4909-8e7e-e5269651a498,Усть-Кубинский муниципальный округ,2024-12-30T21:00:00.000Z
7b5d45ee-ad36-4e91-b080-09b353c5b11c,муниципальный округ Новоржевский,2024-12-30T21:00:00.000Z
7c29f4d9-3978-4720-9229-f0816b7e57d2,городской округ город Псков,2024-12-30T21:00:00.000Z
7c35c875-bf77-4b4d-970c-d88c7fc6e597,Дновский муниципальный район,2024-12-30T21:00:00.000Z
7daa9031-c489-4efc-b0f1-6183149fe09f,внутригородская территория города федерального значения муниципальный округ Звездное,2024-12-30T21:00:00.000Z
7fe3a40e-5905-417f-8c3c-185e854e8752,внутригородская территория города федерального значения муниципальный округ Морские ворота,2024-12-30T21:00:00.000Z
804aaf4b-d488-4efb-afa5-26923413f76b,Усть-Цилемский муниципальный район,2024-12-30T21:00:00.000Z
806ecd29-e029-4ad7-97aa-07b3fa57323a,внутригородская территория города федерального значения поселок Петро-Славянка,2024-12-30T21:00:00.000Z
80dd7255-35a7-45ad-ae43-aaa0a5018788,внутригородская территория города федерального значения муниципальный округ Литейный округ,2024-12-30T21:00:00.000Z
81325d11-b0c1-4098-838c-3015ab355a93,Бабаевский муниципальный округ,2024-12-30T21:00:00.000Z
82234112-b437-4066-b908-c6261ea0a284,Батецкий муниципальный район,2024-12-30T21:00:00.000Z
83fd0659-d943-420d-92db-13722b32968b,Кадуйский муниципальный округ,2024-12-30T21:00:00.000Z
849b1bf5-334e-4649-af76-7ded30792cbc,внутригородская территория города федерального значения муниципальный округ Народный,2024-12-30T21:00:00.000Z
854bab9b-3752-4c4a-a0cf-9ee962d0199e,внутригородская территория города федерального значения муниципальный округ № 72,2024-12-30T21:00:00.000Z
86379689-9b87-4e3e-b60c-4920998270a6,внутригородская территория города федерального значения муниципальный округ Красненькая речка,2024-12-30T21:00:00.000Z
895b86fa-e43f-49fd-8f98-5234ec475197,Кемский муниципальный район,2024-12-30T21:00:00.000Z
8a00e820-edb4-40b5-af8a-7c986d2c36e4,внутригородская территория города федерального значения город Зеленогорск,2024-12-30T21:00:00.000Z
8c76c3d1-12ed-4426-b7e5-34d0b01a157c,внутригородская территория города федерального значения город Петергоф,2024-12-30T21:00:00.000Z
8cc6f0f8-9e8b-4df0-b829-a63c2fee7b46,Гатчинский муниципальный район,2024-12-30T21:00:00.000Z
8e877dbd-f758-49ad-8e40-19c81bb46f8f,Удорский муниципальный район,2024-12-30T21:00:00.000Z
8f3ada9a-ae6a-4359-a4b1-cfd1bd94ec64,внутригородская территория города федерального значения поселок Металлострой,2024-12-30T21:00:00.000Z
90c711c5-66b7-4f2c-ba48-cf50c118ac11,Валдайский муниципальный район,2024-12-30T21:00:00.000Z
93e63770-54e3-4f2b-9c41-c311f51c75a0,Калевальский муниципальный район,2024-12-30T21:00:00.000Z
9449a7d5-33fb-4a63-9f2f-1d532bf5251d,внутригородская территория города федерального значения город Павловск,2024-12-30T21:00:00.000Z
950ceb35-0da2-45e0-ad5b-95029a7a9c82,Лахденпохский муниципальный район,2024-12-30T21:00:00.000Z
95b176a5-2956-4f4d-ab19-8493fa7d03ec,внутригородская территория города федерального значения поселок Усть-Ижора,2024-12-30T21:00:00.000Z
960d25cf-70a3-4573-8115-61e8933b3e4c,внутригородская территория города федерального значения муниципальный округ Обуховский,2024-12-30T21:00:00.000Z
979a9370-95fc-4d90-bad5-45a71f94b642,внутригородская территория города федерального значения муниципальный округ Юго-Запад,2024-12-30T21:00:00.000Z
98807cc2-a198-4134-bf49-5b6acc602262,муниципальный округ Озерский,2024-12-30T21:00:00.000Z
98a0cba4-e1b1-4e11-a04c-9327d4cf05f1,Усть-Куломский муниципальный район,2024-12-30T21:00:00.000Z
98b61e5b-4428-4cf5-895f-6a19b92ac57c,внутригородская территория города федерального значения муниципальный округ Измайловское,2024-12-30T21:00:00.000Z
9a1644d0-9f02-4aab-a1e3-7564055e63e2,городской округ город Великие Луки,2024-12-30T21:00:00.000Z
9c73460f-9bec-4cd8-b1d9-515fd7dd514b,внутригородская территория города федерального значения муниципальный округ Семеновский,2024-12-30T21:00:00.000Z
9d637bd9-ca12-4699-8a12-9a48dc822fb9,городской округ город Калининград,2024-12-30T21:00:00.000Z
9da6a24e-653a-4fc8-be4d-9ccf41f76214,Пряжинский муниципальный район,2024-12-30T21:00:00.000Z
9e16a1aa-39c1-4286-8801-b40e99402977,Кольский муниципальный район,2024-12-30T21:00:00.000Z
9eea68f0-7505-44ab-a881-0d5f672547b7,Лоухский муниципальный район,2024-12-30T21:00:00.000Z
a0143255-2de9-4587-9731-8b10a27da929,Питкярантский муниципальный округ,2024-12-30T21:00:00.000Z
a1b9effe-a7f8-4426-aee1-ff466336692b,Новгородский муниципальный район,2024-12-30T21:00:00.000Z
a1fbbdf8-bde3-456f-aebc-e34f31a6e98c,внутригородская территория города федерального значения муниципальный округ Юнтолово,2024-12-30T21:00:00.000Z
a3ac95b1-de08-4873-a81b-57fae9ebc648,муниципальный округ Вилегодский,2024-12-30T21:00:00.000Z
a3b34652-5723-4f8f-bd3b-5cd030b7d6f0,муниципальный округ город Мончегорск,2024-12-30T21:00:00.000Z
a422a455-facd-40e5-b68e-0970c36af416,внутригородская территория города федерального значения муниципальный округ № 21,2024-12-30T21:00:00.000Z
a44ad3f9-f57a-4f75-9827-9997ffb85e62,внутригородская территория города федерального значения муниципальный округ Шувалово-Озерки,2024-12-30T21:00:00.000Z
a6338ac0-1270-46e8-acdb-58f97a708fc4,муниципальный округ Солецкий,2024-12-30T21:00:00.000Z
a6745b4b-3d03-4b5c-a633-e03b77ae93cb,внутригородская территория города федерального значения поселок Белоостров,2024-12-30T21:00:00.000Z
a6973587-02fe-4db0-a964-83717e57760b,Подпорожский муниципальный район,2024-12-30T21:00:00.000Z
a6f39468-6eff-40d2-886b-8e4d5bfcb160,внутригородская территория города федерального значения муниципальный округ Адмиралтейский округ,2024-12-30T21:00:00.000Z
a702dcef-91ed-4e01-8f0b-7e4198b6f98f,внутригородская территория города федерального значения муниципальный округ Остров Декабристов,2024-12-30T21:00:00.000Z
a79ba9e2-2043-4464-9e21-d2a34e979995,внутригородская территория города федерального значения муниципальный округ Рыбацкое,2024-12-30T21:00:00.000Z
a7c053e4-7854-41dd-9a1c-4b181a16f9c3,городской округ город Новодвинск,2024-12-30T21:00:00.000Z
a82223bd-0648-4684-aac2-942cc5779ca9,внутригородская территория города федерального значения муниципальный округ Ланское,2024-12-30T21:00:00.000Z
a93c1d02-bb45-401e-b658-1178b87735c2,Плесецкий муниципальный округ,2024-12-30T21:00:00.000Z
a96800d3-dc54-4ac0-9181-435202861f7b,Боровичский муниципальный район,2024-12-30T21:00:00.000Z
a9bb6580-5ed3-45fb-8283-74ee15e10f2d,городской округ город Архангельск,2024-12-30T21:00:00.000Z
a9bda783-578a-441e-b669-596434b570b6,городской округ Инта,2024-12-30T21:00:00.000Z
a9d1d90b-0a64-458c-8eae-cd5fd437bfc7,Прионежский муниципальный район,2024-12-30T21:00:00.000Z
acd1c049-a4b6-4fc8-84dd-b0419b11c4fb,внутригородская территория города федерального значения муниципальный округ Урицк,2024-12-30T21:00:00.000Z
adee9e71-b092-4cd0-8645-921f135dad0d,Олонецкий муниципальный район,2024-12-30T21:00:00.000Z
adf47bdb-f918-4577-8f33-785d16bc4f2b,Бабушкинский муниципальный округ,2024-12-30T21:00:00.000Z
aeee7d9e-9804-4fd5-b36d-b8fb308270c9,Верховажский муниципальный округ,2024-12-30T21:00:00.000Z
af2d0feb-2b8f-4401-89b3-39810bfdd144,Парфинский муниципальный район,2024-12-30T21:00:00.000Z
b0c010fa-5e06-427b-b969-eff5d7041920,внутригородская территория города федерального значения муниципальный округ № 15,2024-12-30T21:00:00.000Z
b30f7abe-1b31-452d-ae11-115df2fca301,внутригородская территория города федерального значения поселок Понтонный,2024-12-30T21:00:00.000Z
b35b9225-2ead-456d-af5b-ab5d505cd26b,Лешуконский муниципальный округ,2024-12-30T21:00:00.000Z
b4245092-5763-4ed6-8dee-d86579c9d2b3,внутригородская территория города федерального значения город Кронштадт,2024-12-30T21:00:00.000Z
b4d0ee2f-4e3d-41de-8771-a05de5ce4464,муниципальный округ Нестеровский,2024-12-30T21:00:00.000Z
b5cd1dba-d9cc-4063-b251-9e291f39d3e6,Холмогорский муниципальный округ,2024-12-30T21:00:00.000Z
b626e988-b952-45bd-b975-048da268bf2a,Красноборский муниципальный округ,2024-12-30T21:00:00.000Z
b62995a3-5803-4898-aceb-0a686ac4bed2,внутригородская территория города федерального значения муниципальный округ № 54,2024-12-30T21:00:00.000Z
b62cac84-39d5-4a95-bc3d-6648e947933c,муниципальный округ город Полярные Зори,2024-12-30T21:00:00.000Z
b77f801f-541c-4220-af33-cc8e7de6f9df,внутригородская территория города федерального значения муниципальный округ № 7,2024-12-30T21:00:00.000Z
b806c6d7-0936-4f68-9247-ab3d26c9909a,муниципальный округ Струго-Красненский,2024-12-30T21:00:00.000Z
b8d3600c-8a55-48e8-9d55-4a5d3472fd18,муниципальный округ Вуктыл,2024-12-30T21:00:00.000Z
b9d90a74-1ebc-451f-8243-93f730c6ccf5,внутригородская территория города федерального значения муниципальный округ Комендантский аэродром,2024-12-30T21:00:00.000Z
ba2b1f41-5fb1-46de-b633-05eb7433c88a,внутригородская территория города федерального значения муниципальный округ Ульянка,2024-12-30T21:00:00.000Z
bb2c576e-c5ce-4f7b-9dc1-ffbc6cd93091,Поддорский муниципальный район,2024-12-30T21:00:00.000Z
bda1053c-aad0-4d2e-a67a-80f1064d55cf,Печенгский муниципальный округ,2024-12-30T21:00:00.000Z
bfe968cd-64b7-478f-a2db-71aac5f8d357,Нюксенский муниципальный округ,2024-12-30T21:00:00.000Z
c0669afa-1399-4c99-bfcf-0b7560e2b737,внутригородская территория города федерального значения муниципальный округ Владимирский округ,2024-12-30T21:00:00.000Z
c1369c2d-c86e-4b10-b92c-cdca566a4106,Кичменгско-Городецкий муниципальный округ,2024-12-30T21:00:00.000Z
c34f9e8f-c4a8-40b1-842e-db86294a6e9e,городской округ Воркута,2024-12-30T21:00:00.000Z
c456b365-4f71-473e-87ec-afb3e947ee91,внутригородская территория города федерального значения муниципальный округ Гавань,2024-12-30T21:00:00.000Z
c5eab3c3-a287-45e8-a9eb-8b21c39e784c,Вожегодский муниципальный округ,2024-12-30T21:00:00.000Z
c7987d5c-73ab-4527-9a55-f9ec92338a18,муниципальный район Печора,2024-12-30T21:00:00.000Z
c8009441-af46-4da3-a20d-915fb0320506,Шенкурский муниципальный округ,2024-12-30T21:00:00.000Z
c8c8739b-4510-4f70-b0f2-618e5752fda3,внутригородская территория города федерального значения муниципальный округ Дачное,2024-12-30T21:00:00.000Z
c9162b44-b281-4fe4-9ca5-3756193b84c0,внутригородская территория города федерального значения муниципальный округ Аптекарский остров,2024-12-30T21:00:00.000Z
c98dd458-7586-4e52-b056-fa3b936307b0,Островский муниципальный район,2024-12-30T21:00:00.000Z
ca1cb639-acd2-42b7-a78a-e3cafb26a70d,внутригородская территория города федерального значения поселок Репино,2024-12-30T21:00:00.000Z
ca7a094a-af37-4a22-b081-49df7d0cf0af,внутригородская территория города федерального значения муниципальный округ Коломна,2024-12-30T21:00:00.000Z
cac6edae-793e-4b92-ae00-bb158e8658e9,Коношский муниципальный район,2024-12-30T21:00:00.000Z
cb4a3fcb-f412-4d33-be9d-4433842dab35,муниципальный округ Локнянский,2024-12-30T21:00:00.000Z
cbfd75e4-ef01-4d5d-9624-8b2a234ac18f,городской округ город Череповец,2024-12-30T21:00:00.000Z
cc98b2dc-47af-4667-80b6-862795f0223b,Котласский муниципальный округ,2024-12-30T21:00:00.000Z
ce605def-a831-4a2e-a51a-203482f5e2f2,внутригородская территория города федерального значения муниципальный округ № 78,2024-12-30T21:00:00.000Z
ce9e4a5f-40b5-4702-9353-3f041c81e67f,городской округ Северодвинск,2024-12-30T21:00:00.000Z
d0e40423-92f8-47b8-af38-50490ba38328,внутригородская территория города федерального значения муниципальный округ Московская застава,2024-12-30T21:00:00.000Z
d26dd665-87fb-4cee-bed6-dc5173fd4317,Бокситогорский муниципальный район,2024-12-30T21:00:00.000Z
d2a2f48a-3c1e-483a-a5bc-fe1db998e79c,муниципальный район Заполярный район,2024-12-30T21:00:00.000Z
d3d90650-c945-408d-8a40-d3d353126169,внутригородская территория города федерального значения муниципальный округ Пулковский меридиан,2024-12-30T21:00:00.000Z
d3f00405-e2a8-4ec3-8a75-8e81795da7c8,внутригородская территория города федерального значения муниципальный округ Горелово,2024-12-30T21:00:00.000Z
d410f415-2a56-4c38-bd5c-3a9430482413,Сыктывдинский муниципальный район,2024-12-30T21:00:00.000Z
d477c023-b7d1-4bb2-ad89-0cf032ac8d75,Сегежский муниципальный округ,2024-12-30T21:00:00.000Z
d48aa5fb-a6cd-49dc-bcda-c098fc17868e,Вашкинский муниципальный округ,2024-12-30T21:00:00.000Z
d4c90220-e333-4c3b-a095-63a79987d0ef,внутригородская территория города федерального значения муниципальный округ Финляндский округ,2024-12-30T21:00:00.000Z
d7356c96-e3d9-48a7-9961-2b93e8c68067,внутригородская территория города федерального значения поселок Комарово,2024-12-30T21:00:00.000Z
d772c025-1cb2-47f3-beed-9bdcf31a0fb0,муниципальный округ Пестовский,2024-12-30T21:00:00.000Z
d81b1640-ffa7-4384-9609-027ccf918882,Тотемский муниципальный округ,2024-12-30T21:00:00.000Z
d9048ef6-38d7-43ec-a141-f5b146f1730d,Шимский муниципальный район,2024-12-30T21:00:00.000Z
dad83db7-1712-4053-9bb9-27ca5cd473ee,муниципальный округ Краснознаменский,2024-12-30T21:00:00.000Z
db2ef645-34e7-4b75-af46-f49d24e77d8e,Виноградовский муниципальный округ,2024-12-30T21:00:00.000Z
dc574746-0f74-4689-92a9-0adf45f485c4,Кондопожский муниципальный район,2024-12-30T21:00:00.000Z
dc8d3d72-77e3-4ef9-9a0d-84d3cb57303c,муниципальный район Сосногорск,2024-12-30T21:00:00.000Z
de02faaa-d717-4e3e-9d41-82653d320ea0,муниципальный округ Полесский,2024-12-30T21:00:00.000Z
df59a9a2-a932-4f03-8a41-ad49b700c500,Приморский муниципальный округ,2024-12-30T21:00:00.000Z
e0074cfa-e9d9-4860-92d5-c42e643c655d,внутригородская территория города федерального значения муниципальный округ Оккервиль,2024-12-30T21:00:00.000Z
e0ad0b5a-a361-486e-84ad-fbdae6acfd35,внутригородская территория города федерального значения муниципальный округ Морской,2024-12-30T21:00:00.000Z
e158f93e-bacd-4f27-bfa3-78cd1ab2c532,внутригородская территория города федерального значения поселок Тярлево,2024-12-30T21:00:00.000Z
e1c3a2a3-245d-4e4f-97b2-102689f98d55,внутригородская территория города федерального значения муниципальный округ Академическое,2024-12-30T21:00:00.000Z
e1d2c553-aec2-4882-84f5-6205333c28c7,Усть-Вымский муниципальный район,2024-12-30T21:00:00.000Z
e2219d53-4871-49af-a73b-e382a2f85412,городской округ Сосновоборский,2024-12-30T21:00:00.000Z
e4135868-e72f-4c9f-972f-9e9897edfaf8,Холмский муниципальный район,2024-12-30T21:00:00.000Z
e45f2afe-da1a-423c-8e10-86894449e5d7,городской округ Янтарный,2024-12-30T21:00:00.000Z
e477bd05-74c1-4d4d-a0f3-ad7787c589e4,городской округ Светловский,2024-12-30T21:00:00.000Z
e4b8a686-2016-454c-8cb7-dfa03399a9c1,внутригородская территория города федерального значения муниципальный округ Введенский,2024-12-30T21:00:00.000Z
e4e36bef-0307-47bf-8c50-53d30f764231,муниципальный округ Неманский,2024-12-30T21:00:00.000Z
e4f4700d-07ef-4b90-8bb1-16ad89371a01,муниципальный округ Красногородский,2024-12-30T21:00:00.000Z
e70866f6-b9e2-4913-af70-26b6131c3733,муниципальный округ Гвардейский,2024-12-30T21:00:00.000Z
e7654d18-8095-48c8-bf81-a80d46af8901,внутригородская территория города федерального значения муниципальный округ Невская застава,2024-12-30T21:00:00.000Z
e8b341db-1bfd-44a0-8b73-852eea3c5564,Всеволожский муниципальный район,2024-12-30T21:00:00.000Z
e8b76cd8-6726-4b4e-8fb3-478ad09b203c,Бежаницкий муниципальный район,2024-12-30T21:00:00.000Z
e9ba2a98-23b7-4222-84c1-bd1f18991fc1,Великолукский муниципальный район,2024-12-30T21:00:00.000Z
e9fc0a88-1ab6-4bc0-8c46-0adf5cc7f068,Череповецкий муниципальный район,2024-12-30T21:00:00.000Z
ea3c989b-12c4-4760-a87a-3e98cca4b6a9,Сокольский муниципальный округ,2024-12-30T21:00:00.000Z
ecee67f8-3d5a-43dc-8c58-d88913c2c328,Великоустюгский муниципальный округ,2024-12-30T21:00:00.000Z
ed8bd6be-cdba-4b58-a277-3538181f933f,внутригородская территория города федерального значения муниципальный округ Гражданка,2024-12-30T21:00:00.000Z
ee8cb691-0a5e-40f5-86e0-3869d29e071c,Суоярвский муниципальный округ,2024-12-30T21:00:00.000Z
eef70914-0cf8-46a8-b824-ff841e7b814d,муниципальный округ Печорский,2024-12-30T21:00:00.000Z
eff81920-ac28-4478-b4eb-0b4faa4ffe76,внутригородская территория города федерального значения город Сестрорецк,2024-12-30T21:00:00.000Z
f0237e59-b44b-42a7-8bd6-79badee38a3d,внутригородская территория города федерального значения муниципальный округ Северный,2024-12-30T21:00:00.000Z
f04d4c28-52ea-41f6-9225-0a317ba700a8,муниципальный округ Усинск,2024-12-30T21:00:00.000Z
f15b1b22-14a9-448e-b9bb-e7fbe950d6bb,Порховский муниципальный район,2024-12-30T21:00:00.000Z
f263c487-9fa5-4db8-b885-cb058d6220c2,городской округ Сыктывкар,2024-12-30T21:00:00.000Z
f2b66995-544c-4957-8ffd-aa1769e45fce,муниципальный округ Каргопольский,2024-12-30T21:00:00.000Z
f2ce71de-1334-4135-a720-26a62d98ca50,Терский муниципальный район,2024-12-30T21:00:00.000Z
f3c46dc0-87f4-4e49-b119-9a81e382a4e4,муниципальный округ город Апатиты,2024-12-30T21:00:00.000Z
f425e4dd-fe6d-48e9-8e90-8bead540b3cf,Ижемский муниципальный район,2024-12-30T21:00:00.000Z
f47052cc-5429-445c-9104-08648bcdc88d,внутригородская территория города федерального значения муниципальный округ Сампсониевское,2024-12-30T21:00:00.000Z
f51f6c2b-16d8-42b1-ab40-cde7d58fe36e,Шекснинский муниципальный район,2024-12-30T21:00:00.000Z
f690efdd-6740-4227-b709-187063c39470,внутригородская территория города федерального значения муниципальный округ Пороховые,2024-12-30T21:00:00.000Z
f86a35a8-9ab8-4874-b5e7-f47396651759,Кирилловский муниципальный округ,2024-12-30T21:00:00.000Z
f8adde8d-c536-4bfc-93b7-6f03a0d4585b,внутригородская территория города федерального значения поселок Молодежное,2024-12-30T21:00:00.000Z
f9535f90-9125-4fe5-9b5c-1e3ba833fbb5,Ковдорский муниципальный округ,2024-12-30T21:00:00.000Z
fad7ae88-f3c0-4097-8f7d-3dfec613b381,внутригородская территория города федерального значения муниципальный округ Коломяги,2024-12-30T21:00:00.000Z
fc41567a-7490-4627-89ea-d50d1a47f9b0,внутригородская территория города федерального значения муниципальный округ Сосновая поляна,2024-12-30T21:00:00.000Z
fc82eb97-1fb1-4245-9f90-a25ebe45a582,внутригородская территория города федерального значения  Александровский муниципальный округ,2024-12-30T21:00:00.000Z
fd9a817f-6bb3-4e4c-8c9a-bee4981e7a4e,Ленский муниципальный район,2024-12-30T21:00:00.000Z
fdf85852-b25c-4764-8946-b135d6a0a0b0,внутригородская территория города федерального значения муниципальный округ Сергиевское,2024-12-30T21:00:00.000Z
