rank,entity_id,name,region,municipality_type,distance,expense_2023_rubles,expense_ratio_to_selected,same_type,same_region,eligible_factor_1_25
1,tid_2416,внутригородская территория города федерального значения поселок Песочный,Санкт-Петербург,внутригородская территория города федерального значения,0.18638136959352908,42377.5,2.091734741726104,False,False,False
2,tid_2881,Предгорный муниципальный округ,Ставропольский край,муниципальный округ,0.19177144221709677,24026.5,1.185937461437844,False,False,False
3,tid_201,Ногайский муниципальный район,Карачаево-Черкесская Республика,муниципальный район,0.22880436128639742,20335.0,1.003726646758311,True,True,True
4,tid_2876,городской округ город-курорт Кисловодск,Ставропольский край,городской округ,0.2350470424552815,29700.0,1.4659789234680027,False,False,False
5,tid_824,городской округ город-курорт Пятигорск,Ставропольский край,городской округ,0.23618196554521478,30854.5,1.5229645351563463,False,False,False
6,tid_812,городской округ город-курорт Ессентуки,Ставропольский край,городской округ,0.2363206592880375,29425.0,1.4524050445470027,False,False,False
7,tid_2412,внутригородская территория города федерального значения город Сестрорецк,Санкт-Петербург,внутригородская территория города федерального значения,0.2505522288400784,43063.5,2.125595399689035,False,False,False
8,tid_1456,городской округ Королёв,Московская область,городской округ,0.27827596563330725,44159.0,2.1796687973543274,False,False,False
9,tid_2651,городской округ Одинцовский,Московская область,городской округ,0.28536137426287495,43598.5,2.152002764135344,False,False,False
10,tid_2446,внутригородская территория города федерального значения поселок Стрельна,Санкт-Петербург,внутригородская территория города федерального значения,0.28646361778063895,38976.0,1.9238381993632616,False,False,False
11,tid_167,городской округ Нальчик,Кабардино-Балкарская Республика,городской округ,0.2892762219031475,23083.0,1.1393667168488857,False,False,False
12,tid_1444,городской округ Долгопрудный,Московская область,городской округ,0.28974861553077175,44090.0,2.1762629877341495,False,False,False
13,tid_2482,внутригородская территория города федерального значения муниципальный округ Можайский,Москва,внутригородская территория города федерального значения,0.2965646455986492,45134.0,2.2277943680742367,False,False,False
14,tid_809,городской округ город Ставрополь,Ставропольский край,городской округ,0.2970998403616432,31393.5,1.5495693378415065,False,False,False
15,tid_2447,внутригородская территория города федерального значения город Пушкин,Санкт-Петербург,внутригородская территория города федерального значения,0.3029512870964649,42429.0,2.094276759051309,False,False,False
