method,label,family,k,min_size_2023,SW_2023,CH_2023,S_Dbw_2023,AVI_2023,AVU_2023,MQ_2023,TurboMQ_2023,min_size_2024,SW_2024,CH_2024,S_Dbw_2024,AVI_2024,AVU_2024,MQ_2024,TurboMQ_2024,kept_type_2024,ari_with_kmeans,eta2_mean,partial_r2_within_region_mean,eta2_log_wage,month_bootstrap_ari_mean,month_bootstrap_ari_p10,territory_subsample_ari_mean,territory_subsample_ari_p10,eligible,copeland_all_2023,copeland_2023,copeland_2024,copeland_total
kmeans,KMeans,признаки,4,126,0.252782,815.845,0.842592,0.89864,0.53762,0.565457,3.59456,83,0.286673,973.108,0.804266,0.887191,0.528876,0.55219,3.54876,0.925099,1,0.23859,0.140664,0.459813,0.927082,0.89454,0.983429,0.969529,True,0,-4,-3,-7
ward,Ward,признаки,4,117,0.211747,723.732,1.00901,0.865915,0.546249,0.552041,3.46366,78,0.241676,891.823,0.841797,0.871774,0.536204,0.56657,3.4871,0.84375,0.388974,0.212742,0.11858,0.407005,0.360412,0.306417,0.408467,0.339276,False,-4,,,
gmm,Гауссова смесь,признаки,4,253,0.192965,546.256,0.972759,0.83171,0.535341,0.515879,3.32684,160,0.27455,924.623,0.866695,0.865651,0.54407,0.543843,3.4626,0.829365,0.527908,0.266801,0.147141,0.469266,0.859513,0.77429,0.633725,0.605062,False,-6,,,
spectral_graph,Спектральная (граф),сеть,4,18,0.257227,533.005,0.959561,0.813876,0.501776,0.446611,3.2555,30,0.311485,858.402,0.724722,0.856384,0.512575,0.471218,3.42553,0.880952,0.466066,0.191479,0.134751,0.456721,0.682645,0.443978,0.730085,0.561904,False,-5,,,
leiden_graph,Leiden (граф),сеть,4,3,0.350146,438.447,1.16855,0.610188,0.502828,0.375866,2.44075,2,0.403693,630.349,,0.634605,0.503197,0.387814,2.53842,0.949405,0.385889,0.159579,0.122893,0.308106,0.566668,0.435869,0.571917,0.484731,False,-9,,,
kefrin,KEFRiN-подобный K-means (признаки + строки смежности),признаки + сеть,4,127,0.252835,815.711,0.840993,0.900236,0.536921,0.567086,3.60094,83,0.286553,973.139,0.803468,0.887623,0.529026,0.553092,3.55049,0.924107,0.994405,0.238973,0.140322,0.459698,0.926497,0.901684,0.981642,0.968479,True,2,-2,0,-2
joint_0.1,"Совместная модель α=0,1",признаки + сеть,4,127,0.254286,814.939,0.819338,0.903362,0.538017,0.569196,3.61345,84,0.287278,974.779,0.796082,0.887402,0.529315,0.552494,3.54961,0.917659,0.966922,0.234912,0.135267,0.459428,0.916618,0.891276,0.965603,0.955815,True,8,4,0,4
joint_0.25,"Совместная модель α=0,25",признаки + сеть,4,128,0.254966,812.951,0.835448,0.906505,0.539298,0.570154,3.62602,83,0.287795,972.905,0.805502,0.888721,0.52838,0.552074,3.55488,0.916667,0.936578,0.238565,0.137186,0.459205,0.911322,0.876202,0.942887,0.933968,True,6,2,-2,0
joint_0.5,"Совместная модель α=0,5",признаки + сеть,4,127,0.255477,810.793,0.826809,0.908368,0.539649,0.569137,3.63347,83,0.289574,973.521,0.774252,0.88896,0.527179,0.550259,3.55584,0.916171,0.913133,0.240023,0.137194,0.462739,0.908325,0.878473,0.925288,0.914377,True,6,2,5,7
joint_1.0,Совместная модель α=1,признаки + сеть,4,126,0.257074,806.805,0.830161,0.909383,0.54335,0.564624,3.63753,83,0.290248,972.943,0.807149,0.889004,0.528333,0.547939,3.55602,0.918155,0.85654,0.241057,0.136712,0.464362,0.900874,0.842029,0.89349,0.874405,True,2,-2,0,-2
