period,edges,components,edge_jaccard_next_month,n_type_0,n_type_1,n_type_2,n_type_3,n_type_0_absolute,n_type_1_absolute,n_type_2_absolute,n_type_3_absolute,min_size,SW,CH,S_Dbw,AVI,AVU,MQ,TurboMQ,free_jaccard_type_0,free_jaccard_type_1,free_jaccard_type_2,free_jaccard_type_3
2023-01-01,20874,1,0.348143,281,644,963,128,351,872,667,126,128,0.218741,580.448,1.08625,0.871273,0.52081,0.526069,3.48509,0.737418,0.308894,0.633455,0.288256
2023-02-01,20789,1,0.358516,277,641,973,125,337,735,828,116,125,0.223777,620.46,1.0803,0.892208,0.516336,0.536158,3.56883,0.72885,0.266738,0.523285,0.848485
2023-03-01,20840,1,0.293911,291,629,962,134,336,636,916,128,134,0.230937,692.661,0.943158,0.889399,0.524149,0.540509,3.5576,0.902965,0.653367,0.769618,0.839695
2023-04-01,20767,1,0.34155,344,575,962,135,330,540,996,150,135,0.245835,797.989,0.893653,0.885446,0.542362,0.550923,3.54178,0.962428,0.782361,0.87827,0.738806
2023-05-01,20868,1,0.343665,357,581,946,132,323,545,989,159,132,0.243816,782.121,0.91433,0.879682,0.534504,0.553606,3.51873,0.891821,0.753541,0.881874,0.761538
2023-06-01,20834,1,0.362495,369,570,957,120,324,556,976,160,120,0.247833,807.712,0.853009,0.877575,0.541819,0.54717,3.5103,0.936111,0.803279,0.903226,0.823077
2023-07-01,20733,1,0.343052,368,552,978,118,334,623,916,143,118,0.25388,814.926,0.878388,0.878626,0.551007,0.551114,3.5145,0.938889,0.828885,0.911881,0.844961
2023-08-01,20723,1,0.31186,363,550,972,131,377,639,877,123,131,0.256146,808.262,0.781636,0.874848,0.554165,0.554764,3.49939,0.954545,0.794913,0.900196,0.807947
2023-09-01,20800,1,0.335548,366,546,967,137,394,556,964,102,137,0.254018,821.646,0.840437,0.887386,0.544418,0.557626,3.54954,0.957265,0.802233,0.894839,0.868056
2023-10-01,20805,1,0.330078,373,536,982,125,402,494,1041,79,125,0.256274,820.451,0.89191,0.88087,0.5329,0.550515,3.52348,0.933702,0.79653,0.900786,0.856115
2023-11-01,20869,1,0.298368,370,549,984,113,386,429,1150,51,113,0.261647,828.012,0.79465,0.877566,0.534298,0.551246,3.51027,0.941011,0.679186,0.640566,0.178174
2023-12-01,20819,1,0.274027,359,551,992,114,305,369,1270,72,114,0.263903,830.865,0.850348,0.881129,0.531965,0.550437,3.52452,0.866324,0.715505,0.870168,0.651163
2024-01-01,20792,1,0.326864,368,559,996,93,397,480,1084,55,93,0.264309,800.054,0.924092,0.865618,0.531409,0.544457,3.46247,0.891821,0.637298,0.563739,0.0923695
2024-02-01,20845,1,0.350847,363,566,1005,82,369,429,1172,46,82,0.270843,832.433,0.845153,0.879049,0.522919,0.545966,3.5162,0.905914,0.647145,0.575614,0.0858896
2024-03-01,20857,1,0.331816,363,555,1007,91,359,417,1189,51,91,0.269945,848.842,0.977888,0.880653,0.53086,0.546148,3.52261,0.886842,0.600575,0.50608,0.0478723
2024-04-01,20974,1,0.31533,381,562,992,81,361,429,1177,49,81,0.272995,932.785,0.878118,0.875129,0.529746,0.545283,3.50052,0.932394,0.696646,0.640655,0.164835
2024-05-01,20914,1,0.318797,373,562,998,83,336,448,1175,57,83,0.26948,876.588,0.879701,0.868906,0.538848,0.542978,3.47562,0.925414,0.739535,0.805474,0.355556
2024-06-01,20818,1,0.325574,386,576,984,70,339,511,1112,54,70,0.271786,934.118,0.810701,0.870034,0.536447,0.547189,3.48014,0.937677,0.721793,0.588462,0.164
2024-07-01,20866,1,0.33296,387,561,1001,67,364,562,1051,39,67,0.27615,923.548,0.761307,0.857611,0.549586,0.542347,3.43044,0.888889,0.613703,0.431608,0.0558214
2024-08-01,20805,1,0.317424,377,561,1002,76,405,598,985,28,76,0.279252,928.984,0.734009,0.857511,0.537684,0.542537,3.43004,0.897849,0.610873,0.452182,0.0512397
2024-09-01,20848,1,0.341183,365,577,989,85,434,528,1035,19,85,0.275715,890.133,0.806964,0.870417,0.533524,0.545027,3.48167,0.861538,0.562232,0.44313,0.0501672
2024-10-01,20785,1,0.334903,363,557,1011,85,441,484,1066,25,85,0.277907,907.86,0.803294,0.872031,0.529334,0.54347,3.48812,0.926346,0.693816,0.678811,0.216285
2024-11-01,20896,1,0.329849,367,559,1009,81,414,416,1167,19,81,0.273877,878.112,0.812383,0.866743,0.531018,0.54223,3.46697,0.929775,0.665152,0.614948,0.164147
2024-12-01,20832,1,,356,560,1015,85,321,382,1282,31,85,0.279823,881.407,0.822903,0.882984,0.527436,0.543099,3.53194,0.860825,0.59517,0.526861,0.0759013
