rule,label,leiden_communities,leiden_modularity,leiden_largest_share,leiden_partial_r2_within_region_mean,leiden_ari_with_kmeans4,joint_ari_with_kmeans4,joint_moved_share,joint_partial_r2_within_region_mean,joint_cut_fraction,leiden_ari_graph_2023_vs_2024,joint_ari_graph_2023_vs_2024
euclid_structure,Евклидово расстояние: структура расходов (5 признаков),12,0.716428,0.149802,0.17733,0.229361,0.885111,0.0416667,0.135257,0.0916549,0.368136,0.845829
euclid_profile,Евклидово расстояние: структура + уровень (6 признаков),13,0.72437,0.12748,0.217704,0.218853,0.90802,0.03125,0.134605,0.0801505,0.351725,0.8653
cosine_spending,Косинусное сходство векторов расходов в рублях,13,0.766106,0.123512,0.191509,0.187476,0.830646,0.062996,0.138936,0.0869279,0.399511,0.834432
corr_total,Корреляция месячных рядов уровня расходов,7,0.672882,0.259921,0.109106,0.155969,0.573159,0.182044,0.144351,0.217053,0.133055,0.764308
corr_multivariate,Корреляция многомерных рядов (6 признаков),8,0.618507,0.302579,0.122781,0.199495,0.631235,0.152282,0.146182,0.184356,0.206775,0.766825
lagged_corr_total,Лаговая корреляция (опережение до 2 мес.),7,0.588641,0.269841,0.0784354,0.160821,0.586325,0.174603,0.141333,0.25257,0.136229,0.656209
dtw_total,Динамическое выравнивание рядов (DTW),9,0.665362,0.175099,0.106634,0.122361,0.587147,0.174603,0.145195,0.237185,0.0951641,0.72931
geographic,Географическое расстояние между центроидами,18,0.857611,0.0997024,0.0306865,0.0846832,0.582176,0.170139,0.0946383,0.168506,,
road,Дорожное расстояние (СберИндекс),31,0.874982,0.0818452,0.0373012,0.0656744,0.504771,0.203869,0.059181,0.129867,,
