indicator,type,median,ci_low,ci_high
spending_rub,0,41492.2,33388,43705.8
spending_rub,1,25934.5,24525.9,27064
spending_rub,2,19961,19335.8,20704.3
spending_rub,3,33060.5,27381.7,37118.3
wage_rub,0,87595.6,65738.2,95332.9
wage_rub,1,54901.7,51977,58662.8
wage_rub,2,43355.1,41690,44944.2
wage_rub,3,90235.4,76616.7,102892
marketplaces_pct,0,9.50752,8.71953,11.2109
marketplaces_pct,1,9.9372,9.18313,10.7945
marketplaces_pct,2,12.21,11.2988,12.9426
marketplaces_pct,3,4.60404,3.71542,5.65181
horeca_pct,0,7.20806,5.92327,7.51115
horeca_pct,1,3.67272,3.48512,3.81198
horeca_pct,2,1.60129,1.52656,1.68077
horeca_pct,3,2.91519,2.25885,3.50326
food_pct,0,34.2043,33.5286,37.076
food_pct,1,43.2292,42.5234,43.7445
food_pct,2,49.0072,48.452,49.6484
food_pct,3,47.1319,44.8142,48.8042
agri_share_pct,0,0.853832,0.519608,1.62009
agri_share_pct,1,3.72263,2.55872,4.54334
agri_share_pct,2,10.8217,9.11191,12.6293
agri_share_pct,3,2.90549,2.03953,4.04547
mining_share_pct,0,0.496812,0.286521,1.03796
mining_share_pct,1,13.5247,5.50915,21.1925
mining_share_pct,2,8.11307,6.13574,9.5729
mining_share_pct,3,24.4759,20.4952,33.2403
market_access,0,453.4,308.344,610.4
market_access,1,309.1,274.6,328.207
market_access,2,321.8,304.089,338.4
market_access,3,138.1,134.1,148.3
