region_code,role,hash_sha256,n_entities
11,donor,05df1eacb3d366a1a8ccd797d267a8ebb3f460e451203472d79b12caae49f7e5,20
67,donor,06bc96c0514f239c8b4ecd9bfaa279cd726f4571827d9b947efc1767d6a44dca,27
13,donor,157edff8693c68d257fcdda321fcb811a4c7df508baa69fb996e137a6c31928a,20
16,donor,19299a0f49d2a84e246abc25594304126d3787cebef842d2f00b0ce237790d58,43
27,donor,21a25b02a0221a243f3c9b94ed9600ed6f1a65e289b5e271aac0dec74d57e284,16
83,donor,263bb2b54b27816cb83ef1c4a8f5bcb08603515209b6af00dd9274c95bb83789,2
33,donor,328c2cfca4404d4a6f68031b4df45d6378ad07c42a2d3df58d536320a37dc803,18
35,donor,32c58a1a5aa374eaae9f77e13d2783a69a8da55ba4b3994317f452a5dbb3d7e2,25
58,donor,462e375030af9c74114e9d691e6b50d7a156faa94534e440c92253eb9bc6eab6,25
62,donor,5392e174ca1f0897d3b9f98be500e068d80514918dadbee9b44bfb2745e456a6,26
65,donor,53ec89dbe55c10302156551de4ee33c188be445a049b8d67ca0124447617498a,16
55,donor,546bca72565534b8f3c049361e609e815f4977b7df1d55bb2ea882d181245f2f,33
78,donor,5cdd837ab87400c0435e69cc450fa958ccc0005a05a549bd462b1b480d169afd,98
54,donor,5f1ca1fedf8a262f7bbf056d5dc6903aa90aba2879c1c7a11b1fe40b29196662,35
48,donor,5fbd5536bb8e0bc0051e1bcac9e60061952d713df88d31cb19214c9d88782b6a,18
86,donor,6218657ea061d23af78e613dd44f8a9ab23745734a8df0f75965da2c5e6b11b9,22
52,donor,65f31e7ad4ef43377e618bf5acf4f42db0882f528d0fef7b82bf6828ec8ab03e,50
64,donor,66ed7c452690c9dc65b93e00a85cda95898efd374c0335b834b7a98b1670514a,39
14,donor,67ec1633d6ba3947caaad1a37606a8dc992d5e8879289f1f118f812fcf4134bc,29
22,donor,69e74a4c318e0e5808097185dc2d225efe29ed91e0a6d1c8cbd2e40500805e53,65
87,donor,6fbc49ce4246371fcd9a72f04fc6deb221b79745ef0afc354744c184039a24ae,4
42,donor,7140d35d909a0a9f0bdacd293fafe917d72b9115e6f737d8d49658412eb07fb0,30
45,donor,719365a02c59147eb5cdb3418669e36add8666dfbbfd8b8a258cedd562b7954c,24
21,donor,71e3e6857d4d8630cc8be4e7d3d470439afac0127da4d21033b0fe310280bce8,23
2,donor,755b4b60a7ba7f165c31021798d9ba08861c933501e98f0a516f0ee7acf89f1e,61
15,donor,77f708b6cdecc52f71d0798a0cce8f63436cebf1d68019e44bfa44e046d0ad99,7
77,donor,805c26cdeffd7b641a0c80bea79c15d492273ac3dd9d0262992c536a43f6c132,144
38,donor,810481c92fd8b16c6263402c19aa28af6f3d70a716b791a8c0254bf9c849b3e0,39
12,donor,817a55b45f52ca3c423b5da617dd8ad548ca3c930635a2099a3a89639a2238f7,17
1,donor,838c6d4f56ab8b6dfbf33b21eb85dc34fdf2b85d1aeeed855af7b9a6643fd5a7,9
43,donor,85a1525a202942794fc2b44d7bc15d33493be695f3c7422b656c8e98174d2c5c,43
89,donor,875093d468cccb45260f5c076568c602da32643af1dc2ae4c5d64f649d1ffedb,13
51,donor,8c0ab6f49206c1f6cd7dfbb70ccd9a45b37b69f5137a3ecc2459b8a082bda140,12
41,donor,8eb0b0db7e6f2208f577dd00b2c2df6743b7fe8341493e57d9080378ec010f53,9
10,donor,916c8112a49e3616a3778fd19ba4cc88d37740b85a762f62caeea6b00a58a7cf,18
19,donor,9456a81cf03fcc1521d097a87f879cbfb1842faa7b09e09ed6b5c5271a700962,12
53,donor,980baea3bbca9d6adff8e133ea0f4741544b786d1abab968df30159623b31427,21
69,evaluation,986d9d00981bdfcb92bfa4e0f28210bbc0554927554df9cca16afe025334d18b,37
37,evaluation,9898334aa64f0c9eb93beb44a689fd638a86f489f71d3b36eacfd2a98cc111eb,26
28,evaluation,9c3863bea7d927006bd9b6e53c06f13b2becfbe261a7eedfd22765c5d310dfb2,19
49,evaluation,9c70b908c9a93207d6703630592d98435bff0b3f162724f4cda971d49961a4d9,3
57,evaluation,a19630c074957af9ccc3ebbb6483e20c8ce3d77353b9c1378c12c728415572f8,21
76,evaluation,a61b8dc59257e08b289f24ace995949c32b5929179f7709ac03415f0b1039db5,19
26,evaluation,ad45770fa1ff39c44f990c924ae8ea20bc21b49055222decef4cf526809cf25e,33
47,evaluation,b015769654b50a6ccd403b47d96d51a43589e82da97190c3eda3f7819b59100c,18
39,evaluation,b1184411e9e1991f3a26435655b176eaca4f460f261bd91ecfa16f7ca04c3dd0,19
63,evaluation,b33706f9137653d0450ef38053ce254e0f1b486b306e56d2bcd39814e75a5e3c,36
73,evaluation,b3bdbbf08ce43ab2060170bb0f36b63a7526fc6e32e988512ae0a3a74fd28c83,21
9,evaluation,b4e007266fc5763c1fde40306a3e76c96742d998730c6da78427f4fdbcea669f,8
75,evaluation,b6fef9b24396b420a3ac4c034c1310624581682e78305065a6f5743be23d63f5,28
50,evaluation,bdd75cb1b84c86b468464a5e15e0156f0301b5aab65bc40616b2f5a56bea7b1d,52
66,evaluation,be71f332ad45b1d38611dd9ed8bde1a023284c4a61efcd9aa9a1df464e0a4872,64
17,evaluation,bee3194d624bf02fee70eba97d63191e277db9211c4ba8c6bc728e9ce6d28fdc,10
24,evaluation,bf07b62597729de985d9f2d6cf2848f48cb8d9a129ac766a47e0efe6d1d309f0,51
7,evaluation,c6fe9132429eb1f0dc01a10f587e40fac25adde6efb9275947f473401a32b604,4
60,evaluation,cc763b5603f1148047beffe082ec1259c851a552f324317ca19be39d57933c05,22
44,evaluation,d141659e0693a69711970fd34a6c3e312cc0c999291eef24cf158daf8a8a1113,28
40,evaluation,d97187f82b4d068307190f6dc4d898f83adda90bbfbbf4b79751793147486d0e,25
68,evaluation,e1c3720eef8cb49dc99fc19c770d34253d2f16395f5a6dc6c07193c16c50494a,24
59,evaluation,e5edac7548de78e112f9170cf8333da6b1b4249c736e29c95cf5ad7ba51e16a8,42
34,evaluation,e7f84339c81f84883448634722ed5f22595bc1b0acfcc9bcb89effab33b1a6ba,35
72,evaluation,eaf807d8a9de261ce56057791a595bb3a7cfe42396ca9a33c526c63b6c96b412,24
29,evaluation,eb862518b421f46cf153be52d0856a540578ce6fee19be42934b33432e5332c6,22
56,evaluation,ebf2a69eea18045ef062aa87a2c556196e64d145cd78e5962e3b87b538164525,39
71,evaluation,ebf604fec3bd08baa07172a3a2a948b6ea6db9dc7be0faa355903f6a0c398b42,24
8,evaluation,ec9732e1fa21ef957d9e2550a92e4b6f9456cb5f6e936f86759198655843b54b,5
74,evaluation,ecb6426988a06a19c2691298768f2d3b9b4e1a013fac70d1478191716f634e2c,37
18,evaluation,f0097023435387a66783ee9906c032ac19930a71258afde24b7a720780dd2d7a,27
79,evaluation,f60bd2a8f42fd1332e039c6a090451cf760a1315e52a897385fb6aa05e67db9a,6
25,evaluation,f64f916c424f21f0ad532509d3ea89326f3d00e25bb64160e7d5b3e7d3ce02a1,33
30,evaluation,f6ab459ecaeddefc60ea7b6f7f16a0c3ac04db0ef4289657d17a22c964771eee,11
70,evaluation,fb1c14d491de90f1f0bf20ba9ad3ea962617758e63cdca11d25debcd2cdd0dc3,19
4,evaluation,fd442b6aa8cbc8a2e07d4d257fe4ec1ae56911d5a9edf5edf00145d86ab66504,11
