target,excluded_region_code,contrast,partial_R2,n_entities
log_wage_total_2023,1,M1-M0,0.023081166889773068,1788
log_wage_total_2023,1,M3-M2,0.014163095782108231,1788
log_wage_total_2023,2,M1-M0,0.024289027830152667,1736
log_wage_total_2023,2,M3-M2,0.015056463385304808,1736
log_wage_total_2023,4,M1-M0,0.02295881781008326,1786
log_wage_total_2023,4,M3-M2,0.013696459454983032,1786
log_wage_total_2023,7,M1-M0,0.02330012320470885,1793
log_wage_total_2023,7,M3-M2,0.014057916489078462,1793
log_wage_total_2023,8,M1-M0,0.023405033016622234,1792
log_wage_total_2023,8,M3-M2,0.014061284155905244,1792
log_wage_total_2023,9,M1-M0,0.022678258347707893,1789
log_wage_total_2023,9,M3-M2,0.014538029395025432,1789
log_wage_total_2023,10,M1-M0,0.022645173917898422,1779
log_wage_total_2023,10,M3-M2,0.013888622718598205,1779
log_wage_total_2023,11,M1-M0,0.023761535894550431,1777
log_wage_total_2023,11,M3-M2,0.014855638592489456,1777
log_wage_total_2023,12,M1-M0,0.02295116068082842,1780
log_wage_total_2023,12,M3-M2,0.013660226397670137,1780
log_wage_total_2023,13,M1-M0,0.023556412859761268,1777
log_wage_total_2023,13,M3-M2,0.014621320076645157,1777
log_wage_total_2023,14,M1-M0,0.02773436835982224,1768
log_wage_total_2023,14,M3-M2,0.012364131829419565,1768
log_wage_total_2023,15,M1-M0,0.02323304071335687,1790
log_wage_total_2023,15,M3-M2,0.01510844240098945,1790
log_wage_total_2023,16,M1-M0,0.025227083584608435,1754
log_wage_total_2023,16,M3-M2,0.01447826627194553,1754
log_wage_total_2023,17,M1-M0,0.023734784651220017,1787
log_wage_total_2023,17,M3-M2,0.014316439672229295,1787
log_wage_total_2023,18,M1-M0,0.023377544070316704,1770
log_wage_total_2023,18,M3-M2,0.014144062222977068,1770
log_wage_total_2023,19,M1-M0,0.023695607408811048,1785
log_wage_total_2023,19,M3-M2,0.014291741819325096,1785
log_wage_total_2023,21,M1-M0,0.025082316784884758,1774
log_wage_total_2023,21,M3-M2,0.015176365750999302,1774
log_wage_total_2023,22,M1-M0,0.023201756432193861,1732
log_wage_total_2023,22,M3-M2,0.014555643256054226,1732
log_wage_total_2023,24,M1-M0,0.018360923871885988,1746
log_wage_total_2023,24,M3-M2,0.012103422365673178,1746
log_wage_total_2023,25,M1-M0,0.021214572890296966,1764
log_wage_total_2023,25,M3-M2,0.012355752556213571,1764
log_wage_total_2023,26,M1-M0,0.022318199657707948,1765
log_wage_total_2023,26,M3-M2,0.014319965998925179,1765
log_wage_total_2023,27,M1-M0,0.02311305547686365,1781
log_wage_total_2023,27,M3-M2,0.015185245433173126,1781
log_wage_total_2023,28,M1-M0,0.027502303509764986,1778
log_wage_total_2023,28,M3-M2,0.016458245099012565,1778
log_wage_total_2023,29,M1-M0,0.021266801482952225,1780
log_wage_total_2023,29,M3-M2,0.01291380574412495,1780
log_wage_total_2023,30,M1-M0,0.023887976080774226,1786
log_wage_total_2023,30,M3-M2,0.014141501175652377,1786
log_wage_total_2023,33,M1-M0,0.022956391972557083,1779
log_wage_total_2023,33,M3-M2,0.013998846262895756,1779
log_wage_total_2023,34,M1-M0,0.022943689300074014,1762
log_wage_total_2023,34,M3-M2,0.013542979935277928,1762
log_wage_total_2023,35,M1-M0,0.023130590399851565,1772
log_wage_total_2023,35,M3-M2,0.013928472323169218,1772
log_wage_total_2023,37,M1-M0,0.022971625552504087,1771
log_wage_total_2023,37,M3-M2,0.014197864693119129,1771
log_wage_total_2023,38,M1-M0,0.022682001195366473,1759
log_wage_total_2023,38,M3-M2,0.015539965436382027,1759
log_wage_total_2023,39,M1-M0,0.022237309398172072,1779
log_wage_total_2023,39,M3-M2,0.014152772689777745,1779
log_wage_total_2023,40,M1-M0,0.023686455516280683,1772
log_wage_total_2023,40,M3-M2,0.014277529531996005,1772
log_wage_total_2023,41,M1-M0,0.023090973982416232,1788
log_wage_total_2023,41,M3-M2,0.014608448398360303,1788
log_wage_total_2023,43,M1-M0,0.022655876968735954,1754
log_wage_total_2023,43,M3-M2,0.014146432322271718,1754
log_wage_total_2023,44,M1-M0,0.022647204061773549,1769
log_wage_total_2023,44,M3-M2,0.013666681791501338,1769
log_wage_total_2023,45,M1-M0,0.023187858051879697,1773
log_wage_total_2023,45,M3-M2,0.014118441728649922,1773
log_wage_total_2023,47,M1-M0,0.023594602466863748,1779
log_wage_total_2023,47,M3-M2,0.013362897214678844,1779
log_wage_total_2023,48,M1-M0,0.023344264972923346,1780
log_wage_total_2023,48,M3-M2,0.013885893071615116,1780
log_wage_total_2023,49,M1-M0,0.023291956130013731,1796
log_wage_total_2023,49,M3-M2,0.014058917899089494,1796
log_wage_total_2023,50,M1-M0,0.024929368801165475,1745
log_wage_total_2023,50,M3-M2,0.013406358895512602,1745
log_wage_total_2023,51,M1-M0,0.024080488126637521,1785
log_wage_total_2023,51,M3-M2,0.014256274761113333,1785
log_wage_total_2023,52,M1-M0,0.02317671027902064,1747
log_wage_total_2023,52,M3-M2,0.014201352741203415,1747
log_wage_total_2023,53,M1-M0,0.02313137774200829,1776
log_wage_total_2023,53,M3-M2,0.014122551863825114,1776
log_wage_total_2023,54,M1-M0,0.023908054303482626,1762
log_wage_total_2023,54,M3-M2,0.014441431780899206,1762
log_wage_total_2023,55,M1-M0,0.023603937839059768,1764
log_wage_total_2023,55,M3-M2,0.014318222801089969,1764
log_wage_total_2023,56,M1-M0,0.022131944414868519,1758
log_wage_total_2023,56,M3-M2,0.013573448579205326,1758
log_wage_total_2023,57,M1-M0,0.023256085961826073,1776
log_wage_total_2023,57,M3-M2,0.013955167096939789,1776
log_wage_total_2023,58,M1-M0,0.023143134605550293,1772
log_wage_total_2023,58,M3-M2,0.014260995127288234,1772
log_wage_total_2023,59,M1-M0,0.023899620066669666,1755
log_wage_total_2023,59,M3-M2,0.01414744489893997,1755
log_wage_total_2023,60,M1-M0,0.023022908010792396,1775
log_wage_total_2023,60,M3-M2,0.014298858540740851,1775
log_wage_total_2023,62,M1-M0,0.023523832369266241,1771
log_wage_total_2023,62,M3-M2,0.013898415487824356,1771
log_wage_total_2023,63,M1-M0,0.023637111649246461,1761
log_wage_total_2023,63,M3-M2,0.014147404945029753,1761
log_wage_total_2023,64,M1-M0,0.023261073217981442,1758
log_wage_total_2023,64,M3-M2,0.014337035161003353,1758
log_wage_total_2023,65,M1-M0,0.023453019308650846,1781
log_wage_total_2023,65,M3-M2,0.013591577450319345,1781
log_wage_total_2023,66,M1-M0,0.024313927780072127,1733
log_wage_total_2023,66,M3-M2,0.013705606344998098,1733
log_wage_total_2023,67,M1-M0,0.022990856428335156,1770
log_wage_total_2023,67,M3-M2,0.014204379395078992,1770
log_wage_total_2023,68,M1-M0,0.023755554511732564,1773
log_wage_total_2023,68,M3-M2,0.014175051369301259,1773
log_wage_total_2023,69,M1-M0,0.023166691195083963,1760
log_wage_total_2023,69,M3-M2,0.014325232030342848,1760
log_wage_total_2023,70,M1-M0,0.021602187331777354,1778
log_wage_total_2023,70,M3-M2,0.012888872868452864,1778
log_wage_total_2023,71,M1-M0,0.023392146357936492,1773
log_wage_total_2023,71,M3-M2,0.014384224195752122,1773
log_wage_total_2023,72,M1-M0,0.023075970144068324,1791
log_wage_total_2023,72,M3-M2,0.013823171291616119,1791
log_wage_total_2023,73,M1-M0,0.023156096162072023,1776
log_wage_total_2023,73,M3-M2,0.01394060027477274,1776
log_wage_total_2023,74,M1-M0,0.022796669771711141,1760
log_wage_total_2023,74,M3-M2,0.013501155150979636,1760
log_wage_total_2023,75,M1-M0,0.015996052191222597,1769
log_wage_total_2023,75,M3-M2,0.0088491000499713399,1769
log_wage_total_2023,76,M1-M0,0.023239711948960115,1778
log_wage_total_2023,76,M3-M2,0.014039846076708449,1778
log_wage_total_2023,77,M1-M0,0.023339917142908922,1795
log_wage_total_2023,77,M3-M2,0.014078867022723741,1795
log_wage_total_2023,78,M1-M0,0.02815046248880379,1717
log_wage_total_2023,78,M3-M2,0.016813679914331813,1717
log_wage_total_2023,79,M1-M0,0.022973115614246697,1791
log_wage_total_2023,79,M3-M2,0.013804087040001094,1791
log_wage_total_2023,83,M1-M0,0.023446478460216302,1795
log_wage_total_2023,83,M3-M2,0.014200526294459608,1795
log_wage_total_2023,86,M1-M0,0.024038627140011926,1775
log_wage_total_2023,86,M3-M2,0.014506191799197335,1775
log_wage_total_2023,87,M1-M0,0.023985982576758293,1793
log_wage_total_2023,87,M3-M2,0.014450133427056091,1793
log_wage_total_2023,89,M1-M0,0.027195212996889054,1784
log_wage_total_2023,89,M3-M2,0.016493793054800952,1784
log1p_market_access_2024,1,M1-M0,0.020996124810462032,1776
log1p_market_access_2024,1,M3-M2,0.0076642619295283721,1776
log1p_market_access_2024,2,M1-M0,0.02573025565876233,1724
log1p_market_access_2024,2,M3-M2,0.0083653275431916502,1724
log1p_market_access_2024,4,M1-M0,0.020954950528041843,1774
log1p_market_access_2024,4,M3-M2,0.0071339924422914158,1774
log1p_market_access_2024,7,M1-M0,0.020778087623997805,1781
log1p_market_access_2024,7,M3-M2,0.0078543118194819017,1781
log1p_market_access_2024,8,M1-M0,0.020594678525560475,1780
log1p_market_access_2024,8,M3-M2,0.0073831493258700222,1780
log1p_market_access_2024,9,M1-M0,0.020717297126447452,1777
log1p_market_access_2024,9,M3-M2,0.007647855832500515,1777
log1p_market_access_2024,10,M1-M0,0.020538899070032979,1767
log1p_market_access_2024,10,M3-M2,0.0074431341967369771,1767
log1p_market_access_2024,11,M1-M0,0.018506054101622132,1765
log1p_market_access_2024,11,M3-M2,0.0058649154949011973,1765
log1p_market_access_2024,12,M1-M0,0.020615011062484347,1768
log1p_market_access_2024,12,M3-M2,0.007279383780005394,1768
log1p_market_access_2024,13,M1-M0,0.020398585043770422,1765
log1p_market_access_2024,13,M3-M2,0.0073632806957355228,1765
log1p_market_access_2024,14,M1-M0,0.020142757749686296,1758
log1p_market_access_2024,14,M3-M2,0.0083926369472211194,1758
log1p_market_access_2024,15,M1-M0,0.020870367838710331,1778
log1p_market_access_2024,15,M3-M2,0.0078013179927301666,1778
log1p_market_access_2024,16,M1-M0,0.019661640199504005,1742
log1p_market_access_2024,16,M3-M2,0.0069946944438391461,1742
log1p_market_access_2024,17,M1-M0,0.020765433207868483,1775
log1p_market_access_2024,17,M3-M2,0.0073267924398069915,1775
log1p_market_access_2024,18,M1-M0,0.021167028182284067,1758
log1p_market_access_2024,18,M3-M2,0.0073893390771059024,1758
log1p_market_access_2024,19,M1-M0,0.020995482948764538,1773
log1p_market_access_2024,19,M3-M2,0.0071558041853854136,1773
log1p_market_access_2024,21,M1-M0,0.021307762624931441,1762
log1p_market_access_2024,21,M3-M2,0.0075168223356273569,1762
log1p_market_access_2024,22,M1-M0,0.021408042946703953,1720
log1p_market_access_2024,22,M3-M2,0.0075133871566381571,1720
log1p_market_access_2024,24,M1-M0,0.020985197769818501,1738
log1p_market_access_2024,24,M3-M2,0.0070358470136643201,1738
log1p_market_access_2024,25,M1-M0,0.023880896905639444,1752
log1p_market_access_2024,25,M3-M2,0.011046172212418322,1752
log1p_market_access_2024,26,M1-M0,0.024253742302115151,1753
log1p_market_access_2024,26,M3-M2,0.008728692546872573,1753
log1p_market_access_2024,27,M1-M0,0.023924436766480057,1770
log1p_market_access_2024,27,M3-M2,0.0088861818071499024,1770
log1p_market_access_2024,28,M1-M0,0.017297559684915927,1766
log1p_market_access_2024,28,M3-M2,0.0051081360285219141,1766
log1p_market_access_2024,29,M1-M0,0.020099249418293292,1768
log1p_market_access_2024,29,M3-M2,0.0070983320787003715,1768
log1p_market_access_2024,30,M1-M0,0.020770386459122939,1774
log1p_market_access_2024,30,M3-M2,0.0072168693308713302,1774
log1p_market_access_2024,33,M1-M0,0.020821449412951634,1767
log1p_market_access_2024,33,M3-M2,0.0070296226438385737,1767
log1p_market_access_2024,34,M1-M0,0.021162163785593564,1750
log1p_market_access_2024,34,M3-M2,0.0078705341930411631,1750
log1p_market_access_2024,35,M1-M0,0.020561103185475244,1760
log1p_market_access_2024,35,M3-M2,0.0080289938071924759,1760
log1p_market_access_2024,37,M1-M0,0.020671239815006511,1759
log1p_market_access_2024,37,M3-M2,0.0075529521640820586,1759
log1p_market_access_2024,38,M1-M0,0.019109938563339684,1747
log1p_market_access_2024,38,M3-M2,0.0049903325840287855,1747
log1p_market_access_2024,39,M1-M0,0.021646443573388446,1767
log1p_market_access_2024,39,M3-M2,0.0078478821994021862,1767
log1p_market_access_2024,40,M1-M0,0.020900108090724848,1760
log1p_market_access_2024,40,M3-M2,0.0076719924713518585,1760
log1p_market_access_2024,41,M1-M0,0.02011979186573655,1778
log1p_market_access_2024,41,M3-M2,0.0072718928025466961,1778
log1p_market_access_2024,43,M1-M0,0.019726858850064127,1742
log1p_market_access_2024,43,M3-M2,0.007176900734958737,1742
log1p_market_access_2024,44,M1-M0,0.021526551314181585,1757
log1p_market_access_2024,44,M3-M2,0.008200970216120063,1757
log1p_market_access_2024,45,M1-M0,0.020358624720192359,1761
log1p_market_access_2024,45,M3-M2,0.0072744016744851064,1761
log1p_market_access_2024,47,M1-M0,0.02033838624055646,1767
log1p_market_access_2024,47,M3-M2,0.0073199947101505259,1767
log1p_market_access_2024,48,M1-M0,0.020738732717247139,1768
log1p_market_access_2024,48,M3-M2,0.0073244905190925549,1768
log1p_market_access_2024,49,M1-M0,0.020729581846578613,1784
log1p_market_access_2024,49,M3-M2,0.0073959414461877392,1784
log1p_market_access_2024,50,M1-M0,0.016520924884414055,1733
log1p_market_access_2024,50,M3-M2,0.0039815232457513844,1733
log1p_market_access_2024,51,M1-M0,0.021064906839968093,1773
log1p_market_access_2024,51,M3-M2,0.0075592710273218611,1773
log1p_market_access_2024,52,M1-M0,0.021845637352117954,1735
log1p_market_access_2024,52,M3-M2,0.0075246135758444454,1735
log1p_market_access_2024,53,M1-M0,0.020967442160904789,1764
log1p_market_access_2024,53,M3-M2,0.0074210445916648281,1764
log1p_market_access_2024,54,M1-M0,0.016073736201792411,1750
log1p_market_access_2024,54,M3-M2,0.0061347379906355913,1750
log1p_market_access_2024,55,M1-M0,0.021620017048487181,1752
log1p_market_access_2024,55,M3-M2,0.0076188296278334594,1752
log1p_market_access_2024,56,M1-M0,0.020094247923672624,1746
log1p_market_access_2024,56,M3-M2,0.0078550730908958661,1746
log1p_market_access_2024,57,M1-M0,0.021546400575893094,1764
log1p_market_access_2024,57,M3-M2,0.0078015710973896079,1764
log1p_market_access_2024,58,M1-M0,0.020467844974866239,1760
log1p_market_access_2024,58,M3-M2,0.0074299272116465122,1760
log1p_market_access_2024,59,M1-M0,0.022210414641460872,1743
log1p_market_access_2024,59,M3-M2,0.0081485670220154058,1743
log1p_market_access_2024,60,M1-M0,0.020604375571189524,1763
log1p_market_access_2024,60,M3-M2,0.0076344520712105781,1763
log1p_market_access_2024,62,M1-M0,0.021283529900940807,1759
log1p_market_access_2024,62,M3-M2,0.0078924336681128384,1759
log1p_market_access_2024,63,M1-M0,0.022304755368934087,1749
log1p_market_access_2024,63,M3-M2,0.0093722599711909462,1749
log1p_market_access_2024,64,M1-M0,0.021456537625256594,1746
log1p_market_access_2024,64,M3-M2,0.007155963036986999,1746
log1p_market_access_2024,65,M1-M0,0.020502242768901759,1769
log1p_market_access_2024,65,M3-M2,0.0072589449233666373,1769
log1p_market_access_2024,66,M1-M0,0.020914294598868309,1721
log1p_market_access_2024,66,M3-M2,0.0074614427941693548,1721
log1p_market_access_2024,67,M1-M0,0.020888328706688726,1758
log1p_market_access_2024,67,M3-M2,0.0078103129402228291,1758
log1p_market_access_2024,68,M1-M0,0.021089510932395243,1761
log1p_market_access_2024,68,M3-M2,0.0074867991795611816,1761
log1p_market_access_2024,69,M1-M0,0.021142629905186113,1748
log1p_market_access_2024,69,M3-M2,0.0080487369788993929,1748
log1p_market_access_2024,70,M1-M0,0.016621080701347501,1766
log1p_market_access_2024,70,M3-M2,0.0060426169463640936,1766
log1p_market_access_2024,71,M1-M0,0.021096625084526793,1761
log1p_market_access_2024,71,M3-M2,0.0075784463077493858,1761
log1p_market_access_2024,72,M1-M0,0.020389799169107332,1779
log1p_market_access_2024,72,M3-M2,0.0071575648777533621,1779
log1p_market_access_2024,73,M1-M0,0.020356992760851012,1764
log1p_market_access_2024,73,M3-M2,0.0071699727612936125,1764
log1p_market_access_2024,74,M1-M0,0.021364656789870793,1748
log1p_market_access_2024,74,M3-M2,0.0073743731014385052,1748
log1p_market_access_2024,75,M1-M0,0.020812673329319357,1757
log1p_market_access_2024,75,M3-M2,0.0069209289480601319,1757
log1p_market_access_2024,76,M1-M0,0.021537921271772884,1766
log1p_market_access_2024,76,M3-M2,0.0080043859948497192,1766
log1p_market_access_2024,77,M1-M0,0.0207003661346419,1783
log1p_market_access_2024,77,M3-M2,0.0073764251262300878,1783
log1p_market_access_2024,78,M1-M0,0.019991296838102638,1705
log1p_market_access_2024,78,M3-M2,0.0067648286476693275,1705
log1p_market_access_2024,79,M1-M0,0.020842582819012096,1779
log1p_market_access_2024,79,M3-M2,0.0077786809879834664,1779
log1p_market_access_2024,83,M1-M0,0.020751917473995057,1783
log1p_market_access_2024,83,M3-M2,0.0073971893674409589,1783
log1p_market_access_2024,86,M1-M0,0.021916518503522778,1763
log1p_market_access_2024,86,M3-M2,0.0084007254146807719,1763
log1p_market_access_2024,87,M1-M0,0.020729581846578748,1784
log1p_market_access_2024,87,M3-M2,0.0073959414461877392,1784
log1p_market_access_2024,89,M1-M0,0.021954954698403386,1772
log1p_market_access_2024,89,M3-M2,0.0086847265550772761,1772
agriculture_share,1,M1-M0,0.0118948895526481,1036
agriculture_share,1,M3-M2,0.020401541831853564,1036
agriculture_share,2,M1-M0,0.011661386502084786,999
agriculture_share,2,M3-M2,0.020669967185889523,999
agriculture_share,4,M1-M0,0.011993843123588463,1040
agriculture_share,4,M3-M2,0.0204351425798916,1040
agriculture_share,7,M1-M0,0.011939746320301991,1041
agriculture_share,7,M3-M2,0.020311107269070337,1041
agriculture_share,9,M1-M0,0.011867987090245023,1041
agriculture_share,9,M3-M2,0.020211896453412263,1041
agriculture_share,10,M1-M0,0.012278723146575309,1026
agriculture_share,10,M3-M2,0.020878708165614015,1026
agriculture_share,11,M1-M0,0.012679106822797983,1029
agriculture_share,11,M3-M2,0.020719498187435084,1029
agriculture_share,12,M1-M0,0.012367645492799173,1031
agriculture_share,12,M3-M2,0.020754257535676095,1031
agriculture_share,13,M1-M0,0.013367872348172575,1030
agriculture_share,13,M3-M2,0.020589798806393524,1030
agriculture_share,14,M1-M0,0.012243674527164001,1019
agriculture_share,14,M3-M2,0.023659537463274725,1019
agriculture_share,15,M1-M0,0.011939251455550965,1042
agriculture_share,15,M3-M2,0.020321686608011109,1042
agriculture_share,16,M1-M0,0.015262217885401842,1002
agriculture_share,16,M3-M2,0.022001022996117885,1002
agriculture_share,17,M1-M0,0.011946702900296263,1037
agriculture_share,17,M3-M2,0.020339213179528873,1037
agriculture_share,18,M1-M0,0.012825175413101374,1018
agriculture_share,18,M3-M2,0.021494965800400331,1018
agriculture_share,19,M1-M0,0.01192999884455034,1041
agriculture_share,19,M3-M2,0.020286939416704224,1041
agriculture_share,21,M1-M0,0.011978202980900568,1032
agriculture_share,21,M3-M2,0.020765345174290743,1032
agriculture_share,22,M1-M0,0.0093194771680976309,992
agriculture_share,22,M3-M2,0.015979633889020056,992
agriculture_share,24,M1-M0,0.0093255922585619468,1014
agriculture_share,24,M3-M2,0.016017632242721243,1014
agriculture_share,25,M1-M0,0.012867077258210225,1026
agriculture_share,25,M3-M2,0.022725922714847493,1026
agriculture_share,26,M1-M0,0.010951755017622354,1015
agriculture_share,26,M3-M2,0.019363221013575002,1015
agriculture_share,27,M1-M0,0.010932200663977858,1030
agriculture_share,27,M3-M2,0.020947655113769833,1030
agriculture_share,28,M1-M0,0.011902349124896554,1028
agriculture_share,28,M3-M2,0.020970042069190117,1028
agriculture_share,29,M1-M0,0.011121109666819309,1032
agriculture_share,29,M3-M2,0.01924237165717432,1032
agriculture_share,30,M1-M0,0.012038070330428792,1036
agriculture_share,30,M3-M2,0.020723319832778517,1036
agriculture_share,33,M1-M0,0.012121700170945207,1033
agriculture_share,33,M3-M2,0.020587035819837535,1033
agriculture_share,34,M1-M0,0.01214493317898576,1016
agriculture_share,34,M3-M2,0.020522191086737026,1016
agriculture_share,35,M1-M0,0.013389455241111707,1024
agriculture_share,35,M3-M2,0.021716084381298812,1024
agriculture_share,37,M1-M0,0.011862786309605293,1039
agriculture_share,37,M3-M2,0.02042316607917791,1039
agriculture_share,38,M1-M0,0.010678300886080556,1008
agriculture_share,38,M3-M2,0.018983582350081948,1008
agriculture_share,39,M1-M0,0.014226874876808468,1036
agriculture_share,39,M3-M2,0.022549793734096307,1036
agriculture_share,40,M1-M0,0.011779808398083708,1033
agriculture_share,40,M3-M2,0.020213555647443725,1033
agriculture_share,41,M1-M0,0.011596321085110725,1035
agriculture_share,41,M3-M2,0.01921051556728964,1035
agriculture_share,43,M1-M0,0.0096101794372094335,1014
agriculture_share,43,M3-M2,0.016197875218435836,1014
agriculture_share,44,M1-M0,0.012421047425582022,1033
agriculture_share,44,M3-M2,0.020787049189029648,1033
agriculture_share,45,M1-M0,0.012873867945325253,1028
agriculture_share,45,M3-M2,0.021203273950280196,1028
agriculture_share,47,M1-M0,0.012176610595870658,1027
agriculture_share,47,M3-M2,0.021034318718732188,1027
agriculture_share,48,M1-M0,0.011289352214634991,1027
agriculture_share,48,M3-M2,0.020052114780664008,1027
agriculture_share,49,M1-M0,0.011939251455551105,1042
agriculture_share,49,M3-M2,0.020321686608011109,1042
agriculture_share,50,M1-M0,0.012394115940117833,1015
agriculture_share,50,M3-M2,0.020453752037516204,1015
agriculture_share,51,M1-M0,0.011771227434998236,1040
agriculture_share,51,M3-M2,0.020260665861078327,1040
agriculture_share,52,M1-M0,0.011960070304671014,1017
agriculture_share,52,M3-M2,0.020470738664101217,1017
agriculture_share,53,M1-M0,0.012195186680855346,1034
agriculture_share,53,M3-M2,0.020468119648654293,1034
agriculture_share,54,M1-M0,0.011095322995124777,1018
agriculture_share,54,M3-M2,0.01995834431856924,1018
agriculture_share,55,M1-M0,0.012111872732919448,1016
agriculture_share,55,M3-M2,0.019832222993520408,1016
agriculture_share,56,M1-M0,0.011662721698222441,1027
agriculture_share,56,M3-M2,0.020313506828996686,1027
agriculture_share,57,M1-M0,0.0115807408547005,1023
agriculture_share,57,M3-M2,0.019722117373041369,1023
agriculture_share,58,M1-M0,0.012359097335398335,1026
agriculture_share,58,M3-M2,0.021547984545875042,1026
agriculture_share,59,M1-M0,0.011844412940680523,1021
agriculture_share,59,M3-M2,0.020145275910861741,1021
agriculture_share,60,M1-M0,0.012412510573972588,1036
agriculture_share,60,M3-M2,0.020094931174188004,1036
agriculture_share,62,M1-M0,0.012492074296289755,1028
agriculture_share,62,M3-M2,0.020859260108701559,1028
agriculture_share,63,M1-M0,0.012029149105932004,1023
agriculture_share,63,M3-M2,0.020524157402015852,1023
agriculture_share,64,M1-M0,0.011624848013432909,1014
agriculture_share,64,M3-M2,0.019592448677766959,1014
agriculture_share,65,M1-M0,0.011269246717147966,1030
agriculture_share,65,M3-M2,0.019184239689325849,1030
agriculture_share,66,M1-M0,0.011820823837047509,1022
agriculture_share,66,M3-M2,0.019720453575662406,1022
agriculture_share,67,M1-M0,0.012163354104054509,1029
agriculture_share,67,M3-M2,0.020559177059034643,1029
agriculture_share,68,M1-M0,0.011750487789624928,1026
agriculture_share,68,M3-M2,0.020975678551982319,1026
agriculture_share,69,M1-M0,0.01267560229626496,1030
agriculture_share,69,M3-M2,0.020892941363675796,1030
agriculture_share,70,M1-M0,0.012028956241963644,1033
agriculture_share,70,M3-M2,0.02125911924990365,1033
agriculture_share,71,M1-M0,0.011203856276868649,1027
agriculture_share,71,M3-M2,0.02002311849736647,1027
agriculture_share,72,M1-M0,0.011736802523885859,1038
agriculture_share,72,M3-M2,0.020400414377154948,1038
agriculture_share,73,M1-M0,0.012218264417819273,1035
agriculture_share,73,M3-M2,0.020404787603927745,1035
agriculture_share,74,M1-M0,0.011875165008830917,1030
agriculture_share,74,M3-M2,0.020538265170511858,1030
agriculture_share,75,M1-M0,0.011952646580913544,1033
agriculture_share,75,M3-M2,0.020576621684375074,1033
agriculture_share,76,M1-M0,0.012587983587574994,1026
agriculture_share,76,M3-M2,0.019964141777969943,1026
agriculture_share,78,M1-M0,0.011929565206737923,1041
agriculture_share,78,M3-M2,0.020310831640280184,1041
agriculture_share,79,M1-M0,0.013381144609766676,1039
agriculture_share,79,M3-M2,0.022389348982829238,1039
agriculture_share,83,M1-M0,0.011927648994364633,1041
agriculture_share,83,M3-M2,0.020317811885184556,1041
agriculture_share,86,M1-M0,0.011939251455551105,1042
agriculture_share,86,M3-M2,0.020321686608011109,1042
agriculture_share,87,M1-M0,0.012623297562129744,1039
agriculture_share,87,M3-M2,0.020604193898043303,1039
agriculture_share,89,M1-M0,0.011806487137724643,1036
agriculture_share,89,M3-M2,0.020077356708082701,1036
manufacturing_share,1,M1-M0,0.031988919528221527,964
manufacturing_share,1,M3-M2,0.020666313172498698,964
manufacturing_share,2,M1-M0,0.028182002049298743,934
manufacturing_share,2,M3-M2,0.018808543938085662,934
manufacturing_share,4,M1-M0,0.031243864035213398,967
manufacturing_share,4,M3-M2,0.019188493181172654,967
manufacturing_share,7,M1-M0,0.030084710123852807,967
manufacturing_share,7,M3-M2,0.018745546477654629,967
manufacturing_share,9,M1-M0,0.029963576524980419,968
manufacturing_share,9,M3-M2,0.018113801593127185,968
manufacturing_share,10,M1-M0,0.031649122278166283,963
manufacturing_share,10,M3-M2,0.019883526525128613,963
manufacturing_share,11,M1-M0,0.032619497837908282,961
manufacturing_share,11,M3-M2,0.021700982266674915,961
manufacturing_share,12,M1-M0,0.031172118124044561,959
manufacturing_share,12,M3-M2,0.018682549689506448,959
manufacturing_share,13,M1-M0,0.031177674901348141,962
manufacturing_share,13,M3-M2,0.019654261090292842,962
manufacturing_share,14,M1-M0,0.031820484351168479,963
manufacturing_share,14,M3-M2,0.018942975938079688,963
manufacturing_share,15,M1-M0,0.031663602155152779,967
manufacturing_share,15,M3-M2,0.01963095624314071,967
manufacturing_share,16,M1-M0,0.032845692280235358,944
manufacturing_share,16,M3-M2,0.021465109588324507,944
manufacturing_share,17,M1-M0,0.031086138890635325,969
manufacturing_share,17,M3-M2,0.019164183874282467,969
manufacturing_share,18,M1-M0,0.029568758878018218,952
manufacturing_share,18,M3-M2,0.017019550814544919,952
manufacturing_share,19,M1-M0,0.031506495926907442,965
manufacturing_share,19,M3-M2,0.01927045924891083,965
manufacturing_share,21,M1-M0,0.030861305039696231,958
manufacturing_share,21,M3-M2,0.018544987231391863,958
manufacturing_share,22,M1-M0,0.029942571697484693,930
manufacturing_share,22,M3-M2,0.018413967728814918,930
manufacturing_share,24,M1-M0,0.033252255602880955,944
manufacturing_share,24,M3-M2,0.021842084380392139,944
manufacturing_share,25,M1-M0,0.026943049681268167,949
manufacturing_share,25,M3-M2,0.016456466566645941,949
manufacturing_share,26,M1-M0,0.028328209884434078,948
manufacturing_share,26,M3-M2,0.017007629845852714,948
manufacturing_share,27,M1-M0,0.029586903970386918,963
manufacturing_share,27,M3-M2,0.018279047689922518,963
manufacturing_share,28,M1-M0,0.031184325314056661,965
manufacturing_share,28,M3-M2,0.019155819940958021,965
manufacturing_share,29,M1-M0,0.031117703434483186,966
manufacturing_share,29,M3-M2,0.018933204364585798,966
manufacturing_share,30,M1-M0,0.033302705727327485,965
manufacturing_share,30,M3-M2,0.020183573618730438,965
manufacturing_share,33,M1-M0,0.032674443338150318,954
manufacturing_share,33,M3-M2,0.019919022133479489,954
manufacturing_share,34,M1-M0,0.029473073098664839,950
manufacturing_share,34,M3-M2,0.018775982557328381,950
manufacturing_share,35,M1-M0,0.031886671668566555,959
manufacturing_share,35,M3-M2,0.018273679564023329,959
manufacturing_share,37,M1-M0,0.03255097957095817,959
manufacturing_share,37,M3-M2,0.019923417132659316,959
manufacturing_share,38,M1-M0,0.029373408360410982,947
manufacturing_share,38,M3-M2,0.018580577374482748,947
manufacturing_share,39,M1-M0,0.030825781246822715,957
manufacturing_share,39,M3-M2,0.019550408783954358,957
manufacturing_share,40,M1-M0,0.029026521118651338,955
manufacturing_share,40,M3-M2,0.017323531131352685,955
manufacturing_share,41,M1-M0,0.027653531760461807,965
manufacturing_share,41,M3-M2,0.016419131675608049,965
manufacturing_share,43,M1-M0,0.029923274281294761,943
manufacturing_share,43,M3-M2,0.018994001657044873,943
manufacturing_share,44,M1-M0,0.032412620828425776,958
manufacturing_share,44,M3-M2,0.020965545218526775,958
manufacturing_share,45,M1-M0,0.030554620586603746,960
manufacturing_share,45,M3-M2,0.018937415897988433,960
manufacturing_share,47,M1-M0,0.031455756553215183,953
manufacturing_share,47,M3-M2,0.019901725772283177,953
manufacturing_share,48,M1-M0,0.030825500194874213,960
manufacturing_share,48,M3-M2,0.018452763783854853,960
manufacturing_share,49,M1-M0,0.031086138890635186,969
manufacturing_share,49,M3-M2,0.019164183874282308,969
manufacturing_share,50,M1-M0,0.036698939013690028,921
manufacturing_share,50,M3-M2,0.024449938624318508,921
manufacturing_share,51,M1-M0,0.030386252714239507,962
manufacturing_share,51,M3-M2,0.018953896146417203,962
manufacturing_share,52,M1-M0,0.027256138520623686,941
manufacturing_share,52,M3-M2,0.01593924481384168,941
manufacturing_share,53,M1-M0,0.032093054346055042,960
manufacturing_share,53,M3-M2,0.018994611999420683,960
manufacturing_share,54,M1-M0,0.031883381536281605,946
manufacturing_share,54,M3-M2,0.019567302888697676,946
manufacturing_share,55,M1-M0,0.031076328243688781,956
manufacturing_share,55,M3-M2,0.01914152524774072,956
manufacturing_share,56,M1-M0,0.032296431740834387,957
manufacturing_share,56,M3-M2,0.019137053576376194,957
manufacturing_share,57,M1-M0,0.031947964446454029,963
manufacturing_share,57,M3-M2,0.019950505076359773,963
manufacturing_share,58,M1-M0,0.0325037630382762,959
manufacturing_share,58,M3-M2,0.018967558155450776,959
manufacturing_share,59,M1-M0,0.030391420597989615,952
manufacturing_share,59,M3-M2,0.019596115403101008,952
manufacturing_share,60,M1-M0,0.031930178670444044,964
manufacturing_share,60,M3-M2,0.01884799062111802,964
manufacturing_share,62,M1-M0,0.031266511795305173,959
manufacturing_share,62,M3-M2,0.019388713307972177,959
manufacturing_share,63,M1-M0,0.030445443603175658,953
manufacturing_share,63,M3-M2,0.01901372697880481,953
manufacturing_share,64,M1-M0,0.030241670996820947,960
manufacturing_share,64,M3-M2,0.0188723591209389,960
manufacturing_share,65,M1-M0,0.03117673878858887,966
manufacturing_share,65,M3-M2,0.019540855803316982,966
manufacturing_share,66,M1-M0,0.032523945547410629,928
manufacturing_share,66,M3-M2,0.020286131003960383,928
manufacturing_share,67,M1-M0,0.03320092487727546,958
manufacturing_share,67,M3-M2,0.019070280274179809,958
manufacturing_share,68,M1-M0,0.032347507893815415,960
manufacturing_share,68,M3-M2,0.020060046877018168,960
manufacturing_share,69,M1-M0,0.032007071399798845,955
manufacturing_share,69,M3-M2,0.019482881805492069,955
manufacturing_share,70,M1-M0,0.031478695858011219,962
manufacturing_share,70,M3-M2,0.019856457126023384,962
manufacturing_share,71,M1-M0,0.030763198016082897,955
manufacturing_share,71,M3-M2,0.018653957292555964,955
manufacturing_share,72,M1-M0,0.030730110737934524,965
manufacturing_share,72,M3-M2,0.018748672018472898,965
manufacturing_share,73,M1-M0,0.031380156040195568,961
manufacturing_share,73,M3-M2,0.019570348171273743,961
manufacturing_share,74,M1-M0,0.030579097778261673,945
manufacturing_share,74,M3-M2,0.018656170751264415,945
manufacturing_share,75,M1-M0,0.030949777346444315,961
manufacturing_share,75,M3-M2,0.018984216040625661,961
manufacturing_share,76,M1-M0,0.031562470403944137,961
manufacturing_share,76,M3-M2,0.01882400358334366,961
manufacturing_share,77,M1-M0,0.031390292068519537,968
manufacturing_share,77,M3-M2,0.019514291532350143,968
manufacturing_share,78,M1-M0,0.035511710384670464,908
manufacturing_share,78,M3-M2,0.022052293610229215,908
manufacturing_share,79,M1-M0,0.031271764990832188,968
manufacturing_share,79,M3-M2,0.019393257866696972,968
manufacturing_share,83,M1-M0,0.031113493439100151,968
manufacturing_share,83,M3-M2,0.019165414191297029,968
manufacturing_share,86,M1-M0,0.030560456459287618,948
manufacturing_share,86,M3-M2,0.018945398257320525,948
manufacturing_share,87,M1-M0,0.031087071379117696,968
manufacturing_share,87,M3-M2,0.019132651838095271,968
manufacturing_share,89,M1-M0,0.030246489051819463,960
manufacturing_share,89,M3-M2,0.019457197967880303,960
mining_share,1,M1-M0,0.0083353419628185259,271
mining_share,1,M3-M2,0.0046832585458862278,271
mining_share,2,M1-M0,0.0088471442823837235,254
mining_share,2,M3-M2,0.0048367590978909024,254
mining_share,10,M1-M0,0.0084673349022912729,269
mining_share,10,M3-M2,0.0047787599828656409,269
mining_share,11,M1-M0,0.0093972087075692486,268
mining_share,11,M3-M2,0.0044212448082313182,268
mining_share,14,M1-M0,0.017092787296503164,261
mining_share,14,M3-M2,0.0041151359949379816,261
mining_share,16,M1-M0,0.0084383047425555038,254
mining_share,16,M3-M2,0.0045990564246780434,254
mining_share,18,M1-M0,0.0096353710177711927,261
mining_share,18,M3-M2,0.0045558839458201463,261
mining_share,19,M1-M0,0.012556720794771535,266
mining_share,19,M3-M2,0.0083943012862200701,266
mining_share,24,M1-M0,0.0068813445720943573,263
mining_share,24,M3-M2,0.0061430438046182513,263
mining_share,25,M1-M0,0.0078392817504696084,269
mining_share,25,M3-M2,0.0041018485605649035,269
mining_share,26,M1-M0,0.0097364667365900954,270
mining_share,26,M3-M2,0.0059018076115460848,270
mining_share,27,M1-M0,0.0074880382887788288,268
mining_share,27,M3-M2,0.0043322946228537499,268
mining_share,28,M1-M0,0.0094219055888924135,269
mining_share,28,M3-M2,0.006014643514823296,269
mining_share,29,M1-M0,0.0086655003995234608,272
mining_share,29,M3-M2,0.0050263283793854311,272
mining_share,30,M1-M0,0.0085351353287367645,270
mining_share,30,M3-M2,0.0049555706121841804,270
mining_share,33,M1-M0,0.0086655003995233289,272
mining_share,33,M3-M2,0.0050263283793852984,272
mining_share,34,M1-M0,0.0076240764910401456,266
mining_share,34,M3-M2,0.0047219770384121403,266
mining_share,38,M1-M0,0.0067446790383895562,263
mining_share,38,M3-M2,0.0049709660443669453,263
mining_share,39,M1-M0,0.0090863484524265955,271
mining_share,39,M3-M2,0.0055314881543411468,271
mining_share,40,M1-M0,0.0086551425261755157,271
mining_share,40,M3-M2,0.0050277573310063047,271
mining_share,41,M1-M0,0.010316924384013116,271
mining_share,41,M3-M2,0.0060482398124764103,271
mining_share,43,M1-M0,0.0086655003995234608,272
mining_share,43,M3-M2,0.0050263283793855638,272
mining_share,47,M1-M0,0.0089871884917350868,268
mining_share,47,M3-M2,0.0054276978314751201,268
mining_share,48,M1-M0,0.0086655003995233289,272
mining_share,48,M3-M2,0.0050263283793854302,272
mining_share,50,M1-M0,0.0086608830349593387,270
mining_share,50,M3-M2,0.005024184883502307,270
mining_share,51,M1-M0,0.0086655003995234608,272
mining_share,51,M3-M2,0.0050263283793855638,272
mining_share,54,M1-M0,0.0089894279375760007,269
mining_share,54,M3-M2,0.0054023767590868762,269
mining_share,56,M1-M0,0.0082083135278330655,265
mining_share,56,M3-M2,0.0042502791589916506,265
mining_share,59,M1-M0,0.010293764123594416,253
mining_share,59,M3-M2,0.0061238459075191234,253
mining_share,62,M1-M0,0.0086655003995233289,272
mining_share,62,M3-M2,0.0050263283793854311,272
mining_share,63,M1-M0,0.0060101807275159168,260
mining_share,63,M3-M2,0.0037516050111657657,260
mining_share,64,M1-M0,0.0092515290501191047,267
mining_share,64,M3-M2,0.005597830051330451,267
mining_share,65,M1-M0,0.0092490931411585882,269
mining_share,65,M3-M2,0.00551125143378009,269
mining_share,66,M1-M0,0.0090523796064749685,267
mining_share,66,M3-M2,0.0053105018938587739,267
mining_share,70,M1-M0,0.013353313710243717,268
mining_share,70,M3-M2,0.0082140526907661555,268
mining_share,71,M1-M0,0.0086655003995233289,272
mining_share,71,M3-M2,0.0050263283793854311,272
mining_share,72,M1-M0,0.0086655003995234608,272
mining_share,72,M3-M2,0.0050263283793854302,272
mining_share,74,M1-M0,0.0095870135654656918,263
mining_share,74,M3-M2,0.0065470920599220552,263
mining_share,75,M1-M0,0.0062596196645583486,264
mining_share,75,M3-M2,0.0043714031683144876,264
mining_share,76,M1-M0,0.0086655003995234625,272
mining_share,76,M3-M2,0.0050263283793854302,272
mining_share,78,M1-M0,0.0086557531782738822,271
mining_share,78,M3-M2,0.0050224809245476513,271
mining_share,79,M1-M0,0.0086655003995234608,272
mining_share,79,M3-M2,0.0050263283793855638,272
mining_share,83,M1-M0,0.0087760848847286427,271
mining_share,83,M3-M2,0.0051521003583975475,271
mining_share,86,M1-M0,0.004203666889836033,252
mining_share,86,M3-M2,0.0029582111382777075,252
mining_share,87,M1-M0,0.010223631139842574,270
mining_share,87,M3-M2,0.0059865509586110232,270
mining_share,89,M1-M0,0.0081186195397313209,263
mining_share,89,M3-M2,0.0039338819033714169,263
public_share,1,M1-M0,0.051631929608913503,1585
public_share,1,M3-M2,0.020515446675927987,1585
public_share,2,M1-M0,0.049955560329433331,1533
public_share,2,M3-M2,0.019122672030556776,1533
public_share,4,M1-M0,0.051435291946332722,1584
public_share,4,M3-M2,0.019700131436419108,1584
public_share,7,M1-M0,0.05018491161798691,1590
public_share,7,M3-M2,0.018925930714239054,1590
public_share,8,M1-M0,0.051635023096964709,1589
public_share,8,M3-M2,0.019429589488119098,1589
public_share,9,M1-M0,0.050184095135173877,1589
public_share,9,M3-M2,0.018852250302933613,1589
public_share,10,M1-M0,0.051421522212117161,1576
public_share,10,M3-M2,0.019947062013474036,1576
public_share,11,M1-M0,0.05327906412231595,1574
public_share,11,M3-M2,0.021215951955538367,1574
public_share,12,M1-M0,0.051482458249416316,1578
public_share,12,M3-M2,0.019750601552716282,1578
public_share,13,M1-M0,0.051356786333743555,1577
public_share,13,M3-M2,0.019547329959467282,1577
public_share,14,M1-M0,0.056403216637808132,1565
public_share,14,M3-M2,0.018561909883106052,1565
public_share,15,M1-M0,0.051393700223941567,1587
public_share,15,M3-M2,0.019415321256171673,1587
public_share,16,M1-M0,0.054434251648543638,1551
public_share,16,M3-M2,0.020439582184499025,1551
public_share,17,M1-M0,0.052021811806140891,1587
public_share,17,M3-M2,0.019909648389177484,1587
public_share,18,M1-M0,0.051984919077974527,1568
public_share,18,M3-M2,0.019360222739430132,1568
public_share,19,M1-M0,0.051078482413450511,1585
public_share,19,M3-M2,0.019592149183521625,1585
public_share,21,M1-M0,0.050864751147098153,1573
public_share,21,M3-M2,0.019112350847894102,1573
public_share,22,M1-M0,0.051656737896572026,1548
public_share,22,M3-M2,0.020523663380216679,1548
public_share,24,M1-M0,0.053565437727734734,1547
public_share,24,M3-M2,0.022145394056342763,1547
public_share,25,M1-M0,0.049839756252773225,1565
public_share,25,M3-M2,0.018465321141826335,1565
public_share,26,M1-M0,0.042660961494409004,1563
public_share,26,M3-M2,0.014658075741298947,1563
public_share,27,M1-M0,0.051446839633077522,1579
public_share,27,M3-M2,0.019759971389900873,1579
public_share,28,M1-M0,0.049889531725509063,1578
public_share,28,M3-M2,0.01837866897466137,1578
public_share,29,M1-M0,0.05061356219973507,1578
public_share,29,M3-M2,0.01921966420073308,1578
public_share,30,M1-M0,0.053130406031053241,1583
public_share,30,M3-M2,0.020718021916098651,1583
public_share,33,M1-M0,0.051835569161655486,1577
public_share,33,M3-M2,0.020047300096347712,1577
public_share,34,M1-M0,0.050641131892671019,1559
public_share,34,M3-M2,0.019141324892892095,1559
public_share,35,M1-M0,0.051118053628204076,1570
public_share,35,M3-M2,0.019509346285183384,1570
public_share,37,M1-M0,0.052750265563544403,1571
public_share,37,M3-M2,0.020853812040579931,1571
public_share,38,M1-M0,0.045251508069594951,1562
public_share,38,M3-M2,0.018682023813833472,1562
public_share,39,M1-M0,0.048032612089661982,1577
public_share,39,M3-M2,0.018308526130915759,1577
public_share,40,M1-M0,0.049928772503138569,1582
public_share,40,M3-M2,0.018586077544313004,1582
public_share,41,M1-M0,0.051146034044571201,1585
public_share,41,M3-M2,0.019497122481658545,1585
public_share,43,M1-M0,0.053252509665202875,1552
public_share,43,M3-M2,0.021198796468680735,1552
public_share,44,M1-M0,0.050620908040322848,1572
public_share,44,M3-M2,0.019778194358838073,1572
public_share,45,M1-M0,0.051767912726975659,1570
public_share,45,M3-M2,0.019776395767914037,1570
public_share,47,M1-M0,0.053555075934070273,1576
public_share,47,M3-M2,0.021029798012495195,1576
public_share,48,M1-M0,0.051644007604703744,1581
public_share,48,M3-M2,0.019783800561125137,1581
public_share,49,M1-M0,0.051378605544840271,1593
public_share,49,M3-M2,0.019571531018801235,1593
public_share,50,M1-M0,0.055823134637163652,1547
public_share,50,M3-M2,0.022769023020480238,1547
public_share,51,M1-M0,0.05152602555988646,1582
public_share,51,M3-M2,0.0194001470670996,1582
public_share,52,M1-M0,0.051621976470265576,1544
public_share,52,M3-M2,0.018749545143311865,1544
public_share,53,M1-M0,0.051374341662043778,1573
public_share,53,M3-M2,0.02000549537470617,1573
public_share,54,M1-M0,0.053047327346677761,1559
public_share,54,M3-M2,0.020285525920904993,1559
public_share,55,M1-M0,0.050752332826883302,1566
public_share,55,M3-M2,0.019442686356294488,1566
public_share,56,M1-M0,0.051223622910881207,1557
public_share,56,M3-M2,0.019504811730859363,1557
public_share,57,M1-M0,0.052243557938550449,1577
public_share,57,M3-M2,0.019968252232258944,1577
public_share,58,M1-M0,0.051420696588519256,1582
public_share,58,M3-M2,0.019686420633568243,1582
public_share,59,M1-M0,0.051489098412357936,1556
public_share,59,M3-M2,0.019106302216227233,1556
public_share,60,M1-M0,0.05241776358922226,1572
public_share,60,M3-M2,0.020257635711550207,1572
public_share,62,M1-M0,0.051576292146359989,1582
public_share,62,M3-M2,0.019820331812813334,1582
public_share,63,M1-M0,0.051297835024886232,1559
public_share,63,M3-M2,0.019387861170940955,1559
public_share,64,M1-M0,0.050853369047107466,1562
public_share,64,M3-M2,0.019557950019323006,1562
public_share,65,M1-M0,0.052439137802766149,1579
public_share,65,M3-M2,0.020155229906932529,1579
public_share,66,M1-M0,0.051410762634868559,1541
public_share,66,M3-M2,0.019804236618169373,1541
public_share,67,M1-M0,0.051387895011538502,1575
public_share,67,M3-M2,0.019290624308535752,1575
public_share,68,M1-M0,0.052411334840880966,1576
public_share,68,M3-M2,0.019643249812653921,1576
public_share,69,M1-M0,0.051043286515530209,1558
public_share,69,M3-M2,0.018827557927039339,1558
public_share,70,M1-M0,0.051387643948854568,1581
public_share,70,M3-M2,0.019455873781650149,1581
public_share,71,M1-M0,0.052432376063066846,1570
public_share,71,M3-M2,0.020246016279544702,1570
public_share,72,M1-M0,0.050973620962207998,1588
public_share,72,M3-M2,0.019112545498056799,1588
public_share,73,M1-M0,0.051305612203712443,1573
public_share,73,M3-M2,0.0196001654011983,1573
public_share,74,M1-M0,0.051171492712675404,1557
public_share,74,M3-M2,0.018893266834894177,1557
public_share,75,M1-M0,0.045999801051045897,1568
public_share,75,M3-M2,0.016867445988656478,1568
public_share,76,M1-M0,0.051769894971668201,1575
public_share,76,M3-M2,0.019189495917156588,1575
public_share,77,M1-M0,0.051668544989108875,1592
public_share,77,M3-M2,0.019842124034034257,1592
public_share,78,M1-M0,0.061452985072309632,1537
public_share,78,M3-M2,0.024538495860982522,1537
public_share,79,M1-M0,0.051321069059883283,1589
public_share,79,M3-M2,0.01960306180067814,1589
public_share,83,M1-M0,0.051798828979292472,1592
public_share,83,M3-M2,0.019884891445657405,1592
public_share,86,M1-M0,0.049365682230948865,1574
public_share,86,M3-M2,0.018183117492559322,1574
public_share,87,M1-M0,0.049563395070748389,1590
public_share,87,M3-M2,0.018644620002529394,1590
public_share,89,M1-M0,0.05111790278408701,1582
public_share,89,M3-M2,0.019908334505882318,1582
