target,region_code,group,N_panel,n_complete
log_wage_total_2023,1,0,1,1
log_wage_total_2023,1,1,6,6
log_wage_total_2023,1,2,2,2
log_wage_total_2023,1,3,0,0
log_wage_total_2023,2,0,1,1
log_wage_total_2023,2,1,53,53
log_wage_total_2023,2,2,7,7
log_wage_total_2023,2,3,0,0
log_wage_total_2023,4,0,0,0
log_wage_total_2023,4,1,10,10
log_wage_total_2023,4,2,1,1
log_wage_total_2023,4,3,0,0
log_wage_total_2023,7,0,2,2
log_wage_total_2023,7,1,1,1
log_wage_total_2023,7,2,1,1
log_wage_total_2023,7,3,0,0
log_wage_total_2023,8,0,0,0
log_wage_total_2023,8,1,2,2
log_wage_total_2023,8,2,3,3
log_wage_total_2023,8,3,0,0
log_wage_total_2023,9,0,3,3
log_wage_total_2023,9,1,4,4
log_wage_total_2023,9,2,1,1
log_wage_total_2023,9,3,0,0
log_wage_total_2023,10,0,0,0
log_wage_total_2023,10,1,7,7
log_wage_total_2023,10,2,11,11
log_wage_total_2023,10,3,0,0
log_wage_total_2023,11,0,0,0
log_wage_total_2023,11,1,5,5
log_wage_total_2023,11,2,14,14
log_wage_total_2023,11,3,1,1
log_wage_total_2023,12,0,0,0
log_wage_total_2023,12,1,4,4
log_wage_total_2023,12,2,13,13
log_wage_total_2023,12,3,0,0
log_wage_total_2023,13,0,0,0
log_wage_total_2023,13,1,1,1
log_wage_total_2023,13,2,19,19
log_wage_total_2023,13,3,0,0
log_wage_total_2023,14,0,0,0
log_wage_total_2023,14,1,2,2
log_wage_total_2023,14,2,0,0
log_wage_total_2023,14,3,27,27
log_wage_total_2023,15,0,5,5
log_wage_total_2023,15,1,2,2
log_wage_total_2023,15,2,0,0
log_wage_total_2023,15,3,0,0
log_wage_total_2023,16,0,2,2
log_wage_total_2023,16,1,32,32
log_wage_total_2023,16,2,9,9
log_wage_total_2023,16,3,0,0
log_wage_total_2023,17,0,0,0
log_wage_total_2023,17,1,9,9
log_wage_total_2023,17,2,1,1
log_wage_total_2023,17,3,0,0
log_wage_total_2023,18,0,1,1
log_wage_total_2023,18,1,9,9
log_wage_total_2023,18,2,17,17
log_wage_total_2023,18,3,0,0
log_wage_total_2023,19,0,0,0
log_wage_total_2023,19,1,8,8
log_wage_total_2023,19,2,4,4
log_wage_total_2023,19,3,0,0
log_wage_total_2023,21,0,1,1
log_wage_total_2023,21,1,13,13
log_wage_total_2023,21,2,9,9
log_wage_total_2023,21,3,0,0
log_wage_total_2023,22,0,1,1
log_wage_total_2023,22,1,11,11
log_wage_total_2023,22,2,52,52
log_wage_total_2023,22,3,1,1
log_wage_total_2023,24,0,1,1
log_wage_total_2023,24,1,15,15
log_wage_total_2023,24,2,30,30
log_wage_total_2023,24,3,5,5
log_wage_total_2023,25,0,4,4
log_wage_total_2023,25,1,13,13
log_wage_total_2023,25,2,4,4
log_wage_total_2023,25,3,12,12
log_wage_total_2023,26,0,5,5
log_wage_total_2023,26,1,9,8
log_wage_total_2023,26,2,19,19
log_wage_total_2023,26,3,0,0
log_wage_total_2023,27,0,1,1
log_wage_total_2023,27,1,0,0
log_wage_total_2023,27,2,1,1
log_wage_total_2023,27,3,14,14
log_wage_total_2023,28,0,1,1
log_wage_total_2023,28,1,3,3
log_wage_total_2023,28,2,0,0
log_wage_total_2023,28,3,15,15
log_wage_total_2023,29,0,0,0
log_wage_total_2023,29,1,6,2
log_wage_total_2023,29,2,15,14
log_wage_total_2023,29,3,1,1
log_wage_total_2023,30,0,0,0
log_wage_total_2023,30,1,3,3
log_wage_total_2023,30,2,8,8
log_wage_total_2023,30,3,0,0
log_wage_total_2023,33,0,0,0
log_wage_total_2023,33,1,9,9
log_wage_total_2023,33,2,9,9
log_wage_total_2023,33,3,0,0
log_wage_total_2023,34,0,1,1
log_wage_total_2023,34,1,6,6
log_wage_total_2023,34,2,28,28
log_wage_total_2023,34,3,0,0
log_wage_total_2023,35,0,0,0
log_wage_total_2023,35,1,5,5
log_wage_total_2023,35,2,20,20
log_wage_total_2023,35,3,0,0
log_wage_total_2023,37,0,0,0
log_wage_total_2023,37,1,6,6
log_wage_total_2023,37,2,20,20
log_wage_total_2023,37,3,0,0
log_wage_total_2023,38,0,2,2
log_wage_total_2023,38,1,26,25
log_wage_total_2023,38,2,10,10
log_wage_total_2023,38,3,1,1
log_wage_total_2023,39,0,4,4
log_wage_total_2023,39,1,12,11
log_wage_total_2023,39,2,3,3
log_wage_total_2023,39,3,0,0
log_wage_total_2023,40,0,2,2
log_wage_total_2023,40,1,2,2
log_wage_total_2023,40,2,21,21
log_wage_total_2023,40,3,0,0
log_wage_total_2023,41,0,2,2
log_wage_total_2023,41,1,0,0
log_wage_total_2023,41,2,0,0
log_wage_total_2023,41,3,7,7
log_wage_total_2023,42,0,1,0
log_wage_total_2023,42,1,23,0
log_wage_total_2023,42,2,6,0
log_wage_total_2023,42,3,0,0
log_wage_total_2023,43,0,0,0
log_wage_total_2023,43,1,5,5
log_wage_total_2023,43,2,35,35
log_wage_total_2023,43,3,3,3
log_wage_total_2023,44,0,0,0
log_wage_total_2023,44,1,2,2
log_wage_total_2023,44,2,26,26
log_wage_total_2023,44,3,0,0
log_wage_total_2023,45,0,0,0
log_wage_total_2023,45,1,3,3
log_wage_total_2023,45,2,21,21
log_wage_total_2023,45,3,0,0
log_wage_total_2023,47,0,4,4
log_wage_total_2023,47,1,12,12
log_wage_total_2023,47,2,2,2
log_wage_total_2023,47,3,0,0
log_wage_total_2023,48,0,0,0
log_wage_total_2023,48,1,3,3
log_wage_total_2023,48,2,15,14
log_wage_total_2023,48,3,0,0
log_wage_total_2023,49,0,0,0
log_wage_total_2023,49,1,0,0
log_wage_total_2023,49,2,0,0
log_wage_total_2023,49,3,3,1
log_wage_total_2023,50,0,32,32
log_wage_total_2023,50,1,19,19
log_wage_total_2023,50,2,1,1
log_wage_total_2023,50,3,0,0
log_wage_total_2023,51,0,1,1
log_wage_total_2023,51,1,9,9
log_wage_total_2023,51,2,2,2
log_wage_total_2023,51,3,0,0
log_wage_total_2023,52,0,1,1
log_wage_total_2023,52,1,10,10
log_wage_total_2023,52,2,39,39
log_wage_total_2023,52,3,0,0
log_wage_total_2023,53,0,0,0
log_wage_total_2023,53,1,4,4
log_wage_total_2023,53,2,17,17
log_wage_total_2023,53,3,0,0
log_wage_total_2023,54,0,4,4
log_wage_total_2023,54,1,5,5
log_wage_total_2023,54,2,26,26
log_wage_total_2023,54,3,0,0
log_wage_total_2023,55,0,1,1
log_wage_total_2023,55,1,2,2
log_wage_total_2023,55,2,29,29
log_wage_total_2023,55,3,1,1
log_wage_total_2023,56,0,0,0
log_wage_total_2023,56,1,9,9
log_wage_total_2023,56,2,30,30
log_wage_total_2023,56,3,0,0
log_wage_total_2023,57,0,0,0
log_wage_total_2023,57,1,4,4
log_wage_total_2023,57,2,17,17
log_wage_total_2023,57,3,0,0
log_wage_total_2023,58,0,0,0
log_wage_total_2023,58,1,2,2
log_wage_total_2023,58,2,23,23
log_wage_total_2023,58,3,0,0
log_wage_total_2023,59,0,1,1
log_wage_total_2023,59,1,17,17
log_wage_total_2023,59,2,24,24
log_wage_total_2023,59,3,0,0
log_wage_total_2023,60,0,0,0
log_wage_total_2023,60,1,3,3
log_wage_total_2023,60,2,19,19
log_wage_total_2023,60,3,0,0
log_wage_total_2023,62,0,1,1
log_wage_total_2023,62,1,1,1
log_wage_total_2023,62,2,24,24
log_wage_total_2023,62,3,0,0
log_wage_total_2023,63,0,1,1
log_wage_total_2023,63,1,11,11
log_wage_total_2023,63,2,24,24
log_wage_total_2023,63,3,0,0
log_wage_total_2023,64,0,1,1
log_wage_total_2023,64,1,5,5
log_wage_total_2023,64,2,33,33
log_wage_total_2023,64,3,0,0
log_wage_total_2023,65,0,0,0
log_wage_total_2023,65,1,0,0
log_wage_total_2023,65,2,0,0
log_wage_total_2023,65,3,16,16
log_wage_total_2023,66,0,3,3
log_wage_total_2023,66,1,34,34
log_wage_total_2023,66,2,27,27
log_wage_total_2023,66,3,0,0
log_wage_total_2023,67,0,0,0
log_wage_total_2023,67,1,6,6
log_wage_total_2023,67,2,21,21
log_wage_total_2023,67,3,0,0
log_wage_total_2023,68,0,0,0
log_wage_total_2023,68,1,2,2
log_wage_total_2023,68,2,22,22
log_wage_total_2023,68,3,0,0
log_wage_total_2023,69,0,0,0
log_wage_total_2023,69,1,7,7
log_wage_total_2023,69,2,30,30
log_wage_total_2023,69,3,0,0
log_wage_total_2023,70,0,2,2
log_wage_total_2023,70,1,1,1
log_wage_total_2023,70,2,15,15
log_wage_total_2023,70,3,1,1
log_wage_total_2023,71,0,1,1
log_wage_total_2023,71,1,8,8
log_wage_total_2023,71,2,15,15
log_wage_total_2023,71,3,0,0
log_wage_total_2023,72,0,1,1
log_wage_total_2023,72,1,10,4
log_wage_total_2023,72,2,13,1
log_wage_total_2023,72,3,0,0
log_wage_total_2023,73,0,0,0
log_wage_total_2023,73,1,2,2
log_wage_total_2023,73,2,19,19
log_wage_total_2023,73,3,0,0
log_wage_total_2023,74,0,1,1
log_wage_total_2023,74,1,10,10
log_wage_total_2023,74,2,26,26
log_wage_total_2023,74,3,0,0
log_wage_total_2023,75,0,0,0
log_wage_total_2023,75,1,21,21
log_wage_total_2023,75,2,2,2
log_wage_total_2023,75,3,5,5
log_wage_total_2023,76,0,0,0
log_wage_total_2023,76,1,5,5
log_wage_total_2023,76,2,14,14
log_wage_total_2023,76,3,0,0
log_wage_total_2023,77,0,139,2
log_wage_total_2023,77,1,5,0
log_wage_total_2023,77,2,0,0
log_wage_total_2023,77,3,0,0
log_wage_total_2023,78,0,97,80
log_wage_total_2023,78,1,1,0
log_wage_total_2023,78,2,0,0
log_wage_total_2023,78,3,0,0
log_wage_total_2023,79,0,0,0
log_wage_total_2023,79,1,0,0
log_wage_total_2023,79,2,1,1
log_wage_total_2023,79,3,5,5
log_wage_total_2023,83,0,0,0
log_wage_total_2023,83,1,0,0
log_wage_total_2023,83,2,0,0
log_wage_total_2023,83,3,2,2
log_wage_total_2023,86,0,3,3
log_wage_total_2023,86,1,18,18
log_wage_total_2023,86,2,1,1
log_wage_total_2023,86,3,0,0
log_wage_total_2023,87,0,1,1
log_wage_total_2023,87,1,0,0
log_wage_total_2023,87,2,0,0
log_wage_total_2023,87,3,3,3
log_wage_total_2023,89,0,2,2
log_wage_total_2023,89,1,7,7
log_wage_total_2023,89,2,0,0
log_wage_total_2023,89,3,4,4
log1p_market_access_2024,1,0,1,1
log1p_market_access_2024,1,1,6,6
log1p_market_access_2024,1,2,2,2
log1p_market_access_2024,1,3,0,0
log1p_market_access_2024,2,0,1,1
log1p_market_access_2024,2,1,53,53
log1p_market_access_2024,2,2,7,7
log1p_market_access_2024,2,3,0,0
log1p_market_access_2024,4,0,0,0
log1p_market_access_2024,4,1,10,10
log1p_market_access_2024,4,2,1,1
log1p_market_access_2024,4,3,0,0
log1p_market_access_2024,7,0,2,2
log1p_market_access_2024,7,1,1,1
log1p_market_access_2024,7,2,1,1
log1p_market_access_2024,7,3,0,0
log1p_market_access_2024,8,0,0,0
log1p_market_access_2024,8,1,2,2
log1p_market_access_2024,8,2,3,3
log1p_market_access_2024,8,3,0,0
log1p_market_access_2024,9,0,3,3
log1p_market_access_2024,9,1,4,4
log1p_market_access_2024,9,2,1,1
log1p_market_access_2024,9,3,0,0
log1p_market_access_2024,10,0,0,0
log1p_market_access_2024,10,1,7,7
log1p_market_access_2024,10,2,11,11
log1p_market_access_2024,10,3,0,0
log1p_market_access_2024,11,0,0,0
log1p_market_access_2024,11,1,5,5
log1p_market_access_2024,11,2,14,14
log1p_market_access_2024,11,3,1,1
log1p_market_access_2024,12,0,0,0
log1p_market_access_2024,12,1,4,4
log1p_market_access_2024,12,2,13,13
log1p_market_access_2024,12,3,0,0
log1p_market_access_2024,13,0,0,0
log1p_market_access_2024,13,1,1,1
log1p_market_access_2024,13,2,19,19
log1p_market_access_2024,13,3,0,0
log1p_market_access_2024,14,0,0,0
log1p_market_access_2024,14,1,2,2
log1p_market_access_2024,14,2,0,0
log1p_market_access_2024,14,3,27,25
log1p_market_access_2024,15,0,5,5
log1p_market_access_2024,15,1,2,2
log1p_market_access_2024,15,2,0,0
log1p_market_access_2024,15,3,0,0
log1p_market_access_2024,16,0,2,2
log1p_market_access_2024,16,1,32,32
log1p_market_access_2024,16,2,9,9
log1p_market_access_2024,16,3,0,0
log1p_market_access_2024,17,0,0,0
log1p_market_access_2024,17,1,9,9
log1p_market_access_2024,17,2,1,1
log1p_market_access_2024,17,3,0,0
log1p_market_access_2024,18,0,1,1
log1p_market_access_2024,18,1,9,9
log1p_market_access_2024,18,2,17,17
log1p_market_access_2024,18,3,0,0
log1p_market_access_2024,19,0,0,0
log1p_market_access_2024,19,1,8,8
log1p_market_access_2024,19,2,4,4
log1p_market_access_2024,19,3,0,0
log1p_market_access_2024,21,0,1,1
log1p_market_access_2024,21,1,13,13
log1p_market_access_2024,21,2,9,9
log1p_market_access_2024,21,3,0,0
log1p_market_access_2024,22,0,1,1
log1p_market_access_2024,22,1,11,11
log1p_market_access_2024,22,2,52,52
log1p_market_access_2024,22,3,1,1
log1p_market_access_2024,24,0,1,1
log1p_market_access_2024,24,1,15,15
log1p_market_access_2024,24,2,30,30
log1p_market_access_2024,24,3,5,1
log1p_market_access_2024,25,0,4,4
log1p_market_access_2024,25,1,13,13
log1p_market_access_2024,25,2,4,4
log1p_market_access_2024,25,3,12,12
log1p_market_access_2024,26,0,5,5
log1p_market_access_2024,26,1,9,8
log1p_market_access_2024,26,2,19,19
log1p_market_access_2024,26,3,0,0
log1p_market_access_2024,27,0,1,1
log1p_market_access_2024,27,1,0,0
log1p_market_access_2024,27,2,1,1
log1p_market_access_2024,27,3,14,13
log1p_market_access_2024,28,0,1,1
log1p_market_access_2024,28,1,3,3
log1p_market_access_2024,28,2,0,0
log1p_market_access_2024,28,3,15,15
log1p_market_access_2024,29,0,0,0
log1p_market_access_2024,29,1,6,2
log1p_market_access_2024,29,2,15,14
log1p_market_access_2024,29,3,1,1
log1p_market_access_2024,30,0,0,0
log1p_market_access_2024,30,1,3,3
log1p_market_access_2024,30,2,8,8
log1p_market_access_2024,30,3,0,0
log1p_market_access_2024,33,0,0,0
log1p_market_access_2024,33,1,9,9
log1p_market_access_2024,33,2,9,9
log1p_market_access_2024,33,3,0,0
log1p_market_access_2024,34,0,1,1
log1p_market_access_2024,34,1,6,6
log1p_market_access_2024,34,2,28,28
log1p_market_access_2024,34,3,0,0
log1p_market_access_2024,35,0,0,0
log1p_market_access_2024,35,1,5,5
log1p_market_access_2024,35,2,20,20
log1p_market_access_2024,35,3,0,0
log1p_market_access_2024,37,0,0,0
log1p_market_access_2024,37,1,6,6
log1p_market_access_2024,37,2,20,20
log1p_market_access_2024,37,3,0,0
log1p_market_access_2024,38,0,2,2
log1p_market_access_2024,38,1,26,25
log1p_market_access_2024,38,2,10,10
log1p_market_access_2024,38,3,1,1
log1p_market_access_2024,39,0,4,4
log1p_market_access_2024,39,1,12,11
log1p_market_access_2024,39,2,3,3
log1p_market_access_2024,39,3,0,0
log1p_market_access_2024,40,0,2,2
log1p_market_access_2024,40,1,2,2
log1p_market_access_2024,40,2,21,21
log1p_market_access_2024,40,3,0,0
log1p_market_access_2024,41,0,2,2
log1p_market_access_2024,41,1,0,0
log1p_market_access_2024,41,2,0,0
log1p_market_access_2024,41,3,7,5
log1p_market_access_2024,42,0,1,0
log1p_market_access_2024,42,1,23,0
log1p_market_access_2024,42,2,6,0
log1p_market_access_2024,42,3,0,0
log1p_market_access_2024,43,0,0,0
log1p_market_access_2024,43,1,5,5
log1p_market_access_2024,43,2,35,35
log1p_market_access_2024,43,3,3,3
log1p_market_access_2024,44,0,0,0
log1p_market_access_2024,44,1,2,2
log1p_market_access_2024,44,2,26,26
log1p_market_access_2024,44,3,0,0
log1p_market_access_2024,45,0,0,0
log1p_market_access_2024,45,1,3,3
log1p_market_access_2024,45,2,21,21
log1p_market_access_2024,45,3,0,0
log1p_market_access_2024,47,0,4,4
log1p_market_access_2024,47,1,12,12
log1p_market_access_2024,47,2,2,2
log1p_market_access_2024,47,3,0,0
log1p_market_access_2024,48,0,0,0
log1p_market_access_2024,48,1,3,3
log1p_market_access_2024,48,2,15,14
log1p_market_access_2024,48,3,0,0
log1p_market_access_2024,49,0,0,0
log1p_market_access_2024,49,1,0,0
log1p_market_access_2024,49,2,0,0
log1p_market_access_2024,49,3,3,1
log1p_market_access_2024,50,0,32,32
log1p_market_access_2024,50,1,19,19
log1p_market_access_2024,50,2,1,1
log1p_market_access_2024,50,3,0,0
log1p_market_access_2024,51,0,1,1
log1p_market_access_2024,51,1,9,9
log1p_market_access_2024,51,2,2,2
log1p_market_access_2024,51,3,0,0
log1p_market_access_2024,52,0,1,1
log1p_market_access_2024,52,1,10,10
log1p_market_access_2024,52,2,39,39
log1p_market_access_2024,52,3,0,0
log1p_market_access_2024,53,0,0,0
log1p_market_access_2024,53,1,4,4
log1p_market_access_2024,53,2,17,17
log1p_market_access_2024,53,3,0,0
log1p_market_access_2024,54,0,4,4
log1p_market_access_2024,54,1,5,5
log1p_market_access_2024,54,2,26,26
log1p_market_access_2024,54,3,0,0
log1p_market_access_2024,55,0,1,1
log1p_market_access_2024,55,1,2,2
log1p_market_access_2024,55,2,29,29
log1p_market_access_2024,55,3,1,1
log1p_market_access_2024,56,0,0,0
log1p_market_access_2024,56,1,9,9
log1p_market_access_2024,56,2,30,30
log1p_market_access_2024,56,3,0,0
log1p_market_access_2024,57,0,0,0
log1p_market_access_2024,57,1,4,4
log1p_market_access_2024,57,2,17,17
log1p_market_access_2024,57,3,0,0
log1p_market_access_2024,58,0,0,0
log1p_market_access_2024,58,1,2,2
log1p_market_access_2024,58,2,23,23
log1p_market_access_2024,58,3,0,0
log1p_market_access_2024,59,0,1,1
log1p_market_access_2024,59,1,17,17
log1p_market_access_2024,59,2,24,24
log1p_market_access_2024,59,3,0,0
log1p_market_access_2024,60,0,0,0
log1p_market_access_2024,60,1,3,3
log1p_market_access_2024,60,2,19,19
log1p_market_access_2024,60,3,0,0
log1p_market_access_2024,62,0,1,1
log1p_market_access_2024,62,1,1,1
log1p_market_access_2024,62,2,24,24
log1p_market_access_2024,62,3,0,0
log1p_market_access_2024,63,0,1,1
log1p_market_access_2024,63,1,11,11
log1p_market_access_2024,63,2,24,24
log1p_market_access_2024,63,3,0,0
log1p_market_access_2024,64,0,1,1
log1p_market_access_2024,64,1,5,5
log1p_market_access_2024,64,2,33,33
log1p_market_access_2024,64,3,0,0
log1p_market_access_2024,65,0,0,0
log1p_market_access_2024,65,1,0,0
log1p_market_access_2024,65,2,0,0
log1p_market_access_2024,65,3,16,16
log1p_market_access_2024,66,0,3,3
log1p_market_access_2024,66,1,34,34
log1p_market_access_2024,66,2,27,27
log1p_market_access_2024,66,3,0,0
log1p_market_access_2024,67,0,0,0
log1p_market_access_2024,67,1,6,6
log1p_market_access_2024,67,2,21,21
log1p_market_access_2024,67,3,0,0
log1p_market_access_2024,68,0,0,0
log1p_market_access_2024,68,1,2,2
log1p_market_access_2024,68,2,22,22
log1p_market_access_2024,68,3,0,0
log1p_market_access_2024,69,0,0,0
log1p_market_access_2024,69,1,7,7
log1p_market_access_2024,69,2,30,30
log1p_market_access_2024,69,3,0,0
log1p_market_access_2024,70,0,2,2
log1p_market_access_2024,70,1,1,1
log1p_market_access_2024,70,2,15,15
log1p_market_access_2024,70,3,1,1
log1p_market_access_2024,71,0,1,1
log1p_market_access_2024,71,1,8,8
log1p_market_access_2024,71,2,15,15
log1p_market_access_2024,71,3,0,0
log1p_market_access_2024,72,0,1,1
log1p_market_access_2024,72,1,10,4
log1p_market_access_2024,72,2,13,1
log1p_market_access_2024,72,3,0,0
log1p_market_access_2024,73,0,0,0
log1p_market_access_2024,73,1,2,2
log1p_market_access_2024,73,2,19,19
log1p_market_access_2024,73,3,0,0
log1p_market_access_2024,74,0,1,1
log1p_market_access_2024,74,1,10,10
log1p_market_access_2024,74,2,26,26
log1p_market_access_2024,74,3,0,0
log1p_market_access_2024,75,0,0,0
log1p_market_access_2024,75,1,21,21
log1p_market_access_2024,75,2,2,2
log1p_market_access_2024,75,3,5,5
log1p_market_access_2024,76,0,0,0
log1p_market_access_2024,76,1,5,5
log1p_market_access_2024,76,2,14,14
log1p_market_access_2024,76,3,0,0
log1p_market_access_2024,77,0,139,2
log1p_market_access_2024,77,1,5,0
log1p_market_access_2024,77,2,0,0
log1p_market_access_2024,77,3,0,0
log1p_market_access_2024,78,0,97,80
log1p_market_access_2024,78,1,1,0
log1p_market_access_2024,78,2,0,0
log1p_market_access_2024,78,3,0,0
log1p_market_access_2024,79,0,0,0
log1p_market_access_2024,79,1,0,0
log1p_market_access_2024,79,2,1,1
log1p_market_access_2024,79,3,5,5
log1p_market_access_2024,83,0,0,0
log1p_market_access_2024,83,1,0,0
log1p_market_access_2024,83,2,0,0
log1p_market_access_2024,83,3,2,2
log1p_market_access_2024,86,0,3,3
log1p_market_access_2024,86,1,18,18
log1p_market_access_2024,86,2,1,1
log1p_market_access_2024,86,3,0,0
log1p_market_access_2024,87,0,1,0
log1p_market_access_2024,87,1,0,0
log1p_market_access_2024,87,2,0,0
log1p_market_access_2024,87,3,3,1
log1p_market_access_2024,89,0,2,2
log1p_market_access_2024,89,1,7,7
log1p_market_access_2024,89,2,0,0
log1p_market_access_2024,89,3,4,4
agriculture_share,1,0,1,1
agriculture_share,1,1,6,4
agriculture_share,1,2,2,2
agriculture_share,1,3,0,0
agriculture_share,2,0,1,1
agriculture_share,2,1,53,38
agriculture_share,2,2,7,5
agriculture_share,2,3,0,0
agriculture_share,4,0,0,0
agriculture_share,4,1,10,3
agriculture_share,4,2,1,0
agriculture_share,4,3,0,0
agriculture_share,7,0,2,1
agriculture_share,7,1,1,0
agriculture_share,7,2,1,1
agriculture_share,7,3,0,0
agriculture_share,8,0,0,0
agriculture_share,8,1,2,0
agriculture_share,8,2,3,0
agriculture_share,8,3,0,0
agriculture_share,9,0,3,1
agriculture_share,9,1,4,1
agriculture_share,9,2,1,0
agriculture_share,9,3,0,0
agriculture_share,10,0,0,0
agriculture_share,10,1,7,7
agriculture_share,10,2,11,10
agriculture_share,10,3,0,0
agriculture_share,11,0,0,0
agriculture_share,11,1,5,4
agriculture_share,11,2,14,10
agriculture_share,11,3,1,0
agriculture_share,12,0,0,0
agriculture_share,12,1,4,2
agriculture_share,12,2,13,10
agriculture_share,12,3,0,0
agriculture_share,13,0,0,0
agriculture_share,13,1,1,1
agriculture_share,13,2,19,12
agriculture_share,13,3,0,0
agriculture_share,14,0,0,0
agriculture_share,14,1,2,2
agriculture_share,14,2,0,0
agriculture_share,14,3,27,22
agriculture_share,15,0,5,1
agriculture_share,15,1,2,0
agriculture_share,15,2,0,0
agriculture_share,15,3,0,0
agriculture_share,16,0,2,2
agriculture_share,16,1,32,31
agriculture_share,16,2,9,8
agriculture_share,16,3,0,0
agriculture_share,17,0,0,0
agriculture_share,17,1,9,5
agriculture_share,17,2,1,1
agriculture_share,17,3,0,0
agriculture_share,18,0,1,1
agriculture_share,18,1,9,9
agriculture_share,18,2,17,15
agriculture_share,18,3,0,0
agriculture_share,19,0,0,0
agriculture_share,19,1,8,2
agriculture_share,19,2,4,0
agriculture_share,19,3,0,0
agriculture_share,21,0,1,1
agriculture_share,21,1,13,8
agriculture_share,21,2,9,2
agriculture_share,21,3,0,0
agriculture_share,22,0,1,1
agriculture_share,22,1,11,7
agriculture_share,22,2,52,42
agriculture_share,22,3,1,1
agriculture_share,24,0,1,1
agriculture_share,24,1,15,8
agriculture_share,24,2,30,16
agriculture_share,24,3,5,4
agriculture_share,25,0,4,4
agriculture_share,25,1,13,3
agriculture_share,25,2,4,3
agriculture_share,25,3,12,7
agriculture_share,26,0,5,3
agriculture_share,26,1,9,6
agriculture_share,26,2,19,19
agriculture_share,26,3,0,0
agriculture_share,27,0,1,1
agriculture_share,27,1,0,0
agriculture_share,27,2,1,0
agriculture_share,27,3,14,12
agriculture_share,28,0,1,1
agriculture_share,28,1,3,2
agriculture_share,28,2,0,0
agriculture_share,28,3,15,12
agriculture_share,29,0,0,0
agriculture_share,29,1,6,1
agriculture_share,29,2,15,9
agriculture_share,29,3,1,1
agriculture_share,30,0,0,0
agriculture_share,30,1,3,1
agriculture_share,30,2,8,6
agriculture_share,30,3,0,0
agriculture_share,33,0,0,0
agriculture_share,33,1,9,4
agriculture_share,33,2,9,6
agriculture_share,33,3,0,0
agriculture_share,34,0,1,1
agriculture_share,34,1,6,6
agriculture_share,34,2,28,20
agriculture_share,34,3,0,0
agriculture_share,35,0,0,0
agriculture_share,35,1,5,4
agriculture_share,35,2,20,15
agriculture_share,35,3,0,0
agriculture_share,37,0,0,0
agriculture_share,37,1,6,2
agriculture_share,37,2,20,2
agriculture_share,37,3,0,0
agriculture_share,38,0,2,2
agriculture_share,38,1,26,24
agriculture_share,38,2,10,8
agriculture_share,38,3,1,1
agriculture_share,39,0,4,3
agriculture_share,39,1,12,3
agriculture_share,39,2,3,1
agriculture_share,39,3,0,0
agriculture_share,40,0,2,1
agriculture_share,40,1,2,1
agriculture_share,40,2,21,8
agriculture_share,40,3,0,0
agriculture_share,41,0,2,2
agriculture_share,41,1,0,0
agriculture_share,41,2,0,0
agriculture_share,41,3,7,6
agriculture_share,42,0,1,0
agriculture_share,42,1,23,0
agriculture_share,42,2,6,0
agriculture_share,42,3,0,0
agriculture_share,43,0,0,0
agriculture_share,43,1,5,3
agriculture_share,43,2,35,24
agriculture_share,43,3,3,2
agriculture_share,44,0,0,0
agriculture_share,44,1,2,2
agriculture_share,44,2,26,8
agriculture_share,44,3,0,0
agriculture_share,45,0,0,0
agriculture_share,45,1,3,3
agriculture_share,45,2,21,12
agriculture_share,45,3,0,0
agriculture_share,47,0,4,3
agriculture_share,47,1,12,12
agriculture_share,47,2,2,1
agriculture_share,47,3,0,0
agriculture_share,48,0,0,0
agriculture_share,48,1,3,2
agriculture_share,48,2,15,14
agriculture_share,48,3,0,0
agriculture_share,49,0,0,0
agriculture_share,49,1,0,0
agriculture_share,49,2,0,0
agriculture_share,49,3,3,1
agriculture_share,50,0,32,15
agriculture_share,50,1,19,12
agriculture_share,50,2,1,1
agriculture_share,50,3,0,0
agriculture_share,51,0,1,1
agriculture_share,51,1,9,2
agriculture_share,51,2,2,0
agriculture_share,51,3,0,0
agriculture_share,52,0,1,1
agriculture_share,52,1,10,8
agriculture_share,52,2,39,17
agriculture_share,52,3,0,0
agriculture_share,53,0,0,0
agriculture_share,53,1,4,3
agriculture_share,53,2,17,6
agriculture_share,53,3,0,0
agriculture_share,54,0,4,2
agriculture_share,54,1,5,3
agriculture_share,54,2,26,20
agriculture_share,54,3,0,0
agriculture_share,55,0,1,1
agriculture_share,55,1,2,2
agriculture_share,55,2,29,24
agriculture_share,55,3,1,0
agriculture_share,56,0,0,0
agriculture_share,56,1,9,5
agriculture_share,56,2,30,11
agriculture_share,56,3,0,0
agriculture_share,57,0,0,0
agriculture_share,57,1,4,4
agriculture_share,57,2,17,16
agriculture_share,57,3,0,0
agriculture_share,58,0,0,0
agriculture_share,58,1,2,2
agriculture_share,58,2,23,15
agriculture_share,58,3,0,0
agriculture_share,59,0,1,1
agriculture_share,59,1,17,10
agriculture_share,59,2,24,11
agriculture_share,59,3,0,0
agriculture_share,60,0,0,0
agriculture_share,60,1,3,2
agriculture_share,60,2,19,5
agriculture_share,60,3,0,0
agriculture_share,62,0,1,1
agriculture_share,62,1,1,1
agriculture_share,62,2,24,13
agriculture_share,62,3,0,0
agriculture_share,63,0,1,1
agriculture_share,63,1,11,6
agriculture_share,63,2,24,13
agriculture_share,63,3,0,0
agriculture_share,64,0,1,1
agriculture_share,64,1,5,4
agriculture_share,64,2,33,24
agriculture_share,64,3,0,0
agriculture_share,65,0,0,0
agriculture_share,65,1,0,0
agriculture_share,65,2,0,0
agriculture_share,65,3,16,13
agriculture_share,66,0,3,2
agriculture_share,66,1,34,12
agriculture_share,66,2,27,7
agriculture_share,66,3,0,0
agriculture_share,67,0,0,0
agriculture_share,67,1,6,6
agriculture_share,67,2,21,8
agriculture_share,67,3,0,0
agriculture_share,68,0,0,0
agriculture_share,68,1,2,1
agriculture_share,68,2,22,16
agriculture_share,68,3,0,0
agriculture_share,69,0,0,0
agriculture_share,69,1,7,5
agriculture_share,69,2,30,8
agriculture_share,69,3,0,0
agriculture_share,70,0,2,2
agriculture_share,70,1,1,0
agriculture_share,70,2,15,8
agriculture_share,70,3,1,0
agriculture_share,71,0,1,1
agriculture_share,71,1,8,6
agriculture_share,71,2,15,9
agriculture_share,71,3,0,0
agriculture_share,72,0,1,1
agriculture_share,72,1,10,3
agriculture_share,72,2,13,1
agriculture_share,72,3,0,0
agriculture_share,73,0,0,0
agriculture_share,73,1,2,1
agriculture_share,73,2,19,7
agriculture_share,73,3,0,0
agriculture_share,74,0,1,1
agriculture_share,74,1,10,2
agriculture_share,74,2,26,10
agriculture_share,74,3,0,0
agriculture_share,75,0,0,0
agriculture_share,75,1,21,9
agriculture_share,75,2,2,0
agriculture_share,75,3,5,1
agriculture_share,76,0,0,0
agriculture_share,76,1,5,4
agriculture_share,76,2,14,13
agriculture_share,76,3,0,0
agriculture_share,77,0,139,0
agriculture_share,77,1,5,0
agriculture_share,77,2,0,0
agriculture_share,77,3,0,0
agriculture_share,78,0,97,2
agriculture_share,78,1,1,0
agriculture_share,78,2,0,0
agriculture_share,78,3,0,0
agriculture_share,79,0,0,0
agriculture_share,79,1,0,0
agriculture_share,79,2,1,1
agriculture_share,79,3,5,3
agriculture_share,83,0,0,0
agriculture_share,83,1,0,0
agriculture_share,83,2,0,0
agriculture_share,83,3,2,2
agriculture_share,86,0,3,1
agriculture_share,86,1,18,0
agriculture_share,86,2,1,0
agriculture_share,86,3,0,0
agriculture_share,87,0,1,1
agriculture_share,87,1,0,0
agriculture_share,87,2,0,0
agriculture_share,87,3,3,3
agriculture_share,89,0,2,1
agriculture_share,89,1,7,4
agriculture_share,89,2,0,0
agriculture_share,89,3,4,2
manufacturing_share,1,0,1,1
manufacturing_share,1,1,6,3
manufacturing_share,1,2,2,2
manufacturing_share,1,3,0,0
manufacturing_share,2,0,1,1
manufacturing_share,2,1,53,34
manufacturing_share,2,2,7,1
manufacturing_share,2,3,0,0
manufacturing_share,4,0,0,0
manufacturing_share,4,1,10,3
manufacturing_share,4,2,1,0
manufacturing_share,4,3,0,0
manufacturing_share,7,0,2,1
manufacturing_share,7,1,1,1
manufacturing_share,7,2,1,1
manufacturing_share,7,3,0,0
manufacturing_share,8,0,0,0
manufacturing_share,8,1,2,0
manufacturing_share,8,2,3,0
manufacturing_share,8,3,0,0
manufacturing_share,9,0,3,1
manufacturing_share,9,1,4,1
manufacturing_share,9,2,1,0
manufacturing_share,9,3,0,0
manufacturing_share,10,0,0,0
manufacturing_share,10,1,7,4
manufacturing_share,10,2,11,3
manufacturing_share,10,3,0,0
manufacturing_share,11,0,0,0
manufacturing_share,11,1,5,4
manufacturing_share,11,2,14,4
manufacturing_share,11,3,1,1
manufacturing_share,12,0,0,0
manufacturing_share,12,1,4,3
manufacturing_share,12,2,13,8
manufacturing_share,12,3,0,0
manufacturing_share,13,0,0,0
manufacturing_share,13,1,1,1
manufacturing_share,13,2,19,7
manufacturing_share,13,3,0,0
manufacturing_share,14,0,0,0
manufacturing_share,14,1,2,2
manufacturing_share,14,2,0,0
manufacturing_share,14,3,27,5
manufacturing_share,15,0,5,2
manufacturing_share,15,1,2,1
manufacturing_share,15,2,0,0
manufacturing_share,15,3,0,0
manufacturing_share,16,0,2,2
manufacturing_share,16,1,32,21
manufacturing_share,16,2,9,3
manufacturing_share,16,3,0,0
manufacturing_share,17,0,0,0
manufacturing_share,17,1,9,0
manufacturing_share,17,2,1,1
manufacturing_share,17,3,0,0
manufacturing_share,18,0,1,1
manufacturing_share,18,1,9,9
manufacturing_share,18,2,17,8
manufacturing_share,18,3,0,0
manufacturing_share,19,0,0,0
manufacturing_share,19,1,8,5
manufacturing_share,19,2,4,0
manufacturing_share,19,3,0,0
manufacturing_share,21,0,1,1
manufacturing_share,21,1,13,5
manufacturing_share,21,2,9,6
manufacturing_share,21,3,0,0
manufacturing_share,22,0,1,1
manufacturing_share,22,1,11,10
manufacturing_share,22,2,52,29
manufacturing_share,22,3,1,0
manufacturing_share,24,0,1,1
manufacturing_share,24,1,15,14
manufacturing_share,24,2,30,6
manufacturing_share,24,3,5,5
manufacturing_share,25,0,4,4
manufacturing_share,25,1,13,10
manufacturing_share,25,2,4,2
manufacturing_share,25,3,12,5
manufacturing_share,26,0,5,4
manufacturing_share,26,1,9,7
manufacturing_share,26,2,19,11
manufacturing_share,26,3,0,0
manufacturing_share,27,0,1,1
manufacturing_share,27,1,0,0
manufacturing_share,27,2,1,0
manufacturing_share,27,3,14,6
manufacturing_share,28,0,1,0
manufacturing_share,28,1,3,1
manufacturing_share,28,2,0,0
manufacturing_share,28,3,15,4
manufacturing_share,29,0,0,0
manufacturing_share,29,1,6,0
manufacturing_share,29,2,15,3
manufacturing_share,29,3,1,1
manufacturing_share,30,0,0,0
manufacturing_share,30,1,3,2
manufacturing_share,30,2,8,3
manufacturing_share,30,3,0,0
manufacturing_share,33,0,0,0
manufacturing_share,33,1,9,9
manufacturing_share,33,2,9,7
manufacturing_share,33,3,0,0
manufacturing_share,34,0,1,1
manufacturing_share,34,1,6,6
manufacturing_share,34,2,28,13
manufacturing_share,34,3,0,0
manufacturing_share,35,0,0,0
manufacturing_share,35,1,5,5
manufacturing_share,35,2,20,6
manufacturing_share,35,3,0,0
manufacturing_share,37,0,0,0
manufacturing_share,37,1,6,6
manufacturing_share,37,2,20,5
manufacturing_share,37,3,0,0
manufacturing_share,38,0,2,2
manufacturing_share,38,1,26,14
manufacturing_share,38,2,10,7
manufacturing_share,38,3,1,0
manufacturing_share,39,0,4,3
manufacturing_share,39,1,12,8
manufacturing_share,39,2,3,2
manufacturing_share,39,3,0,0
manufacturing_share,40,0,2,2
manufacturing_share,40,1,2,2
manufacturing_share,40,2,21,11
manufacturing_share,40,3,0,0
manufacturing_share,41,0,2,2
manufacturing_share,41,1,0,0
manufacturing_share,41,2,0,0
manufacturing_share,41,3,7,3
manufacturing_share,42,0,1,0
manufacturing_share,42,1,23,0
manufacturing_share,42,2,6,0
manufacturing_share,42,3,0,0
manufacturing_share,43,0,0,0
manufacturing_share,43,1,5,4
manufacturing_share,43,2,35,22
manufacturing_share,43,3,3,1
manufacturing_share,44,0,0,0
manufacturing_share,44,1,2,2
manufacturing_share,44,2,26,10
manufacturing_share,44,3,0,0
manufacturing_share,45,0,0,0
manufacturing_share,45,1,3,2
manufacturing_share,45,2,21,8
manufacturing_share,45,3,0,0
manufacturing_share,47,0,4,4
manufacturing_share,47,1,12,11
manufacturing_share,47,2,2,2
manufacturing_share,47,3,0,0
manufacturing_share,48,0,0,0
manufacturing_share,48,1,3,3
manufacturing_share,48,2,15,7
manufacturing_share,48,3,0,0
manufacturing_share,49,0,0,0
manufacturing_share,49,1,0,0
manufacturing_share,49,2,0,0
manufacturing_share,49,3,3,1
manufacturing_share,50,0,32,32
manufacturing_share,50,1,19,17
manufacturing_share,50,2,1,0
manufacturing_share,50,3,0,0
manufacturing_share,51,0,1,1
manufacturing_share,51,1,9,7
manufacturing_share,51,2,2,0
manufacturing_share,51,3,0,0
manufacturing_share,52,0,1,1
manufacturing_share,52,1,10,10
manufacturing_share,52,2,39,18
manufacturing_share,52,3,0,0
manufacturing_share,53,0,0,0
manufacturing_share,53,1,4,4
manufacturing_share,53,2,17,6
manufacturing_share,53,3,0,0
manufacturing_share,54,0,4,4
manufacturing_share,54,1,5,5
manufacturing_share,54,2,26,15
manufacturing_share,54,3,0,0
manufacturing_share,55,0,1,1
manufacturing_share,55,1,2,2
manufacturing_share,55,2,29,11
manufacturing_share,55,3,1,0
manufacturing_share,56,0,0,0
manufacturing_share,56,1,9,6
manufacturing_share,56,2,30,7
manufacturing_share,56,3,0,0
manufacturing_share,57,0,0,0
manufacturing_share,57,1,4,4
manufacturing_share,57,2,17,3
manufacturing_share,57,3,0,0
manufacturing_share,58,0,0,0
manufacturing_share,58,1,2,2
manufacturing_share,58,2,23,9
manufacturing_share,58,3,0,0
manufacturing_share,59,0,1,1
manufacturing_share,59,1,17,13
manufacturing_share,59,2,24,4
manufacturing_share,59,3,0,0
manufacturing_share,60,0,0,0
manufacturing_share,60,1,3,3
manufacturing_share,60,2,19,3
manufacturing_share,60,3,0,0
manufacturing_share,62,0,1,1
manufacturing_share,62,1,1,1
manufacturing_share,62,2,24,9
manufacturing_share,62,3,0,0
manufacturing_share,63,0,1,1
manufacturing_share,63,1,11,10
manufacturing_share,63,2,24,6
manufacturing_share,63,3,0,0
manufacturing_share,64,0,1,1
manufacturing_share,64,1,5,3
manufacturing_share,64,2,33,6
manufacturing_share,64,3,0,0
manufacturing_share,65,0,0,0
manufacturing_share,65,1,0,0
manufacturing_share,65,2,0,0
manufacturing_share,65,3,16,4
manufacturing_share,66,0,3,3
manufacturing_share,66,1,34,30
manufacturing_share,66,2,27,9
manufacturing_share,66,3,0,0
manufacturing_share,67,0,0,0
manufacturing_share,67,1,6,6
manufacturing_share,67,2,21,6
manufacturing_share,67,3,0,0
manufacturing_share,68,0,0,0
manufacturing_share,68,1,2,2
manufacturing_share,68,2,22,8
manufacturing_share,68,3,0,0
manufacturing_share,69,0,0,0
manufacturing_share,69,1,7,7
manufacturing_share,69,2,30,8
manufacturing_share,69,3,0,0
manufacturing_share,70,0,2,1
manufacturing_share,70,1,1,1
manufacturing_share,70,2,15,5
manufacturing_share,70,3,1,1
manufacturing_share,71,0,1,1
manufacturing_share,71,1,8,7
manufacturing_share,71,2,15,7
manufacturing_share,71,3,0,0
manufacturing_share,72,0,1,1
manufacturing_share,72,1,10,4
manufacturing_share,72,2,13,0
manufacturing_share,72,3,0,0
manufacturing_share,73,0,0,0
manufacturing_share,73,1,2,2
manufacturing_share,73,2,19,7
manufacturing_share,73,3,0,0
manufacturing_share,74,0,1,1
manufacturing_share,74,1,10,10
manufacturing_share,74,2,26,14
manufacturing_share,74,3,0,0
manufacturing_share,75,0,0,0
manufacturing_share,75,1,21,6
manufacturing_share,75,2,2,1
manufacturing_share,75,3,5,2
manufacturing_share,76,0,0,0
manufacturing_share,76,1,5,5
manufacturing_share,76,2,14,4
manufacturing_share,76,3,0,0
manufacturing_share,77,0,139,2
manufacturing_share,77,1,5,0
manufacturing_share,77,2,0,0
manufacturing_share,77,3,0,0
manufacturing_share,78,0,97,62
manufacturing_share,78,1,1,0
manufacturing_share,78,2,0,0
manufacturing_share,78,3,0,0
manufacturing_share,79,0,0,0
manufacturing_share,79,1,0,0
manufacturing_share,79,2,1,0
manufacturing_share,79,3,5,2
manufacturing_share,83,0,0,0
manufacturing_share,83,1,0,0
manufacturing_share,83,2,0,0
manufacturing_share,83,3,2,2
manufacturing_share,86,0,3,3
manufacturing_share,86,1,18,18
manufacturing_share,86,2,1,1
manufacturing_share,86,3,0,0
manufacturing_share,87,0,1,1
manufacturing_share,87,1,0,0
manufacturing_share,87,2,0,0
manufacturing_share,87,3,3,1
manufacturing_share,89,0,2,2
manufacturing_share,89,1,7,7
manufacturing_share,89,2,0,0
manufacturing_share,89,3,4,1
mining_share,1,0,1,1
mining_share,1,1,6,1
mining_share,1,2,2,0
mining_share,1,3,0,0
mining_share,2,0,1,1
mining_share,2,1,53,16
mining_share,2,2,7,2
mining_share,2,3,0,0
mining_share,4,0,0,0
mining_share,4,1,10,0
mining_share,4,2,1,0
mining_share,4,3,0,0
mining_share,7,0,2,0
mining_share,7,1,1,0
mining_share,7,2,1,0
mining_share,7,3,0,0
mining_share,8,0,0,0
mining_share,8,1,2,0
mining_share,8,2,3,0
mining_share,8,3,0,0
mining_share,9,0,3,0
mining_share,9,1,4,0
mining_share,9,2,1,0
mining_share,9,3,0,0
mining_share,10,0,0,0
mining_share,10,1,7,3
mining_share,10,2,11,1
mining_share,10,3,0,0
mining_share,11,0,0,0
mining_share,11,1,5,3
mining_share,11,2,14,2
mining_share,11,3,1,0
mining_share,12,0,0,0
mining_share,12,1,4,0
mining_share,12,2,13,0
mining_share,12,3,0,0
mining_share,13,0,0,0
mining_share,13,1,1,0
mining_share,13,2,19,0
mining_share,13,3,0,0
mining_share,14,0,0,0
mining_share,14,1,2,2
mining_share,14,2,0,0
mining_share,14,3,27,10
mining_share,15,0,5,0
mining_share,15,1,2,0
mining_share,15,2,0,0
mining_share,15,3,0,0
mining_share,16,0,2,2
mining_share,16,1,32,14
mining_share,16,2,9,3
mining_share,16,3,0,0
mining_share,17,0,0,0
mining_share,17,1,9,0
mining_share,17,2,1,0
mining_share,17,3,0,0
mining_share,18,0,1,1
mining_share,18,1,9,4
mining_share,18,2,17,7
mining_share,18,3,0,0
mining_share,19,0,0,0
mining_share,19,1,8,6
mining_share,19,2,4,1
mining_share,19,3,0,0
mining_share,21,0,1,0
mining_share,21,1,13,0
mining_share,21,2,9,0
mining_share,21,3,0,0
mining_share,22,0,1,0
mining_share,22,1,11,0
mining_share,22,2,52,0
mining_share,22,3,1,0
mining_share,24,0,1,1
mining_share,24,1,15,3
mining_share,24,2,30,1
mining_share,24,3,5,5
mining_share,25,0,4,1
mining_share,25,1,13,0
mining_share,25,2,4,1
mining_share,25,3,12,2
mining_share,26,0,5,1
mining_share,26,1,9,1
mining_share,26,2,19,1
mining_share,26,3,0,0
mining_share,27,0,1,1
mining_share,27,1,0,0
mining_share,27,2,1,0
mining_share,27,3,14,4
mining_share,28,0,1,0
mining_share,28,1,3,0
mining_share,28,2,0,0
mining_share,28,3,15,4
mining_share,29,0,0,0
mining_share,29,1,6,0
mining_share,29,2,15,1
mining_share,29,3,1,0
mining_share,30,0,0,0
mining_share,30,1,3,2
mining_share,30,2,8,1
mining_share,30,3,0,0
mining_share,33,0,0,0
mining_share,33,1,9,1
mining_share,33,2,9,0
mining_share,33,3,0,0
mining_share,34,0,1,1
mining_share,34,1,6,1
mining_share,34,2,28,5
mining_share,34,3,0,0
mining_share,35,0,0,0
mining_share,35,1,5,0
mining_share,35,2,20,0
mining_share,35,3,0,0
mining_share,37,0,0,0
mining_share,37,1,6,0
mining_share,37,2,20,0
mining_share,37,3,0,0
mining_share,38,0,2,2
mining_share,38,1,26,5
mining_share,38,2,10,2
mining_share,38,3,1,1
mining_share,39,0,4,1
mining_share,39,1,12,1
mining_share,39,2,3,0
mining_share,39,3,0,0
mining_share,40,0,2,1
mining_share,40,1,2,0
mining_share,40,2,21,1
mining_share,40,3,0,0
mining_share,41,0,2,1
mining_share,41,1,0,0
mining_share,41,2,0,0
mining_share,41,3,7,1
mining_share,42,0,1,0
mining_share,42,1,23,0
mining_share,42,2,6,0
mining_share,42,3,0,0
mining_share,43,0,0,0
mining_share,43,1,5,1
mining_share,43,2,35,0
mining_share,43,3,3,0
mining_share,44,0,0,0
mining_share,44,1,2,0
mining_share,44,2,26,0
mining_share,44,3,0,0
mining_share,45,0,0,0
mining_share,45,1,3,0
mining_share,45,2,21,0
mining_share,45,3,0,0
mining_share,47,0,4,2
mining_share,47,1,12,3
mining_share,47,2,2,0
mining_share,47,3,0,0
mining_share,48,0,0,0
mining_share,48,1,3,1
mining_share,48,2,15,0
mining_share,48,3,0,0
mining_share,49,0,0,0
mining_share,49,1,0,0
mining_share,49,2,0,0
mining_share,49,3,3,0
mining_share,50,0,32,2
mining_share,50,1,19,1
mining_share,50,2,1,0
mining_share,50,3,0,0
mining_share,51,0,1,1
mining_share,51,1,9,0
mining_share,51,2,2,0
mining_share,51,3,0,0
mining_share,52,0,1,0
mining_share,52,1,10,0
mining_share,52,2,39,0
mining_share,52,3,0,0
mining_share,53,0,0,0
mining_share,53,1,4,0
mining_share,53,2,17,0
mining_share,53,3,0,0
mining_share,54,0,4,1
mining_share,54,1,5,1
mining_share,54,2,26,2
mining_share,54,3,0,0
mining_share,55,0,1,0
mining_share,55,1,2,0
mining_share,55,2,29,0
mining_share,55,3,1,0
mining_share,56,0,0,0
mining_share,56,1,9,5
mining_share,56,2,30,3
mining_share,56,3,0,0
mining_share,57,0,0,0
mining_share,57,1,4,0
mining_share,57,2,17,0
mining_share,57,3,0,0
mining_share,58,0,0,0
mining_share,58,1,2,0
mining_share,58,2,23,0
mining_share,58,3,0,0
mining_share,59,0,1,1
mining_share,59,1,17,11
mining_share,59,2,24,8
mining_share,59,3,0,0
mining_share,60,0,0,0
mining_share,60,1,3,0
mining_share,60,2,19,0
mining_share,60,3,0,0
mining_share,62,0,1,1
mining_share,62,1,1,0
mining_share,62,2,24,0
mining_share,62,3,0,0
mining_share,63,0,1,1
mining_share,63,1,11,3
mining_share,63,2,24,9
mining_share,63,3,0,0
mining_share,64,0,1,1
mining_share,64,1,5,1
mining_share,64,2,33,4
mining_share,64,3,0,0
mining_share,65,0,0,0
mining_share,65,1,0,0
mining_share,65,2,0,0
mining_share,65,3,16,4
mining_share,66,0,3,1
mining_share,66,1,34,5
mining_share,66,2,27,0
mining_share,66,3,0,0
mining_share,67,0,0,0
mining_share,67,1,6,0
mining_share,67,2,21,0
mining_share,67,3,0,0
mining_share,68,0,0,0
mining_share,68,1,2,0
mining_share,68,2,22,0
mining_share,68,3,0,0
mining_share,69,0,0,0
mining_share,69,1,7,0
mining_share,69,2,30,0
mining_share,69,3,0,0
mining_share,70,0,2,1
mining_share,70,1,1,1
mining_share,70,2,15,2
mining_share,70,3,1,1
mining_share,71,0,1,1
mining_share,71,1,8,0
mining_share,71,2,15,0
mining_share,71,3,0,0
mining_share,72,0,1,1
mining_share,72,1,10,0
mining_share,72,2,13,0
mining_share,72,3,0,0
mining_share,73,0,0,0
mining_share,73,1,2,0
mining_share,73,2,19,0
mining_share,73,3,0,0
mining_share,74,0,1,1
mining_share,74,1,10,2
mining_share,74,2,26,7
mining_share,74,3,0,0
mining_share,75,0,0,0
mining_share,75,1,21,4
mining_share,75,2,2,1
mining_share,75,3,5,4
mining_share,76,0,0,0
mining_share,76,1,5,1
mining_share,76,2,14,0
mining_share,76,3,0,0
mining_share,77,0,139,0
mining_share,77,1,5,0
mining_share,77,2,0,0
mining_share,77,3,0,0
mining_share,78,0,97,2
mining_share,78,1,1,0
mining_share,78,2,0,0
mining_share,78,3,0,0
mining_share,79,0,0,0
mining_share,79,1,0,0
mining_share,79,2,1,0
mining_share,79,3,5,1
mining_share,83,0,0,0
mining_share,83,1,0,0
mining_share,83,2,0,0
mining_share,83,3,2,2
mining_share,86,0,3,3
mining_share,86,1,18,17
mining_share,86,2,1,1
mining_share,86,3,0,0
mining_share,87,0,1,1
mining_share,87,1,0,0
mining_share,87,2,0,0
mining_share,87,3,3,2
mining_share,89,0,2,2
mining_share,89,1,7,6
mining_share,89,2,0,0
mining_share,89,3,4,2
public_share,1,0,1,1
public_share,1,1,6,6
public_share,1,2,2,2
public_share,1,3,0,0
public_share,2,0,1,1
public_share,2,1,53,53
public_share,2,2,7,7
public_share,2,3,0,0
public_share,4,0,0,0
public_share,4,1,10,10
public_share,4,2,1,0
public_share,4,3,0,0
public_share,7,0,2,2
public_share,7,1,1,1
public_share,7,2,1,1
public_share,7,3,0,0
public_share,8,0,0,0
public_share,8,1,2,2
public_share,8,2,3,3
public_share,8,3,0,0
public_share,9,0,3,2
public_share,9,1,4,3
public_share,9,2,1,0
public_share,9,3,0,0
public_share,10,0,0,0
public_share,10,1,7,7
public_share,10,2,11,11
public_share,10,3,0,0
public_share,11,0,0,0
public_share,11,1,5,5
public_share,11,2,14,14
public_share,11,3,1,1
public_share,12,0,0,0
public_share,12,1,4,3
public_share,12,2,13,13
public_share,12,3,0,0
public_share,13,0,0,0
public_share,13,1,1,1
public_share,13,2,19,16
public_share,13,3,0,0
public_share,14,0,0,0
public_share,14,1,2,2
public_share,14,2,0,0
public_share,14,3,27,27
public_share,15,0,5,5
public_share,15,1,2,2
public_share,15,2,0,0
public_share,15,3,0,0
public_share,16,0,2,2
public_share,16,1,32,32
public_share,16,2,9,9
public_share,16,3,0,0
public_share,17,0,0,0
public_share,17,1,9,7
public_share,17,2,1,0
public_share,17,3,0,0
public_share,18,0,1,1
public_share,18,1,9,9
public_share,18,2,17,16
public_share,18,3,0,0
public_share,19,0,0,0
public_share,19,1,8,6
public_share,19,2,4,3
public_share,19,3,0,0
public_share,21,0,1,1
public_share,21,1,13,12
public_share,21,2,9,8
public_share,21,3,0,0
public_share,22,0,1,1
public_share,22,1,11,11
public_share,22,2,52,34
public_share,22,3,1,0
public_share,24,0,1,1
public_share,24,1,15,15
public_share,24,2,30,26
public_share,24,3,5,5
public_share,25,0,4,4
public_share,25,1,13,12
public_share,25,2,4,4
public_share,25,3,12,9
public_share,26,0,5,5
public_share,26,1,9,8
public_share,26,2,19,18
public_share,26,3,0,0
public_share,27,0,1,1
public_share,27,1,0,0
public_share,27,2,1,1
public_share,27,3,14,13
public_share,28,0,1,1
public_share,28,1,3,3
public_share,28,2,0,0
public_share,28,3,15,12
public_share,29,0,0,0
public_share,29,1,6,1
public_share,29,2,15,14
public_share,29,3,1,1
public_share,30,0,0,0
public_share,30,1,3,3
public_share,30,2,8,8
public_share,30,3,0,0
public_share,33,0,0,0
public_share,33,1,9,9
public_share,33,2,9,8
public_share,33,3,0,0
public_share,34,0,1,1
public_share,34,1,6,6
public_share,34,2,28,28
public_share,34,3,0,0
public_share,35,0,0,0
public_share,35,1,5,4
public_share,35,2,20,20
public_share,35,3,0,0
public_share,37,0,0,0
public_share,37,1,6,5
public_share,37,2,20,18
public_share,37,3,0,0
public_share,38,0,2,2
public_share,38,1,26,22
public_share,38,2,10,7
public_share,38,3,1,1
public_share,39,0,4,4
public_share,39,1,12,10
public_share,39,2,3,3
public_share,39,3,0,0
public_share,40,0,2,2
public_share,40,1,2,2
public_share,40,2,21,8
public_share,40,3,0,0
public_share,41,0,2,2
public_share,41,1,0,0
public_share,41,2,0,0
public_share,41,3,7,7
public_share,42,0,1,0
public_share,42,1,23,0
public_share,42,2,6,0
public_share,42,3,0,0
public_share,43,0,0,0
public_share,43,1,5,5
public_share,43,2,35,34
public_share,43,3,3,3
public_share,44,0,0,0
public_share,44,1,2,2
public_share,44,2,26,20
public_share,44,3,0,0
public_share,45,0,0,0
public_share,45,1,3,3
public_share,45,2,21,21
public_share,45,3,0,0
public_share,47,0,4,4
public_share,47,1,12,12
public_share,47,2,2,2
public_share,47,3,0,0
public_share,48,0,0,0
public_share,48,1,3,3
public_share,48,2,15,10
public_share,48,3,0,0
public_share,49,0,0,0
public_share,49,1,0,0
public_share,49,2,0,0
public_share,49,3,3,1
public_share,50,0,32,32
public_share,50,1,19,15
public_share,50,2,1,0
public_share,50,3,0,0
public_share,51,0,1,1
public_share,51,1,9,9
public_share,51,2,2,2
public_share,51,3,0,0
public_share,52,0,1,1
public_share,52,1,10,10
public_share,52,2,39,39
public_share,52,3,0,0
public_share,53,0,0,0
public_share,53,1,4,4
public_share,53,2,17,17
public_share,53,3,0,0
public_share,54,0,4,4
public_share,54,1,5,5
public_share,54,2,26,26
public_share,54,3,0,0
public_share,55,0,1,1
public_share,55,1,2,2
public_share,55,2,29,25
public_share,55,3,1,0
public_share,56,0,0,0
public_share,56,1,9,8
public_share,56,2,30,29
public_share,56,3,0,0
public_share,57,0,0,0
public_share,57,1,4,4
public_share,57,2,17,13
public_share,57,3,0,0
public_share,58,0,0,0
public_share,58,1,2,2
public_share,58,2,23,10
public_share,58,3,0,0
public_share,59,0,1,1
public_share,59,1,17,17
public_share,59,2,24,20
public_share,59,3,0,0
public_share,60,0,0,0
public_share,60,1,3,3
public_share,60,2,19,19
public_share,60,3,0,0
public_share,62,0,1,1
public_share,62,1,1,0
public_share,62,2,24,11
public_share,62,3,0,0
public_share,63,0,1,1
public_share,63,1,11,11
public_share,63,2,24,23
public_share,63,3,0,0
public_share,64,0,1,1
public_share,64,1,5,5
public_share,64,2,33,26
public_share,64,3,0,0
public_share,65,0,0,0
public_share,65,1,0,0
public_share,65,2,0,0
public_share,65,3,16,15
public_share,66,0,3,3
public_share,66,1,34,33
public_share,66,2,27,17
public_share,66,3,0,0
public_share,67,0,0,0
public_share,67,1,6,6
public_share,67,2,21,13
public_share,67,3,0,0
public_share,68,0,0,0
public_share,68,1,2,2
public_share,68,2,22,16
public_share,68,3,0,0
public_share,69,0,0,0
public_share,69,1,7,7
public_share,69,2,30,29
public_share,69,3,0,0
public_share,70,0,2,2
public_share,70,1,1,1
public_share,70,2,15,9
public_share,70,3,1,1
public_share,71,0,1,1
public_share,71,1,8,8
public_share,71,2,15,15
public_share,71,3,0,0
public_share,72,0,1,1
public_share,72,1,10,4
public_share,72,2,13,1
public_share,72,3,0,0
public_share,73,0,0,0
public_share,73,1,2,2
public_share,73,2,19,19
public_share,73,3,0,0
public_share,74,0,1,1
public_share,74,1,10,10
public_share,74,2,26,26
public_share,74,3,0,0
public_share,75,0,0,0
public_share,75,1,21,19
public_share,75,2,2,2
public_share,75,3,5,5
public_share,76,0,0,0
public_share,76,1,5,5
public_share,76,2,14,14
public_share,76,3,0,0
public_share,77,0,139,2
public_share,77,1,5,0
public_share,77,2,0,0
public_share,77,3,0,0
public_share,78,0,97,57
public_share,78,1,1,0
public_share,78,2,0,0
public_share,78,3,0,0
public_share,79,0,0,0
public_share,79,1,0,0
public_share,79,2,1,1
public_share,79,3,5,4
public_share,83,0,0,0
public_share,83,1,0,0
public_share,83,2,0,0
public_share,83,3,2,2
public_share,86,0,3,3
public_share,86,1,18,16
public_share,86,2,1,1
public_share,86,3,0,0
public_share,87,0,1,1
public_share,87,1,0,0
public_share,87,2,0,0
public_share,87,3,3,3
public_share,89,0,2,2
public_share,89,1,7,7
public_share,89,2,0,0
public_share,89,3,4,3
