target,model,n_entities,n_regions,residual_ss,within_region_rank,within_region_columns,partial_R2_vs_reduced,formal_p_value,descriptive_only
log_wage_total_2023,M0,1797,72,37.212996306300425,4,5,,,True
log_wage_total_2023,M1,1797,72,36.346232828867713,7,8,0.023291956130013735,,True
log_wage_total_2023,M2,1797,72,34.780385476569862,9,10,,,True
log_wage_total_2023,M3,1797,72,34.291410892656074,12,13,0.014058917899089696,,True
log1p_market_access_2024,M0,1785,72,12.647970882219669,4,5,,,True
log1p_market_access_2024,M1,1785,72,12.385783734623555,7,8,0.020729581846578471,,True
log1p_market_access_2024,M2,1785,72,12.037108591066117,9,10,,,True
log1p_market_access_2024,M3,1785,72,11.94808284074519,12,13,0.0073959414461875926,,True
agriculture_share,M0,1043,70,6.2615766949406995,4,5,,,True
agriculture_share,M1,1043,70,6.1868181562715865,7,8,0.011939251455550682,,True
agriculture_share,M2,1043,70,6.2297225923009281,9,10,,,True
agriculture_share,M3,1043,70,6.1031241221253412,12,13,0.020321686608011251,,True
manufacturing_share,M0,970,71,11.930348290829091,4,5,,,True
manufacturing_share,M1,970,71,11.559479826846724,7,8,0.031086138890635329,,True
manufacturing_share,M2,970,71,11.001665047739198,9,10,,,True
manufacturing_share,M3,970,71,10.79082711584106,12,13,0.019164183874282304,,True
mining_share,M0,273,46,3.3489382941311403,4,5,,,True
mining_share,M1,273,46,3.3199180680053679,7,8,0.0086655003995233289,,True
mining_share,M2,273,46,3.3324756009750658,9,10,,,True
mining_share,M3,273,46,3.3157254842882757,12,13,0.0050263283793852984,,True
public_share,M0,1594,72,21.95359791485501,4,5,,,True
public_share,M1,1594,72,20.825652667297643,7,8,0.051378605544840437,,True
public_share,M2,1594,72,19.302719782702482,9,10,,,True
public_share,M3,1594,72,18.924936003728092,12,13,0.019571531018801235,,True
