draw,municipalities,winner_2023_2024,winner_2023
0,1582,joint_0.5,joint_0.5
1,1606,joint_0.5,joint_0.1
2,1668,joint_0.5,joint_0.1
3,1670,joint_0.25,joint_0.25
4,1641,joint_0.25,joint_0.25
5,1642,joint_0.5,joint_0.1
6,1455,joint_0.25,joint_0.25
7,1557,joint_0.25,joint_0.25
8,1515,joint_0.25,joint_0.25
9,1715,joint_0.5,joint_0.25
10,1644,joint_0.5,joint_0.25
11,1666,joint_0.5,joint_0.25
12,1687,joint_0.5,joint_0.5
13,1736,joint_0.5,joint_0.25
14,1623,joint_0.25,joint_0.25
15,1585,joint_0.1,joint_0.25
16,1490,joint_0.25,joint_0.1
17,1671,joint_0.5,joint_0.25
18,1654,joint_0.25,joint_0.25
19,1548,joint_0.5,joint_0.25
20,1447,joint_0.1,kefrin
21,1621,joint_0.5,joint_0.5
22,1562,joint_0.5,joint_0.25
23,1599,joint_0.25,joint_0.25
24,1460,joint_0.1,joint_0.25
25,1578,joint_0.25,joint_0.25
26,1608,joint_0.5,joint_0.25
27,1643,joint_1.0,joint_1.0
28,1637,joint_0.5,joint_0.5
29,1633,joint_0.1,joint_0.1
30,1708,joint_0.5,joint_0.5
31,1670,joint_0.1,joint_0.1
32,1714,joint_0.1,joint_0.1
33,1654,joint_0.1,joint_0.1
34,1581,joint_0.5,joint_0.1
35,1614,joint_0.1,joint_0.25
36,1630,joint_0.5,joint_0.25
37,1677,joint_0.5,joint_0.5
38,1709,joint_0.5,joint_0.1
39,1582,joint_0.5,joint_0.25
40,1537,joint_0.5,joint_0.25
41,1672,joint_0.5,joint_0.25
42,1645,joint_0.5,joint_0.5
43,1632,joint_0.25,joint_0.25
44,1581,joint_0.5,joint_0.25
45,1664,joint_0.25,joint_0.1
46,1624,joint_0.5,joint_0.5
47,1647,joint_0.5,joint_0.1
48,1605,joint_0.5,joint_0.1
49,1485,joint_0.25,joint_0.1
50,1641,joint_0.5,joint_0.1
51,1482,joint_0.1,joint_0.1
52,1554,joint_0.25,joint_0.25
53,1518,joint_0.25,joint_0.25
54,1636,joint_1.0,joint_0.25
55,1673,joint_0.5,joint_0.5
56,1667,joint_0.1,joint_0.25
57,1593,joint_0.1,joint_0.1
58,1615,joint_0.5,joint_0.25
59,1620,joint_0.5,joint_0.5
60,1576,joint_0.5,kefrin
61,1683,joint_0.5,joint_0.25
62,1547,joint_0.5,joint_0.25
63,1694,joint_0.1,joint_0.1
64,1630,joint_0.5,joint_0.5
65,1555,joint_0.25,joint_0.25
66,1689,joint_0.5,joint_0.25
67,1713,joint_0.5,joint_0.1
68,1664,joint_0.5,joint_0.5
69,1511,joint_0.5,joint_0.5
70,1636,joint_0.1,joint_0.25
71,1502,joint_0.5,joint_0.1
72,1654,joint_0.5,joint_0.25
73,1610,joint_0.5,joint_0.25
74,1453,joint_0.25,joint_0.25
75,1664,joint_0.5,joint_0.5
76,1749,joint_0.5,joint_0.5
77,1605,joint_0.5,joint_0.25
78,1558,joint_0.5,joint_0.1
79,1546,joint_0.1,joint_0.1
80,1598,joint_0.5,joint_0.25
81,1450,joint_0.5,joint_0.25
82,1556,joint_0.25,joint_0.25
83,1538,joint_0.1,kefrin
84,1601,joint_0.5,joint_0.25
85,1425,joint_0.25,joint_0.25
86,1599,joint_0.5,joint_0.25
87,1620,joint_0.25,joint_0.25
88,1600,joint_0.5,joint_0.5
89,1516,joint_0.25,joint_0.25
90,1496,joint_0.1,joint_0.1
91,1489,joint_1.0,kefrin
92,1661,joint_0.5,joint_0.25
93,1650,joint_0.25,joint_0.25
94,1551,joint_0.25,joint_0.25
95,1676,joint_0.5,joint_0.1
96,1652,joint_0.1,joint_0.1
97,1524,joint_0.5,joint_0.25
98,1508,joint_0.5,joint_0.5
99,1730,joint_0.25,joint_0.25
100,1643,joint_0.5,joint_0.25
101,1679,joint_0.5,joint_0.5
102,1525,joint_0.25,joint_0.25
103,1704,joint_0.5,joint_0.25
104,1665,joint_0.5,joint_0.25
105,1749,joint_0.5,joint_0.25
106,1659,joint_0.5,joint_0.25
107,1625,joint_0.5,joint_1.0
108,1547,joint_0.25,joint_0.25
109,1617,joint_0.1,joint_0.25
110,1477,joint_0.5,joint_0.25
111,1613,joint_0.5,joint_0.5
112,1588,joint_0.5,joint_0.25
113,1629,joint_0.1,joint_0.1
114,1547,joint_0.5,joint_0.25
115,1749,joint_0.5,joint_0.25
116,1564,joint_0.5,joint_0.25
117,1711,joint_0.1,joint_0.1
118,1485,joint_0.5,joint_0.1
119,1592,joint_1.0,joint_0.25
120,1495,joint_0.5,joint_0.25
121,1595,joint_0.5,joint_0.25
122,1661,joint_0.5,joint_0.5
123,1646,joint_0.25,joint_0.25
124,1664,joint_1.0,joint_0.5
125,1652,joint_0.5,joint_0.5
126,1692,joint_0.5,joint_0.25
127,1686,joint_0.5,joint_0.25
128,1623,joint_0.5,joint_0.25
129,1692,joint_0.25,joint_0.25
130,1626,joint_0.25,joint_0.1
131,1518,joint_0.1,joint_0.25
132,1690,joint_0.25,joint_0.1
133,1682,joint_0.5,joint_0.1
134,1623,joint_0.1,joint_0.1
135,1436,joint_0.1,joint_0.1
136,1637,joint_0.5,joint_0.5
137,1636,joint_0.5,joint_0.25
138,1621,joint_0.5,joint_0.1
139,1567,joint_0.25,joint_0.25
140,1553,joint_0.5,joint_0.25
141,1637,joint_0.1,joint_0.25
142,1631,joint_0.1,joint_0.1
143,1502,joint_0.5,joint_0.5
144,1618,joint_0.25,joint_0.1
145,1614,joint_0.1,joint_0.25
146,1678,joint_0.5,joint_0.5
147,1596,joint_0.5,joint_0.1
148,1442,joint_0.1,joint_0.25
149,1540,joint_0.25,joint_0.25
150,1586,joint_0.25,joint_0.25
151,1619,joint_0.5,joint_0.25
152,1513,joint_0.1,joint_0.1
153,1626,joint_1.0,joint_0.5
154,1480,joint_0.25,joint_0.25
155,1553,joint_1.0,joint_0.1
156,1688,joint_0.5,joint_0.25
157,1520,joint_0.5,joint_0.1
158,1624,joint_0.5,joint_0.1
159,1700,joint_0.1,joint_0.1
160,1641,joint_0.5,joint_0.25
161,1620,joint_0.5,joint_0.5
162,1552,joint_0.5,joint_0.25
163,1591,joint_0.25,joint_0.25
164,1498,joint_0.5,joint_0.5
165,1627,joint_0.5,joint_0.5
166,1664,joint_1.0,joint_0.1
167,1450,joint_0.25,joint_0.1
168,1598,joint_0.5,joint_0.1
169,1709,joint_0.25,joint_0.5
170,1464,joint_0.5,joint_0.25
171,1583,joint_0.5,joint_0.5
172,1516,joint_0.5,joint_0.25
173,1639,joint_0.5,joint_0.25
174,1411,joint_0.25,joint_0.1
175,1403,joint_0.25,joint_0.25
176,1555,joint_0.5,joint_0.25
177,1657,joint_0.25,joint_0.1
178,1531,joint_0.25,joint_0.25
179,1480,joint_0.5,joint_0.5
180,1612,joint_0.5,joint_0.1
181,1613,joint_0.1,joint_0.25
182,1721,joint_0.25,joint_0.25
183,1618,joint_1.0,joint_0.5
184,1649,joint_0.5,joint_0.25
185,1562,joint_0.1,joint_0.1
186,1483,joint_0.1,joint_0.25
187,1537,joint_0.5,joint_0.25
188,1523,joint_0.1,joint_0.1
189,1649,joint_0.1,joint_0.1
190,1636,joint_0.5,joint_0.5
191,1669,joint_0.25,joint_0.25
192,1651,joint_0.1,joint_0.25
193,1601,joint_0.5,joint_0.1
194,1604,joint_0.5,joint_0.25
195,1563,joint_0.25,joint_0.25
196,1608,joint_0.5,joint_0.25
197,1559,joint_0.1,joint_0.1
198,1580,joint_0.1,joint_0.1
199,1587,joint_0.5,joint_0.5
200,1663,joint_0.5,joint_0.25
201,1679,joint_0.5,joint_0.5
202,1645,joint_0.5,joint_0.5
203,1584,joint_0.5,joint_0.1
204,1692,joint_0.5,joint_0.5
205,1583,joint_0.5,joint_0.5
206,1499,joint_0.1,joint_0.1
207,1649,joint_0.25,joint_0.25
208,1549,joint_0.25,joint_0.25
209,1601,joint_0.5,joint_0.25
210,1634,joint_0.5,joint_0.1
211,1675,joint_0.5,joint_0.25
212,1707,joint_1.0,joint_1.0
213,1593,joint_0.5,joint_0.5
214,1710,joint_0.25,joint_0.25
215,1640,joint_0.5,joint_0.25
216,1471,joint_0.5,joint_0.5
217,1469,joint_0.25,joint_0.25
218,1450,joint_0.5,joint_0.1
219,1587,joint_0.25,joint_0.25
220,1665,joint_0.5,joint_0.25
221,1655,joint_0.25,joint_0.1
222,1505,joint_0.25,joint_0.5
223,1680,joint_0.5,joint_0.25
224,1643,joint_0.5,joint_0.25
225,1538,joint_0.5,joint_0.1
226,1426,joint_0.5,joint_0.5
227,1674,joint_0.5,joint_0.25
228,1597,joint_0.5,joint_0.5
229,1542,joint_0.25,joint_0.1
230,1559,joint_0.5,joint_0.5
231,1597,joint_0.5,joint_1.0
232,1479,joint_0.5,joint_0.5
233,1542,joint_0.1,joint_0.1
234,1712,joint_0.5,joint_0.25
235,1630,joint_0.5,joint_0.5
236,1505,joint_0.5,joint_0.1
237,1597,joint_0.5,joint_0.25
238,1680,joint_0.1,joint_0.1
239,1695,joint_0.25,joint_0.25
240,1573,joint_0.25,joint_0.25
241,1679,joint_0.5,joint_0.1
242,1584,joint_0.5,joint_1.0
243,1669,joint_0.5,joint_0.5
244,1643,joint_0.5,joint_0.5
245,1642,joint_0.5,joint_0.1
246,1541,joint_0.5,joint_0.1
247,1578,joint_0.5,joint_0.25
248,1705,joint_0.5,joint_0.5
249,1623,joint_0.5,joint_0.1
250,1657,joint_0.5,joint_0.5
251,1717,joint_0.5,joint_0.5
252,1763,joint_0.5,joint_0.5
253,1616,joint_0.5,joint_0.25
254,1603,joint_0.5,joint_0.1
255,1573,joint_0.1,joint_0.1
256,1690,joint_0.1,joint_0.1
257,1545,joint_0.5,joint_0.25
258,1652,joint_0.5,joint_0.25
259,1634,joint_0.5,joint_0.5
260,1633,joint_0.1,joint_0.1
261,1641,joint_0.5,joint_0.1
262,1600,joint_0.5,joint_0.1
263,1686,joint_0.5,joint_0.5
264,1715,joint_0.25,joint_0.25
265,1623,joint_0.1,joint_0.1
266,1621,joint_0.5,joint_0.5
267,1734,joint_0.5,joint_0.5
268,1548,joint_0.1,joint_0.25
269,1554,joint_0.5,joint_0.25
270,1612,joint_0.5,joint_0.25
271,1590,joint_0.25,joint_0.25
272,1531,joint_0.5,joint_0.25
273,1621,joint_0.25,joint_0.25
274,1710,joint_0.5,joint_0.5
275,1581,joint_0.5,joint_0.1
276,1648,joint_1.0,joint_0.25
277,1630,joint_1.0,joint_0.5
278,1554,joint_0.5,joint_0.25
279,1387,joint_0.25,joint_0.25
280,1626,joint_0.25,joint_0.25
281,1561,joint_0.25,joint_0.25
282,1651,joint_0.25,joint_0.25
283,1714,joint_0.25,joint_0.25
284,1398,joint_0.1,joint_0.1
285,1529,joint_0.5,joint_0.25
286,1562,joint_0.5,joint_0.25
287,1623,joint_0.25,joint_0.25
288,1515,joint_0.25,joint_0.25
289,1702,joint_0.25,joint_0.25
290,1649,joint_0.25,joint_0.25
291,1579,joint_0.5,joint_0.5
292,1669,joint_0.5,joint_0.25
293,1609,joint_0.5,joint_0.5
294,1598,joint_0.5,joint_0.1
295,1441,joint_0.1,joint_0.1
296,1677,joint_0.5,joint_0.5
297,1672,joint_1.0,joint_0.25
298,1506,joint_0.25,joint_0.5
299,1670,joint_0.5,joint_0.25
300,1592,joint_0.25,joint_0.25
301,1552,joint_0.1,joint_0.1
302,1766,joint_0.5,joint_0.1
303,1567,joint_0.25,joint_0.1
304,1541,joint_0.5,joint_0.5
305,1668,joint_0.5,joint_0.5
306,1512,joint_0.5,joint_0.5
307,1584,joint_0.5,joint_0.25
308,1623,joint_0.1,joint_0.1
309,1604,joint_0.5,joint_1.0
310,1647,joint_0.5,joint_0.1
311,1669,joint_0.5,joint_0.25
312,1586,joint_0.25,joint_0.25
313,1591,joint_0.5,joint_0.25
314,1550,joint_0.25,joint_0.25
315,1641,joint_0.5,joint_0.25
316,1642,joint_0.1,joint_0.25
317,1624,joint_0.5,joint_0.25
318,1692,joint_0.5,joint_0.5
319,1684,joint_0.5,joint_0.25
320,1609,joint_0.1,joint_0.1
321,1630,joint_0.5,joint_0.25
322,1686,joint_0.5,joint_0.25
323,1562,joint_0.5,joint_0.25
324,1639,joint_0.5,joint_0.5
325,1671,joint_0.5,joint_0.1
326,1527,kmeans,joint_0.25
327,1641,joint_0.5,joint_0.25
328,1636,joint_0.5,joint_0.25
329,1619,joint_0.1,joint_0.25
330,1641,joint_0.25,joint_0.25
331,1660,joint_0.5,joint_0.5
332,1634,joint_0.1,joint_0.1
333,1652,joint_0.5,joint_0.25
334,1508,joint_0.25,joint_0.25
335,1543,joint_0.5,joint_0.5
336,1573,joint_0.25,joint_0.25
337,1625,joint_0.5,joint_0.1
338,1638,joint_0.5,joint_0.1
339,1689,joint_0.25,joint_0.1
340,1756,joint_0.5,joint_0.5
341,1643,joint_0.5,joint_0.5
342,1663,joint_0.25,joint_0.25
343,1746,joint_0.5,joint_0.25
344,1541,joint_0.5,joint_0.5
345,1597,joint_0.5,joint_0.25
346,1516,joint_0.5,joint_0.25
347,1620,joint_0.5,joint_0.5
348,1590,joint_0.5,joint_0.5
349,1643,joint_0.1,joint_0.1
350,1687,kefrin,joint_0.25
351,1698,joint_0.5,joint_0.25
352,1691,joint_0.25,joint_0.25
353,1554,joint_0.25,joint_0.25
354,1727,joint_0.5,joint_0.5
355,1660,joint_0.1,joint_0.1
356,1585,joint_0.5,joint_0.1
357,1639,joint_0.5,joint_0.25
358,1544,joint_0.5,joint_0.25
359,1619,joint_0.5,joint_0.25
360,1656,joint_0.25,joint_0.25
361,1637,joint_1.0,kefrin
362,1579,joint_0.5,joint_0.5
363,1681,joint_0.5,joint_0.5
364,1646,joint_0.1,joint_0.5
365,1607,joint_0.25,joint_0.25
366,1653,joint_1.0,joint_0.25
367,1549,joint_0.25,joint_0.25
368,1590,joint_0.5,joint_0.1
369,1609,joint_0.5,joint_0.5
370,1425,joint_0.5,joint_0.5
371,1552,joint_0.5,joint_0.25
372,1619,joint_0.25,joint_0.25
373,1615,joint_0.5,joint_0.25
374,1501,joint_0.25,joint_0.25
375,1702,joint_0.5,joint_0.25
376,1566,joint_0.5,kefrin
377,1578,joint_0.5,joint_0.1
378,1683,joint_1.0,joint_0.1
379,1507,joint_0.5,joint_0.5
380,1593,joint_0.5,joint_0.5
381,1541,joint_0.5,kefrin
382,1592,joint_0.5,joint_0.25
383,1519,joint_0.25,joint_0.25
384,1616,joint_0.5,joint_0.5
385,1426,joint_0.25,joint_0.1
386,1638,joint_0.25,joint_0.25
387,1574,joint_0.25,joint_0.25
388,1558,joint_0.5,joint_0.5
389,1615,joint_0.5,joint_0.25
390,1588,joint_0.25,joint_0.25
391,1587,joint_0.5,joint_0.1
392,1603,joint_0.5,joint_0.5
393,1544,joint_0.5,joint_0.25
394,1510,joint_0.25,joint_0.25
395,1595,joint_0.25,joint_0.25
396,1480,joint_0.25,joint_0.25
397,1571,joint_0.1,joint_0.1
398,1547,joint_0.25,joint_0.25
399,1536,joint_0.25,joint_0.1
400,1451,joint_0.5,joint_0.25
401,1732,joint_0.5,joint_0.1
402,1604,joint_0.1,joint_0.25
403,1616,joint_0.5,joint_0.25
404,1524,joint_0.5,joint_0.25
405,1611,joint_0.5,joint_0.25
406,1632,joint_0.5,joint_0.5
407,1713,joint_0.5,joint_0.5
408,1678,joint_0.5,joint_0.1
409,1742,joint_0.1,joint_0.1
410,1544,joint_0.5,joint_0.5
411,1545,joint_0.25,joint_0.5
412,1565,joint_0.25,joint_0.1
413,1624,joint_0.5,joint_0.5
414,1491,joint_0.5,joint_0.1
415,1700,joint_1.0,joint_1.0
416,1476,joint_0.25,joint_0.1
417,1671,joint_0.25,joint_0.25
418,1625,joint_0.5,joint_0.5
419,1599,joint_0.5,joint_0.5
420,1541,joint_0.25,joint_0.25
421,1651,joint_1.0,joint_0.25
422,1729,joint_0.5,joint_0.5
423,1548,joint_0.25,joint_0.25
424,1559,joint_0.25,joint_0.25
425,1533,joint_0.25,joint_0.1
426,1723,joint_0.5,joint_0.25
427,1539,joint_0.25,joint_0.25
428,1537,joint_0.5,joint_0.5
429,1535,joint_0.25,joint_0.25
430,1596,joint_0.1,joint_0.1
431,1592,joint_0.5,joint_0.1
432,1713,joint_1.0,joint_0.1
433,1570,joint_0.5,joint_0.5
434,1686,joint_0.5,joint_0.25
435,1509,joint_0.1,joint_0.5
436,1651,joint_0.5,joint_0.5
437,1694,joint_0.25,joint_0.1
438,1619,joint_1.0,joint_0.25
439,1537,joint_0.25,joint_0.1
440,1677,joint_0.5,joint_0.25
441,1580,joint_0.5,joint_0.5
442,1613,joint_0.1,joint_0.1
443,1541,joint_0.25,joint_0.25
444,1551,joint_0.25,joint_0.25
445,1597,joint_0.25,joint_0.1
446,1622,joint_0.25,joint_0.5
447,1472,joint_0.25,joint_0.25
448,1449,joint_0.25,joint_0.1
449,1609,joint_0.5,joint_0.25
450,1492,joint_0.25,joint_0.25
451,1498,joint_0.25,joint_0.25
452,1469,joint_0.25,joint_0.25
453,1599,joint_0.5,joint_0.5
454,1575,joint_0.5,joint_0.5
455,1672,joint_0.25,joint_0.25
456,1602,joint_0.25,joint_0.1
457,1560,joint_0.5,joint_0.1
458,1631,joint_0.1,joint_0.25
459,1676,joint_0.5,joint_0.25
460,1567,joint_0.25,joint_0.25
461,1590,joint_0.25,joint_0.25
462,1582,joint_0.5,joint_0.1
463,1539,joint_0.5,joint_0.1
464,1570,joint_0.25,joint_0.25
465,1661,joint_0.1,joint_0.1
466,1667,joint_0.5,joint_0.5
467,1548,joint_0.5,joint_0.5
468,1680,joint_0.1,joint_0.1
469,1645,joint_0.5,joint_0.25
470,1570,joint_0.5,joint_0.5
471,1644,joint_0.5,joint_0.25
472,1663,joint_0.25,joint_0.25
473,1434,joint_0.5,joint_0.5
474,1722,joint_0.5,joint_0.25
475,1551,joint_0.5,joint_0.5
476,1637,joint_0.5,joint_0.5
477,1610,joint_0.5,joint_0.5
478,1677,joint_0.5,joint_0.5
479,1618,joint_0.5,joint_0.1
480,1565,joint_0.5,joint_0.1
481,1571,joint_0.25,joint_0.25
482,1646,joint_0.5,joint_0.25
483,1520,joint_0.25,joint_0.5
484,1674,joint_0.5,joint_0.5
485,1584,joint_0.5,joint_0.5
486,1660,joint_0.5,joint_0.5
487,1542,joint_0.1,joint_0.25
488,1579,joint_0.5,joint_0.1
489,1573,joint_0.5,joint_0.5
490,1459,joint_0.5,joint_0.5
491,1639,joint_0.5,joint_0.1
492,1642,joint_0.5,joint_0.25
493,1635,joint_0.1,joint_0.25
494,1661,joint_0.5,joint_0.25
495,1401,kefrin,joint_0.1
496,1497,joint_0.5,joint_0.25
497,1618,joint_0.5,joint_0.25
498,1689,joint_0.5,joint_0.1
499,1693,joint_0.25,joint_1.0
