entity_id,attribute_fitted_label,attribute_original_label,projected_type,graph_fitted_label,graph_original_label,graph_projected_type,quarter_labels
tid_1,0,2,0,2,2,2,"[0, 0, 0, 2, 0, 2, 0, 2]"
tid_10,0,2,0,2,2,2,"[0, 0, 0, 0, 0, 2, 0, 2]"
tid_1001,2,3,2,2,2,2,"[2, 2, 2, 2, 2, 2, 2, 2]"
tid_1002,1,1,1,1,1,1,"[1, 1, 1, 1, 1, 1, 1, 1]"
tid_1003,2,3,2,1,1,2,"[2, 2, 2, 2, 2, 1, 2, 2]"
tid_1004,1,1,1,1,1,1,"[2, 1, 1, 1, 1, 1, 1, 1]"
tid_1005,1,1,1,1,1,1,"[0, 1, 1, 1, 1, 1, 0, 1]"
tid_1007,2,3,2,2,2,2,"[2, 2, 2, 2, 2, 2, 2, 2]"
tid_1008,2,3,2,2,2,2,"[2, 2, 2, 2, 2, 2, 2, 2]"
tid_1009,2,3,2,2,2,2,"[2, 2, 2, 2, 2, 1, 2, 2]"
tid_1010,0,2,0,2,2,1,"[0, 1, 0, 0, 2, 1, 0, 0]"
tid_1011,2,3,2,2,2,2,"[2, 2, 2, 2, 2, 2, 2, 2]"
tid_1012,1,1,1,1,1,1,"[1, 1, 1, 1, 1, 1, 1, 1]"
tid_1013,2,3,2,1,1,2,"[2, 2, 2, 2, 2, 2, 2, 2]"
tid_1014,0,2,0,1,1,1,"[0, 0, 0, 0, 0, 1, 0, 0]"
tid_1015,2,3,2,1,1,2,"[2, 2, 2, 2, 2, 2, 2, 2]"
tid_1016,1,1,1,1,1,1,"[0, 1, 1, 1, 1, 1, 1, 1]"
tid_1017,0,2,0,1,1,1,"[0, 1, 0, 1, 1, 1, 0, 1]"
tid_1018,0,2,0,1,1,2,"[0, 0, 0, 0, 0, 0, 0, 0]"
tid_1019,2,3,2,2,2,1,"[2, 1, 2, 1, 1, 1, 2, 2]"
tid_1020,0,2,0,1,1,1,"[0, 0, 0, 0, 0, 1, 0, 1]"
tid_1021,0,2,0,1,1,1,"[0, 0, 0, 0, 0, 1, 0, 0]"
tid_1023,0,2,0,1,1,0,"[0, 0, 0, 0, 0, 0, 0, 0]"
tid_1024,1,1,1,1,1,1,"[0, 1, 1, 1, 1, 1, 1, 1]"
tid_1025,2,3,2,2,2,2,"[2, 2, 2, 2, 2, 2, 2, 2]"
tid_1026,2,3,2,2,2,1,"[2, 1, 2, 1, 1, 1, 1, 2]"
tid_1027,0,2,0,1,1,0,"[0, 0, 0, 0, 0, 1, 0, 0]"
tid_1028,0,2,0,1,1,1,"[0, 1, 0, 0, 0, 1, 1, 1]"
tid_1029,0,2,0,0,0,0,"[0, 0, 0, 0, 0, 0, 0, 0]"
tid_1030,0,2,0,1,1,1,"[0, 1, 0, 1, 1, 1, 0, 0]"
tid_1031,0,2,0,1,1,1,"[0, 0, 0, 0, 0, 1, 0, 0]"
tid_1032,0,2,0,1,1,1,"[0, 1, 0, 0, 1, 1, 1, 1]"
tid_1033,0,2,0,1,1,1,"[0, 1, 0, 1, 1, 1, 1, 1]"
tid_1034,1,1,1,1,1,1,"[0, 1, 1, 1, 1, 1, 1, 1]"
tid_1035,0,2,0,1,1,1,"[0, 1, 0, 0, 1, 1, 0, 1]"
tid_1036,0,2,0,1,1,1,"[0, 0, 0, 0, 0, 0, 0, 0]"
tid_1037,0,2,0,1,1,1,"[0, 0, 0, 0, 0, 0, 0, 0]"
tid_1038,0,2,0,1,1,1,"[0, 0, 0, 0, 0, 1, 0, 0]"
tid_1039,0,2,0,2,2,0,"[0, 0, 0, 0, 0, 0, 0, 0]"
tid_1040,0,2,0,1,1,0,"[0, 0, 0, 0, 0, 0, 0, 0]"
tid_1041,0,2,0,1,1,1,"[0, 1, 0, 1, 1, 1, 1, 1]"
tid_1044,1,1,1,1,1,1,"[0, 1, 1, 1, 1, 1, 1, 1]"
tid_1047,2,3,2,2,2,2,"[2, 2, 2, 2, 2, 2, 2, 2]"
tid_1048,1,1,1,1,1,1,"[0, 1, 1, 1, 1, 1, 1, 1]"
tid_1049,2,3,2,2,2,2,"[1, 2, 0, 2, 2, 2, 2, 2]"
tid_1051,1,1,1,2,2,1,"[2, 1, 1, 1, 1, 2, 2, 2]"
tid_1052,1,1,1,1,1,1,"[1, 1, 1, 1, 1, 1, 1, 1]"
tid_1053,1,1,1,1,1,1,"[1, 1, 1, 1, 1, 1, 1, 1]"
tid_1054,2,3,2,2,2,2,"[2, 2, 0, 2, 2, 2, 0, 2]"
tid_1055,1,1,1,1,1,1,"[2, 1, 1, 1, 1, 1, 2, 2]"
tid_1056,2,3,2,1,1,2,"[2, 2, 2, 2, 2, 2, 2, 2]"
tid_1057,1,1,1,1,1,1,"[1, 1, 1, 1, 1, 1, 1, 1]"
tid_1058,1,1,1,1,1,1,"[2, 1, 1, 1, 1, 1, 1, 1]"
tid_1059,1,1,1,1,1,1,"[0, 1, 1, 1, 1, 0, 0, 0]"
tid_1060,1,1,1,1,1,1,"[1, 1, 1, 1, 1, 1, 1, 1]"
tid_1061,1,1,1,1,1,1,"[1, 1, 1, 1, 1, 1, 1, 1]"
tid_1062,2,3,2,1,1,1,"[2, 1, 1, 1, 2, 1, 2, 2]"
tid_1063,2,3,2,2,2,2,"[2, 2, 2, 2, 2, 2, 2, 2]"
tid_1064,1,1,1,1,1,1,"[1, 1, 1, 1, 1, 1, 1, 1]"
tid_1065,1,1,1,1,1,1,"[1, 1, 1, 1, 1, 1, 1, 1]"
tid_1066,1,1,1,2,2,1,"[2, 1, 1, 1, 1, 2, 1, 1]"
tid_1067,1,1,1,1,1,1,"[1, 1, 1, 1, 1, 1, 1, 1]"
tid_1068,1,1,1,1,1,1,"[1, 1, 1, 1, 1, 1, 1, 1]"
tid_1069,1,1,1,1,1,1,"[1, 1, 1, 1, 1, 1, 1, 1]"
tid_1070,2,3,2,1,1,2,"[2, 2, 2, 2, 2, 1, 2, 2]"
tid_1072,2,3,2,1,1,2,"[2, 2, 2, 2, 2, 2, 2, 2]"
tid_11,0,2,0,0,0,0,"[0, 0, 0, 0, 0, 0, 0, 0]"
tid_1107,2,3,2,2,2,2,"[2, 2, 2, 2, 2, 2, 2, 2]"
tid_1108,1,1,1,1,1,1,"[1, 1, 1, 1, 1, 1, 1, 1]"
tid_1109,1,1,1,2,2,1,"[1, 1, 1, 1, 1, 1, 1, 1]"
tid_1110,1,1,1,1,1,1,"[1, 1, 1, 1, 1, 1, 1, 1]"
tid_1111,1,1,1,1,1,1,"[1, 1, 1, 1, 1, 1, 1, 1]"
tid_1112,1,1,1,2,2,1,"[1, 1, 1, 1, 1, 1, 1, 1]"
tid_1115,1,1,1,1,1,1,"[1, 1, 1, 1, 1, 1, 1, 1]"
tid_1116,1,1,1,1,1,1,"[0, 1, 1, 0, 0, 1, 1, 1]"
tid_1117,2,3,2,2,2,2,"[2, 2, 2, 2, 2, 2, 2, 2]"
tid_1118,1,1,1,1,1,1,"[1, 1, 1, 1, 1, 1, 1, 1]"
tid_1119,1,1,1,1,1,1,"[1, 1, 1, 1, 1, 1, 1, 1]"
tid_1120,1,1,1,1,1,1,"[1, 1, 1, 1, 1, 1, 1, 1]"
tid_1121,1,1,1,1,1,1,"[2, 1, 1, 1, 1, 1, 2, 1]"
tid_1122,1,1,1,1,1,1,"[1, 1, 1, 1, 1, 1, 1, 1]"
tid_1123,1,1,1,1,1,1,"[1, 1, 1, 1, 1, 1, 1, 1]"
tid_1124,1,1,1,1,1,1,"[1, 1, 1, 1, 1, 1, 1, 1]"
tid_1125,1,1,1,1,1,1,"[1, 1, 1, 1, 1, 1, 1, 1]"
tid_1126,1,1,1,1,1,1,"[1, 1, 1, 1, 1, 1, 1, 1]"
tid_1127,1,1,1,1,1,1,"[1, 1, 1, 1, 1, 1, 1, 1]"
tid_1128,1,1,1,1,1,1,"[1, 1, 1, 1, 1, 1, 1, 1]"
tid_1130,2,3,2,1,1,2,"[2, 1, 2, 2, 2, 1, 2, 1]"
tid_1132,1,1,1,1,1,1,"[1, 1, 1, 1, 1, 1, 1, 1]"
tid_1133,1,1,1,1,1,1,"[1, 1, 1, 1, 1, 1, 1, 1]"
tid_1134,2,3,2,2,2,2,"[2, 2, 2, 2, 2, 2, 2, 2]"
tid_1135,2,3,2,2,2,2,"[2, 2, 2, 2, 2, 2, 2, 2]"
tid_1136,2,3,2,2,2,2,"[2, 2, 2, 2, 2, 2, 2, 2]"
tid_1138,2,3,2,2,2,2,"[2, 2, 2, 2, 2, 2, 2, 2]"
tid_1139,1,1,1,1,1,1,"[1, 1, 1, 1, 1, 1, 1, 1]"
tid_1140,0,2,0,2,2,1,"[0, 1, 0, 1, 0, 1, 1, 1]"
tid_1141,1,1,1,2,2,1,"[1, 1, 1, 1, 1, 1, 1, 1]"
tid_1142,1,1,1,2,2,1,"[1, 1, 1, 1, 1, 1, 1, 1]"
tid_1144,1,1,1,1,1,1,"[1, 1, 1, 1, 1, 1, 1, 1]"
tid_1146,1,1,1,1,1,1,"[2, 1, 1, 1, 1, 1, 1, 1]"
tid_1148,1,1,1,1,1,1,"[0, 1, 1, 1, 1, 1, 1, 1]"
tid_1150,0,2,0,0,0,0,"[0, 0, 0, 0, 0, 0, 0, 0]"
tid_1151,3,0,3,3,3,3,"[3, 3, 3, 3, 3, 3, 3, 3]"
tid_1152,3,0,3,3,3,3,"[3, 3, 3, 3, 3, 3, 3, 3]"
tid_1153,0,2,0,1,1,0,"[0, 0, 0, 0, 0, 1, 0, 0]"
tid_1154,3,0,3,3,3,3,"[3, 3, 3, 3, 3, 3, 3, 3]"
tid_1155,0,2,0,1,1,1,"[0, 1, 0, 0, 1, 1, 1, 1]"
tid_1157,2,3,2,2,2,2,"[2, 2, 2, 2, 2, 2, 2, 2]"
tid_1158,2,3,2,2,2,2,"[2, 2, 2, 2, 2, 1, 2, 2]"
tid_1159,0,2,0,1,1,0,"[0, 0, 0, 0, 0, 0, 0, 0]"
tid_1160,2,3,2,1,1,2,"[2, 2, 2, 2, 2, 2, 2, 2]"
tid_1161,2,3,2,2,2,2,"[2, 2, 2, 2, 2, 2, 2, 2]"
tid_1165,3,0,3,3,3,3,"[3, 3, 3, 3, 3, 3, 3, 3]"
tid_1166,1,1,1,1,1,1,"[0, 1, 1, 1, 1, 1, 0, 1]"
tid_1168,1,1,1,1,1,1,"[1, 1, 1, 1, 1, 1, 1, 1]"
tid_1169,2,3,2,2,2,2,"[2, 2, 2, 2, 2, 2, 2, 2]"
tid_1170,0,2,0,1,1,1,"[0, 0, 0, 0, 1, 1, 1, 0]"
tid_1171,0,2,0,0,0,0,"[0, 0, 0, 0, 0, 0, 0, 0]"
tid_1172,0,2,0,1,1,0,"[0, 0, 0, 0, 0, 1, 0, 0]"
tid_1173,0,2,0,1,1,1,"[0, 1, 0, 0, 1, 1, 1, 1]"
tid_1174,0,2,0,1,1,0,"[0, 0, 0, 0, 0, 1, 0, 0]"
tid_1175,0,2,0,1,1,0,"[0, 0, 0, 0, 0, 1, 0, 0]"
tid_1176,2,3,2,2,2,2,"[2, 2, 2, 2, 2, 2, 2, 2]"
tid_1179,1,1,1,1,1,1,"[1, 1, 1, 1, 1, 1, 1, 1]"
tid_1180,2,3,2,1,1,2,"[2, 2, 2, 2, 2, 2, 2, 2]"
tid_1181,1,1,1,2,2,1,"[2, 1, 1, 1, 1, 1, 1, 1]"
tid_1185,0,2,0,1,1,1,"[0, 0, 1, 0, 1, 1, 1, 0]"
tid_1186,0,2,0,0,0,0,"[0, 0, 0, 0, 0, 0, 0, 0]"
tid_1187,1,1,1,1,1,1,"[0, 1, 1, 1, 1, 1, 1, 1]"
tid_1188,0,2,0,2,2,2,"[0, 0, 0, 0, 0, 0, 0, 0]"
tid_1189,0,2,0,1,1,1,"[0, 1, 0, 0, 0, 0, 0, 0]"
tid_1190,0,2,0,2,2,0,"[0, 0, 0, 0, 0, 0, 0, 0]"
tid_1191,0,2,0,1,1,1,"[0, 0, 0, 0, 0, 0, 0, 0]"
tid_1192,0,2,0,1,1,1,"[0, 1, 1, 0, 1, 1, 1, 1]"
tid_1193,0,2,0,1,1,1,"[0, 0, 1, 0, 1, 1, 1, 1]"
tid_1194,0,2,0,0,0,0,"[0, 0, 0, 0, 0, 0, 0, 0]"
tid_1195,2,3,2,1,1,2,"[2, 2, 2, 2, 2, 2, 2, 2]"
tid_1196,0,2,0,1,1,1,"[0, 0, 1, 0, 0, 0, 0, 0]"
tid_1197,0,2,0,2,2,0,"[0, 0, 0, 0, 0, 0, 0, 0]"
tid_1198,2,3,2,2,2,2,"[2, 2, 2, 2, 2, 2, 2, 2]"
tid_12,2,3,2,2,2,2,"[2, 2, 2, 2, 2, 2, 2, 2]"
tid_1200,2,3,2,1,1,1,"[2, 1, 2, 1, 1, 1, 2, 2]"
tid_1203,2,3,2,1,1,2,"[2, 2, 2, 2, 2, 1, 2, 2]"
tid_1206,2,3,2,1,1,2,"[2, 2, 2, 2, 2, 1, 2, 2]"
tid_1207,2,3,2,2,2,2,"[2, 2, 2, 2, 2, 1, 2, 2]"
tid_1209,2,3,2,1,1,1,"[2, 1, 1, 1, 1, 1, 1, 1]"
tid_1211,2,3,2,2,2,2,"[2, 2, 2, 2, 2, 2, 2, 2]"
tid_1212,2,3,2,2,2,2,"[2, 2, 2, 2, 2, 2, 2, 2]"
tid_1214,1,1,1,1,1,1,"[0, 1, 1, 1, 1, 1, 1, 1]"
tid_1218,1,1,1,1,1,1,"[1, 1, 1, 1, 1, 1, 1, 1]"
tid_1258,2,3,2,2,2,2,"[2, 2, 2, 2, 2, 2, 2, 2]"
tid_1259,2,3,2,2,2,2,"[2, 2, 2, 2, 2, 2, 2, 2]"
tid_1260,2,3,2,2,2,2,"[2, 2, 2, 2, 2, 2, 2, 2]"
tid_1261,1,1,1,2,2,1,"[2, 1, 1, 1, 1, 1, 1, 1]"
tid_1262,2,3,2,2,2,2,"[2, 2, 2, 2, 2, 2, 2, 2]"
tid_1264,0,2,0,0,0,0,"[0, 0, 0, 0, 0, 0, 0, 0]"
tid_1265,1,1,1,1,1,1,"[0, 1, 1, 1, 1, 1, 1, 1]"
tid_1266,1,1,1,1,1,1,"[1, 1, 1, 1, 1, 1, 1, 1]"
tid_1267,1,1,1,1,1,1,"[1, 1, 1, 1, 1, 1, 1, 1]"
tid_1268,1,1,1,2,2,1,"[2, 1, 1, 1, 1, 1, 1, 1]"
tid_1269,1,1,1,1,1,1,"[1, 1, 1, 1, 1, 1, 1, 1]"
tid_1270,1,1,1,1,1,1,"[1, 1, 1, 1, 1, 1, 1, 1]"
tid_1271,1,1,1,1,1,1,"[2, 1, 1, 1, 1, 1, 1, 1]"
tid_1272,1,1,1,1,1,1,"[2, 1, 1, 1, 1, 1, 1, 1]"
tid_1273,1,1,1,1,1,1,"[0, 1, 1, 1, 1, 1, 1, 1]"
tid_1274,1,1,1,1,1,1,"[0, 1, 1, 1, 1, 1, 1, 1]"
tid_1275,1,1,1,1,1,1,"[0, 1, 1, 1, 1, 1, 1, 0]"
tid_1277,1,1,1,1,1,1,"[2, 1, 1, 1, 1, 1, 1, 1]"
tid_1278,1,1,1,1,1,1,"[0, 1, 1, 1, 1, 1, 1, 1]"
tid_1279,1,1,1,1,1,1,"[1, 1, 1, 1, 1, 1, 1, 1]"
tid_1280,1,1,1,1,1,1,"[1, 1, 1, 1, 1, 1, 1, 1]"
tid_1281,2,3,2,1,1,2,"[2, 3, 3, 2, 3, 3, 2, 2]"
tid_1282,1,1,1,1,1,1,"[0, 1, 1, 1, 1, 1, 1, 1]"
tid_1284,1,1,1,1,1,1,"[1, 1, 1, 1, 1, 1, 1, 1]"
tid_1285,2,3,2,2,2,2,"[2, 2, 2, 2, 2, 2, 2, 2]"
tid_1286,1,1,1,1,1,1,"[0, 1, 1, 1, 1, 1, 1, 1]"
tid_1287,1,1,1,1,1,1,"[1, 1, 1, 1, 1, 1, 1, 1]"
tid_1288,1,1,1,1,1,1,"[1, 1, 1, 1, 1, 1, 1, 1]"
tid_1289,2,3,2,1,1,2,"[2, 2, 2, 2, 2, 2, 2, 2]"
tid_1290,1,1,1,1,1,1,"[1, 1, 1, 1, 1, 1, 1, 1]"
tid_1291,1,1,1,1,1,1,"[1, 1, 1, 1, 1, 1, 1, 1]"
tid_1292,1,1,1,1,1,1,"[1, 1, 1, 1, 1, 1, 1, 1]"
tid_1293,1,1,1,1,1,1,"[0, 1, 1, 1, 1, 1, 1, 1]"
tid_1294,2,3,2,2,2,2,"[2, 2, 2, 2, 2, 2, 2, 2]"
tid_1295,1,1,1,1,1,1,"[2, 1, 1, 1, 1, 1, 1, 2]"
tid_1296,1,1,1,1,1,1,"[0, 1, 1, 1, 1, 1, 1, 1]"
tid_1297,1,1,1,1,1,1,"[1, 1, 1, 1, 1, 1, 1, 1]"
tid_1298,1,1,1,1,1,1,"[1, 1, 1, 1, 1, 1, 1, 1]"
tid_1299,1,1,1,1,1,1,"[1, 1, 1, 1, 1, 1, 1, 1]"
tid_13,0,2,0,0,0,0,"[0, 0, 0, 0, 0, 0, 0, 0]"
tid_1300,1,1,1,1,1,1,"[1, 1, 1, 1, 1, 1, 1, 1]"
tid_1301,1,1,1,1,1,1,"[2, 1, 1, 1, 1, 1, 1, 1]"
tid_1302,1,1,1,2,2,1,"[0, 1, 0, 1, 1, 1, 1, 1]"
tid_1303,2,3,2,2,2,2,"[2, 2, 2, 2, 2, 2, 2, 2]"
tid_1304,3,0,3,3,3,3,"[3, 3, 3, 3, 3, 3, 3, 3]"
tid_1306,3,0,3,3,3,3,"[3, 3, 3, 3, 3, 3, 3, 3]"
tid_1308,1,1,1,1,1,1,"[1, 1, 1, 1, 1, 1, 1, 1]"
tid_1309,1,1,1,1,1,1,"[1, 1, 1, 1, 1, 1, 1, 1]"
tid_1311,1,1,1,1,1,1,"[1, 1, 1, 1, 1, 1, 1, 1]"
tid_1313,1,1,1,1,1,1,"[1, 1, 1, 1, 1, 1, 1, 1]"
tid_1314,1,1,1,1,1,1,"[1, 1, 1, 1, 1, 1, 1, 1]"
tid_1315,0,2,0,2,2,1,"[0, 0, 0, 0, 0, 0, 0, 0]"
tid_1316,2,3,2,2,2,2,"[2, 2, 2, 2, 2, 2, 2, 2]"
tid_1317,1,1,1,1,1,1,"[1, 1, 1, 1, 1, 1, 1, 1]"
tid_1319,1,1,1,1,1,1,"[1, 1, 1, 1, 1, 1, 1, 1]"
tid_1320,1,1,1,1,1,1,"[1, 1, 1, 1, 1, 1, 1, 1]"
tid_1321,2,3,2,1,1,2,"[2, 2, 2, 2, 1, 1, 1, 1]"
tid_1323,1,1,1,1,1,1,"[1, 1, 1, 1, 1, 1, 1, 1]"
tid_1324,1,1,1,1,1,1,"[1, 1, 0, 1, 1, 1, 1, 1]"
tid_1325,1,1,1,1,1,1,"[1, 1, 1, 1, 1, 1, 1, 1]"
tid_1328,1,1,1,1,1,1,"[1, 1, 1, 1, 1, 1, 1, 1]"
tid_1329,1,1,1,1,1,1,"[1, 1, 1, 1, 1, 1, 1, 1]"
tid_1330,1,1,1,1,1,1,"[1, 1, 1, 1, 1, 1, 1, 1]"
tid_1331,1,1,1,1,1,1,"[1, 1, 1, 1, 1, 1, 1, 1]"
tid_1333,2,3,2,2,2,2,"[2, 2, 2, 2, 2, 2, 2, 2]"
tid_1334,2,3,2,2,2,2,"[2, 2, 2, 2, 2, 2, 2, 2]"
tid_1335,0,2,0,1,1,1,"[0, 1, 1, 1, 1, 1, 1, 1]"
tid_1336,1,1,1,1,1,1,"[0, 1, 1, 1, 1, 1, 1, 1]"
tid_1337,1,1,1,1,1,1,"[2, 1, 1, 1, 1, 1, 1, 1]"
tid_1338,1,1,1,2,2,1,"[2, 1, 1, 1, 1, 1, 1, 1]"
tid_1339,1,1,1,1,1,1,"[1, 1, 1, 1, 1, 1, 1, 1]"
tid_1340,1,1,1,1,1,1,"[0, 1, 1, 1, 1, 1, 1, 1]"
tid_1341,1,1,1,1,1,1,"[1, 1, 1, 1, 1, 1, 1, 1]"
tid_1343,1,1,1,1,1,1,"[0, 1, 1, 1, 1, 1, 1, 1]"
tid_1344,1,1,1,1,1,1,"[0, 1, 1, 1, 1, 1, 1, 1]"
tid_1345,1,1,1,1,1,1,"[1, 1, 1, 1, 1, 1, 1, 1]"
tid_1346,1,1,1,1,1,1,"[1, 1, 1, 1, 1, 1, 1, 1]"
tid_1347,1,1,1,1,1,1,"[1, 1, 1, 1, 1, 1, 1, 1]"
tid_1348,1,1,1,1,1,1,"[1, 1, 1, 1, 1, 1, 1, 1]"
tid_1349,1,1,1,1,1,1,"[1, 1, 1, 1, 1, 1, 1, 1]"
tid_1350,1,1,1,1,1,1,"[0, 1, 1, 1, 1, 1, 1, 1]"
tid_1351,0,2,0,1,1,0,"[0, 0, 0, 0, 0, 0, 0, 0]"
tid_1352,0,2,0,1,1,1,"[0, 1, 1, 1, 1, 1, 1, 1]"
tid_1353,0,2,0,0,0,0,"[0, 0, 0, 0, 0, 1, 0, 0]"
tid_1355,1,1,1,1,1,1,"[1, 1, 1, 1, 1, 1, 1, 1]"
tid_1356,1,1,1,1,1,1,"[0, 1, 1, 1, 1, 1, 1, 1]"
tid_1357,1,1,1,1,1,1,"[2, 1, 1, 1, 1, 1, 1, 1]"
tid_1358,1,1,1,1,1,1,"[2, 1, 1, 1, 2, 1, 1, 1]"
tid_1392,2,3,2,1,1,2,"[2, 2, 2, 2, 2, 1, 2, 2]"
tid_1393,1,1,1,1,1,1,"[1, 1, 1, 1, 1, 1, 1, 1]"
tid_1394,2,3,2,2,2,2,"[2, 2, 2, 2, 2, 2, 2, 2]"
tid_1395,0,2,0,2,2,0,"[0, 0, 0, 0, 0, 0, 0, 0]"
tid_1396,2,3,2,2,2,2,"[2, 2, 2, 2, 2, 2, 2, 2]"
tid_1397,2,3,2,2,2,2,"[2, 2, 2, 2, 2, 2, 2, 2]"
tid_1398,2,3,2,2,2,2,"[2, 2, 2, 2, 2, 2, 2, 2]"
tid_1399,2,3,2,2,2,2,"[2, 2, 2, 2, 2, 2, 2, 2]"
tid_14,1,1,1,1,1,1,"[0, 1, 1, 1, 1, 1, 1, 1]"
tid_1400,2,3,2,2,2,2,"[2, 2, 2, 2, 2, 2, 2, 2]"
tid_1401,1,1,1,1,1,1,"[1, 1, 1, 1, 1, 1, 1, 1]"
tid_1402,2,3,2,2,2,2,"[2, 2, 2, 2, 2, 2, 2, 2]"
tid_1403,0,2,0,2,2,1,"[0, 0, 0, 0, 0, 0, 0, 0]"
tid_1404,1,1,1,1,1,1,"[1, 1, 1, 1, 1, 1, 1, 1]"
tid_1405,2,3,2,1,1,2,"[2, 2, 2, 2, 2, 2, 2, 2]"
tid_1406,1,1,1,1,1,1,"[1, 1, 1, 1, 1, 1, 1, 1]"
tid_1407,2,3,2,2,2,2,"[2, 2, 2, 2, 2, 2, 2, 2]"
tid_1408,2,3,2,2,2,2,"[2, 2, 2, 2, 2, 2, 2, 2]"
tid_1409,2,3,2,2,2,2,"[2, 2, 2, 2, 2, 2, 2, 2]"
tid_1410,2,3,2,2,2,2,"[2, 2, 2, 2, 2, 2, 2, 2]"
tid_1411,2,3,2,2,2,2,"[2, 2, 2, 2, 2, 2, 2, 2]"
tid_1412,0,2,0,1,1,1,"[0, 0, 1, 1, 0, 1, 1, 1]"
tid_1413,2,3,2,2,2,2,"[2, 2, 2, 2, 2, 2, 2, 2]"
tid_1414,2,3,2,2,2,2,"[2, 2, 2, 2, 2, 2, 2, 2]"
tid_1415,1,1,1,1,1,1,"[1, 1, 1, 1, 1, 1, 1, 1]"
tid_1416,1,1,1,1,1,1,"[0, 1, 1, 1, 1, 1, 1, 1]"
tid_1417,1,1,1,1,1,1,"[2, 1, 1, 1, 1, 1, 1, 1]"
tid_1419,2,3,2,1,1,1,"[2, 1, 1, 2, 1, 1, 1, 1]"
tid_1422,2,3,2,2,2,2,"[2, 2, 2, 2, 2, 2, 2, 2]"
tid_1427,0,2,0,1,1,1,"[0, 1, 0, 1, 1, 1, 1, 1]"
tid_1428,2,3,2,1,1,2,"[2, 2, 2, 2, 2, 2, 2, 2]"
tid_1429,2,3,2,1,1,1,"[2, 1, 1, 1, 1, 1, 1, 1]"
tid_1430,2,3,2,1,1,2,"[2, 1, 2, 2, 2, 1, 2, 2]"
tid_1439,0,2,0,2,2,0,"[0, 0, 0, 0, 0, 0, 0, 0]"
tid_1443,2,3,2,2,2,2,"[2, 2, 2, 2, 2, 2, 2, 2]"
tid_1444,2,3,2,2,2,2,"[2, 2, 2, 2, 2, 2, 2, 2]"
tid_1445,2,3,2,2,2,2,"[2, 2, 2, 2, 2, 2, 2, 2]"
tid_1446,2,3,2,2,2,2,"[2, 2, 2, 2, 2, 2, 2, 2]"
tid_1447,2,3,2,2,2,2,"[2, 2, 2, 2, 2, 2, 2, 2]"
tid_1448,2,3,2,2,2,2,"[2, 2, 2, 2, 2, 2, 2, 2]"
tid_1449,1,1,1,1,1,1,"[1, 1, 1, 1, 1, 1, 1, 1]"
tid_1453,2,3,2,2,2,2,"[2, 2, 2, 2, 2, 2, 2, 2]"
tid_1454,2,3,2,2,2,2,"[2, 2, 2, 2, 2, 2, 2, 2]"
tid_1456,2,3,2,2,2,2,"[2, 2, 2, 2, 2, 2, 2, 2]"
tid_1457,2,3,2,2,2,2,"[2, 2, 2, 2, 2, 2, 2, 2]"
tid_1459,2,3,2,2,2,2,"[2, 2, 2, 2, 2, 2, 2, 2]"
tid_1461,2,3,2,2,2,2,"[2, 2, 2, 2, 2, 2, 2, 2]"
tid_1463,2,3,2,2,2,2,"[2, 2, 2, 2, 2, 2, 2, 2]"
tid_1464,2,3,2,2,2,2,"[2, 2, 2, 2, 2, 2, 2, 2]"
tid_1465,2,3,2,2,2,2,"[2, 2, 2, 2, 2, 2, 2, 2]"
tid_1467,2,3,2,2,2,2,"[2, 2, 2, 2, 2, 2, 2, 2]"
tid_1468,2,3,2,2,2,2,"[2, 2, 0, 2, 2, 2, 2, 2]"
tid_1472,2,3,2,2,2,2,"[2, 2, 2, 2, 2, 2, 2, 2]"
tid_1473,2,3,2,1,1,2,"[2, 2, 2, 2, 2, 2, 2, 2]"
tid_1475,2,3,2,2,2,2,"[2, 2, 0, 2, 2, 2, 2, 2]"
tid_1477,2,3,2,1,1,2,"[2, 2, 2, 2, 2, 2, 2, 2]"
tid_1480,2,3,2,2,2,2,"[2, 2, 2, 2, 2, 2, 2, 2]"
tid_1481,2,3,2,2,2,2,"[2, 2, 2, 2, 2, 2, 2, 2]"
tid_1483,3,0,3,3,3,3,"[3, 3, 3, 3, 3, 3, 3, 3]"
tid_1484,2,3,2,1,1,2,"[2, 2, 2, 2, 2, 2, 2, 2]"
tid_1488,2,3,2,2,2,2,"[2, 2, 2, 2, 2, 2, 2, 2]"
tid_1489,1,1,1,1,1,1,"[1, 1, 1, 1, 1, 1, 1, 1]"
tid_1490,2,3,2,1,1,2,"[2, 2, 2, 2, 2, 2, 2, 2]"
tid_1491,2,3,2,1,1,2,"[2, 2, 2, 2, 2, 2, 2, 2]"
tid_1492,2,3,2,1,1,2,"[2, 2, 2, 2, 2, 2, 2, 2]"
tid_1493,0,2,0,2,2,2,"[0, 0, 0, 2, 2, 2, 0, 2]"
tid_1495,1,1,1,1,1,1,"[1, 1, 1, 1, 1, 1, 1, 1]"
tid_1496,2,3,2,2,2,2,"[2, 2, 2, 2, 2, 2, 2, 2]"
tid_15,0,2,0,0,0,0,"[0, 0, 0, 0, 0, 0, 0, 0]"
tid_1500,2,3,2,2,2,2,"[2, 2, 2, 2, 2, 2, 2, 2]"
tid_1501,2,3,2,2,2,2,"[2, 2, 2, 2, 2, 2, 2, 2]"
tid_1504,1,1,1,1,1,1,"[1, 1, 1, 1, 1, 1, 1, 1]"
tid_1506,2,3,2,2,2,2,"[2, 2, 2, 2, 2, 2, 2, 2]"
tid_1507,2,3,2,2,2,2,"[2, 2, 2, 2, 2, 2, 2, 2]"
tid_1508,3,0,3,3,3,3,"[3, 3, 3, 3, 3, 3, 3, 3]"
tid_1509,2,3,2,2,2,2,"[2, 2, 2, 2, 2, 2, 2, 2]"
tid_1510,2,3,2,2,2,2,"[2, 2, 2, 2, 2, 2, 2, 2]"
tid_1511,3,0,3,2,2,3,"[3, 3, 3, 3, 3, 3, 3, 3]"
tid_1512,3,0,3,3,3,3,"[3, 3, 3, 3, 3, 3, 3, 3]"
tid_1518,2,3,2,2,2,2,"[2, 2, 2, 2, 2, 2, 2, 2]"
tid_1519,3,0,3,3,3,3,"[3, 3, 3, 3, 3, 3, 3, 3]"
tid_1520,3,0,3,1,1,3,"[3, 3, 3, 3, 3, 3, 3, 3]"
tid_1521,2,3,2,2,2,2,"[2, 2, 2, 2, 2, 2, 2, 2]"
tid_1522,1,1,1,1,1,1,"[1, 1, 1, 1, 1, 1, 1, 1]"
tid_1523,2,3,2,2,2,2,"[2, 2, 2, 2, 2, 2, 2, 2]"
tid_1525,2,3,2,2,2,2,"[2, 2, 2, 2, 2, 2, 2, 2]"
tid_1526,3,0,3,2,2,3,"[3, 3, 3, 3, 3, 3, 3, 3]"
tid_1527,2,3,2,2,2,2,"[2, 2, 2, 2, 2, 2, 2, 2]"
tid_1528,2,3,2,2,2,2,"[2, 2, 2, 2, 2, 1, 2, 2]"
tid_1529,2,3,2,1,1,2,"[2, 1, 1, 1, 2, 1, 2, 2]"
tid_1530,1,1,1,1,1,1,"[1, 1, 1, 1, 1, 1, 1, 1]"
tid_1532,1,1,1,1,1,1,"[1, 1, 1, 1, 1, 1, 1, 1]"
tid_1533,1,1,1,1,1,1,"[1, 1, 1, 1, 1, 1, 1, 1]"
tid_1534,3,0,3,2,2,2,"[2, 3, 2, 3, 3, 3, 3, 3]"
tid_1535,1,1,1,1,1,1,"[1, 1, 1, 1, 1, 1, 1, 1]"
tid_1536,1,1,1,1,1,1,"[1, 1, 1, 1, 1, 1, 1, 1]"
tid_1537,1,1,1,1,1,1,"[2, 1, 1, 1, 1, 1, 1, 1]"
tid_1539,2,3,2,2,2,2,"[2, 2, 2, 2, 2, 2, 2, 2]"
tid_1540,0,2,0,2,2,1,"[0, 0, 0, 0, 0, 0, 0, 0]"
tid_1541,1,1,1,2,2,1,"[0, 1, 1, 1, 1, 1, 1, 1]"
tid_1542,1,1,1,1,1,1,"[1, 1, 1, 1, 1, 1, 1, 1]"
tid_1543,1,1,1,1,1,1,"[1, 1, 1, 1, 1, 1, 1, 1]"
tid_1544,2,3,2,1,1,2,"[2, 2, 2, 2, 2, 1, 2, 2]"
tid_1545,1,1,1,1,1,1,"[1, 1, 1, 1, 1, 1, 1, 1]"
tid_1546,1,1,1,1,1,1,"[1, 1, 1, 1, 1, 1, 1, 1]"
tid_1547,1,1,1,1,1,1,"[1, 1, 1, 1, 1, 1, 1, 1]"
tid_1548,0,2,0,1,1,1,"[0, 0, 0, 0, 0, 1, 0, 0]"
tid_1549,1,1,1,1,1,1,"[2, 1, 1, 1, 1, 1, 2, 2]"
tid_1550,1,1,1,1,1,1,"[1, 1, 1, 1, 1, 1, 1, 1]"
tid_1551,1,1,1,1,1,1,"[0, 1, 1, 1, 1, 1, 1, 1]"
tid_1552,1,1,1,1,1,1,"[2, 1, 1, 1, 1, 1, 1, 1]"
tid_1553,2,3,2,2,2,2,"[2, 2, 2, 2, 2, 2, 2, 2]"
tid_1554,1,1,1,1,1,1,"[0, 1, 1, 1, 1, 1, 1, 1]"
tid_1555,1,1,1,1,1,1,"[0, 1, 1, 1, 1, 1, 1, 1]"
tid_1556,2,3,2,1,1,2,"[2, 2, 2, 2, 2, 2, 2, 2]"
tid_1557,1,1,1,1,1,1,"[2, 1, 1, 1, 2, 1, 2, 2]"
tid_1558,1,1,1,1,1,1,"[1, 1, 1, 1, 1, 1, 1, 1]"
tid_1559,0,2,0,1,1,1,"[0, 1, 1, 1, 0, 1, 0, 0]"
tid_1560,2,3,2,2,2,2,"[2, 2, 2, 2, 2, 2, 2, 2]"
tid_1561,1,1,1,1,1,1,"[0, 1, 1, 1, 1, 1, 1, 1]"
tid_1562,2,3,2,2,2,2,"[2, 2, 2, 2, 2, 2, 2, 2]"
tid_1563,2,3,2,2,2,2,"[2, 2, 2, 2, 2, 2, 2, 2]"
tid_1564,1,1,1,1,1,1,"[2, 1, 1, 2, 2, 1, 1, 1]"
tid_1565,2,3,2,1,1,2,"[2, 2, 2, 2, 2, 2, 2, 2]"
tid_1566,2,3,2,2,2,2,"[2, 2, 2, 2, 2, 2, 2, 2]"
tid_1567,1,1,1,1,1,1,"[0, 1, 1, 0, 1, 1, 1, 1]"
tid_1568,2,3,2,1,1,2,"[2, 2, 2, 2, 2, 1, 2, 2]"
tid_1569,1,1,1,1,1,1,"[0, 1, 1, 1, 1, 1, 1, 1]"
tid_1570,1,1,1,1,1,1,"[1, 1, 1, 1, 1, 1, 1, 1]"
tid_1571,1,1,1,1,1,1,"[1, 1, 1, 1, 1, 1, 1, 1]"
tid_1572,1,1,1,1,1,1,"[0, 1, 1, 1, 1, 1, 1, 1]"
tid_1573,1,1,1,1,1,1,"[1, 1, 1, 1, 1, 1, 1, 1]"
tid_1574,1,1,1,1,1,1,"[1, 1, 1, 1, 1, 1, 1, 1]"
tid_1575,2,3,2,2,2,2,"[2, 2, 2, 2, 2, 2, 2, 2]"
tid_1577,2,3,2,2,2,2,"[2, 2, 2, 2, 2, 2, 2, 2]"
tid_1578,2,3,2,2,2,2,"[2, 2, 2, 2, 2, 2, 2, 2]"
tid_1579,1,1,1,1,1,1,"[0, 1, 1, 1, 1, 1, 1, 1]"
tid_1580,1,1,1,1,1,1,"[1, 1, 1, 1, 1, 1, 1, 1]"
tid_1581,2,3,2,1,1,2,"[2, 1, 1, 2, 2, 2, 2, 2]"
tid_1582,1,1,1,1,1,1,"[1, 1, 1, 1, 1, 1, 1, 1]"
tid_1583,1,1,1,1,1,1,"[1, 1, 1, 1, 1, 1, 1, 1]"
tid_1584,1,1,1,1,1,1,"[1, 1, 1, 1, 1, 1, 1, 1]"
tid_1585,1,1,1,1,1,1,"[1, 1, 1, 1, 1, 1, 1, 1]"
tid_1586,2,3,2,2,2,2,"[2, 2, 2, 2, 2, 2, 2, 2]"
tid_1587,2,3,2,2,2,2,"[2, 1, 1, 1, 1, 1, 2, 2]"
tid_1588,1,1,1,1,1,1,"[1, 1, 1, 1, 1, 1, 1, 1]"
tid_1589,1,1,1,1,1,1,"[0, 1, 1, 1, 1, 1, 1, 1]"
tid_1590,1,1,1,1,1,1,"[1, 1, 1, 1, 1, 1, 1, 1]"
tid_1591,1,1,1,1,1,1,"[1, 1, 1, 1, 1, 1, 1, 1]"
tid_1592,2,3,2,2,2,2,"[2, 2, 2, 2, 2, 2, 2, 2]"
tid_1593,1,1,1,1,1,1,"[1, 1, 1, 1, 1, 1, 1, 1]"
tid_1594,1,1,1,1,1,1,"[1, 1, 1, 1, 1, 1, 1, 1]"
tid_1595,2,3,2,1,1,2,"[2, 2, 2, 2, 2, 2, 2, 2]"
tid_1596,1,1,1,1,1,1,"[1, 1, 1, 1, 1, 1, 1, 1]"
tid_1597,2,3,2,2,2,2,"[2, 2, 2, 2, 2, 2, 2, 2]"
tid_1598,0,2,0,2,2,2,"[0, 0, 0, 0, 0, 0, 0, 0]"
tid_1599,2,3,2,2,2,2,"[2, 2, 2, 2, 2, 2, 2, 2]"
tid_16,0,2,0,0,0,0,"[0, 0, 0, 0, 0, 0, 0, 0]"
tid_1600,2,3,2,2,2,2,"[2, 2, 2, 2, 2, 2, 2, 2]"
tid_1601,2,3,2,2,2,2,"[2, 2, 2, 2, 2, 2, 2, 2]"
tid_1602,1,1,1,1,1,1,"[1, 1, 1, 1, 1, 1, 1, 1]"
tid_1603,2,3,2,1,1,2,"[2, 2, 2, 2, 2, 2, 2, 2]"
tid_1604,1,1,1,1,1,1,"[0, 1, 1, 1, 2, 1, 1, 1]"
tid_1605,1,1,1,1,1,1,"[1, 1, 1, 1, 1, 1, 1, 1]"
tid_1606,1,1,1,1,1,1,"[1, 1, 1, 1, 1, 1, 1, 1]"
tid_1607,1,1,1,1,1,1,"[1, 1, 1, 1, 1, 1, 1, 1]"
tid_1608,2,3,2,2,2,2,"[2, 2, 2, 2, 2, 2, 2, 2]"
tid_1609,2,3,2,2,2,2,"[2, 2, 2, 2, 2, 2, 2, 2]"
tid_1610,1,1,1,1,1,1,"[1, 1, 1, 1, 1, 1, 1, 1]"
tid_1611,1,1,1,1,1,1,"[0, 1, 1, 1, 1, 1, 1, 1]"
tid_1612,1,1,1,1,1,1,"[1, 1, 1, 1, 1, 1, 1, 1]"
tid_1613,1,1,1,1,1,1,"[1, 1, 1, 1, 1, 1, 1, 1]"
tid_1614,1,1,1,1,1,1,"[1, 1, 1, 1, 1, 1, 1, 1]"
tid_1615,0,2,0,2,2,1,"[0, 0, 0, 0, 0, 1, 0, 0]"
tid_1616,1,1,1,1,1,1,"[1, 1, 1, 1, 1, 1, 1, 1]"
tid_1617,1,1,1,1,1,1,"[1, 1, 1, 1, 1, 1, 1, 1]"
tid_1618,2,3,2,1,1,1,"[2, 1, 1, 1, 1, 1, 2, 2]"
tid_1619,1,1,1,1,1,1,"[1, 1, 1, 1, 1, 1, 0, 0]"
tid_1620,2,3,2,2,2,2,"[2, 2, 2, 2, 2, 2, 2, 2]"
tid_1621,1,1,1,1,1,1,"[0, 1, 1, 1, 1, 1, 1, 1]"
tid_1622,1,1,1,1,1,1,"[1, 1, 1, 1, 1, 1, 1, 1]"
tid_1623,1,1,1,1,1,1,"[1, 1, 1, 1, 1, 1, 2, 2]"
tid_1624,1,1,1,1,1,1,"[2, 1, 1, 1, 1, 1, 1, 1]"
tid_1625,1,1,1,1,1,1,"[1, 1, 1, 1, 1, 1, 1, 1]"
tid_1626,1,1,1,1,1,1,"[1, 1, 1, 1, 1, 1, 1, 1]"
tid_1627,1,1,1,1,1,1,"[1, 1, 1, 1, 1, 1, 1, 1]"
tid_1628,1,1,1,1,1,1,"[1, 1, 1, 1, 1, 1, 1, 1]"
tid_1629,1,1,1,1,1,1,"[1, 1, 1, 1, 1, 1, 1, 1]"
tid_1630,1,1,1,1,1,1,"[0, 1, 1, 1, 1, 1, 1, 1]"
tid_1631,1,1,1,1,1,1,"[2, 1, 1, 1, 1, 1, 1, 1]"
tid_1632,2,3,2,2,2,2,"[2, 2, 2, 2, 2, 2, 2, 2]"
tid_1633,0,2,0,1,1,1,"[0, 0, 1, 1, 1, 1, 0, 0]"
tid_1634,1,1,1,2,2,1,"[0, 1, 1, 1, 1, 1, 1, 1]"
tid_1635,1,1,1,1,1,1,"[0, 1, 1, 1, 1, 1, 1, 1]"
tid_1637,1,1,1,1,1,1,"[1, 1, 1, 1, 1, 1, 1, 1]"
tid_1638,2,3,2,1,1,1,"[2, 1, 1, 2, 2, 1, 1, 2]"
tid_1639,2,3,2,1,1,1,"[2, 1, 2, 1, 2, 1, 1, 1]"
tid_1640,1,1,1,1,1,1,"[1, 1, 1, 1, 1, 1, 1, 1]"
tid_1641,2,3,2,1,1,1,"[2, 1, 1, 1, 1, 1, 1, 1]"
tid_1642,1,1,1,1,1,1,"[0, 1, 1, 1, 0, 1, 1, 1]"
tid_1643,0,2,0,1,1,1,"[0, 1, 0, 1, 1, 1, 1, 1]"
tid_1644,1,1,1,1,1,1,"[0, 1, 1, 1, 1, 1, 1, 1]"
tid_1645,0,2,0,1,1,1,"[0, 0, 0, 0, 0, 0, 0, 0]"
tid_1646,1,1,1,1,1,1,"[1, 1, 1, 1, 1, 1, 1, 1]"
tid_1647,1,1,1,1,1,1,"[0, 1, 1, 1, 1, 1, 1, 1]"
tid_1649,1,1,1,1,1,1,"[0, 1, 1, 1, 1, 1, 1, 1]"
tid_1650,1,1,1,1,1,1,"[0, 1, 1, 1, 1, 1, 1, 1]"
tid_1652,2,3,2,2,2,2,"[0, 2, 2, 2, 2, 2, 2, 2]"
tid_1653,1,1,1,1,1,1,"[2, 1, 1, 1, 1, 1, 1, 1]"
tid_1654,1,1,1,1,1,1,"[0, 1, 1, 1, 1, 1, 1, 1]"
tid_1655,1,1,1,1,1,1,"[1, 1, 1, 1, 1, 1, 1, 1]"
tid_1656,1,1,1,1,1,1,"[0, 1, 1, 1, 1, 1, 1, 1]"
tid_1657,1,1,1,1,1,1,"[1, 1, 1, 1, 1, 1, 1, 1]"
tid_1658,0,2,0,1,1,1,"[0, 0, 0, 0, 0, 1, 1, 0]"
tid_1659,1,1,1,1,1,1,"[0, 1, 1, 1, 1, 1, 1, 1]"
tid_1661,1,1,1,1,1,1,"[0, 1, 1, 1, 1, 1, 1, 1]"
tid_1663,1,1,1,1,1,1,"[0, 1, 0, 1, 1, 1, 1, 1]"
tid_1664,1,1,1,1,1,1,"[1, 1, 1, 1, 1, 1, 1, 1]"
tid_1665,2,3,2,2,2,2,"[2, 2, 2, 2, 2, 2, 2, 2]"
tid_1666,2,3,2,1,1,2,"[2, 2, 2, 2, 2, 2, 2, 2]"
tid_1667,2,3,2,2,2,1,"[2, 1, 2, 2, 2, 1, 2, 2]"
tid_1668,2,3,2,2,2,2,"[2, 2, 2, 2, 2, 2, 2, 2]"
tid_1669,3,0,3,2,2,3,"[3, 3, 2, 3, 3, 3, 2, 2]"
tid_167,0,2,0,0,0,0,"[0, 0, 0, 0, 0, 0, 0, 0]"
tid_1670,0,2,0,1,1,1,"[0, 1, 0, 0, 1, 1, 1, 1]"
tid_1671,2,3,2,2,2,2,"[2, 2, 2, 2, 2, 2, 2, 2]"
tid_1672,2,3,2,2,2,2,"[2, 2, 2, 2, 2, 2, 2, 2]"
tid_1673,2,3,2,2,2,2,"[2, 2, 2, 2, 2, 2, 2, 2]"
tid_1674,1,1,1,1,1,1,"[2, 1, 2, 2, 1, 1, 1, 1]"
tid_1675,1,1,1,1,1,1,"[1, 1, 1, 1, 1, 1, 1, 1]"
tid_1676,2,3,2,1,1,2,"[2, 2, 2, 2, 2, 2, 2, 2]"
tid_1678,1,1,1,1,1,1,"[0, 1, 1, 1, 1, 1, 1, 1]"
tid_1679,0,2,0,1,1,1,"[0, 0, 0, 0, 0, 0, 0, 0]"
tid_168,0,2,0,0,0,0,"[0, 0, 0, 0, 0, 0, 0, 0]"
tid_1680,0,2,0,1,1,1,"[0, 1, 0, 0, 0, 1, 1, 1]"
tid_1681,0,2,0,1,1,1,"[0, 0, 0, 0, 0, 1, 0, 0]"
tid_1682,0,2,0,1,1,1,"[0, 0, 0, 0, 1, 1, 1, 1]"
tid_1685,0,2,0,1,1,1,"[0, 1, 0, 1, 1, 1, 1, 1]"
tid_1686,1,1,1,1,1,1,"[1, 1, 1, 1, 1, 1, 1, 1]"
tid_1687,0,2,0,1,1,1,"[0, 1, 0, 0, 1, 1, 0, 0]"
tid_1688,0,2,0,1,1,1,"[0, 0, 1, 0, 0, 1, 0, 0]"
tid_169,0,2,0,0,0,0,"[0, 0, 0, 0, 0, 0, 0, 0]"
tid_1690,1,1,1,1,1,1,"[0, 1, 1, 1, 1, 1, 1, 1]"
tid_1691,0,2,0,1,1,0,"[0, 0, 0, 0, 0, 0, 0, 0]"
tid_1692,1,1,1,1,1,1,"[0, 1, 1, 1, 1, 1, 1, 1]"
tid_1693,2,3,2,1,1,2,"[2, 2, 2, 2, 2, 2, 2, 2]"
tid_1694,2,3,2,1,1,2,"[2, 2, 2, 2, 2, 2, 2, 2]"
tid_1696,0,2,0,1,1,1,"[0, 0, 0, 0, 0, 1, 0, 0]"
tid_1697,1,1,1,1,1,1,"[0, 1, 1, 1, 1, 1, 1, 1]"
tid_1698,0,2,0,1,1,0,"[0, 0, 0, 0, 0, 0, 0, 0]"
tid_1699,1,1,1,1,1,1,"[0, 1, 1, 1, 1, 1, 1, 1]"
tid_17,0,2,0,1,1,0,"[0, 0, 0, 0, 0, 0, 0, 0]"
tid_1700,0,2,0,0,0,0,"[0, 0, 0, 0, 0, 0, 0, 0]"
tid_1701,1,1,1,1,1,1,"[1, 1, 1, 1, 1, 1, 1, 1]"
tid_1702,2,3,2,1,1,2,"[2, 2, 2, 2, 2, 2, 1, 2]"
tid_1703,2,3,2,1,1,2,"[2, 2, 2, 2, 2, 2, 2, 2]"
tid_1704,0,2,0,0,0,0,"[0, 0, 0, 0, 0, 0, 0, 0]"
tid_1705,0,2,0,0,0,0,"[0, 0, 0, 0, 0, 1, 0, 0]"
tid_1706,0,2,0,0,0,0,"[0, 0, 0, 0, 0, 0, 0, 0]"
tid_1707,2,3,2,2,2,2,"[2, 2, 2, 2, 2, 2, 2, 2]"
tid_1708,2,3,2,2,2,2,"[2, 2, 2, 2, 2, 2, 2, 2]"
tid_1709,2,3,2,2,2,2,"[2, 1, 2, 2, 2, 1, 2, 1]"
tid_1710,1,1,1,1,1,1,"[0, 1, 1, 1, 1, 1, 1, 1]"
tid_1711,1,1,1,1,1,1,"[2, 1, 1, 1, 1, 1, 1, 1]"
tid_1712,1,1,1,1,1,1,"[1, 1, 1, 1, 1, 1, 1, 1]"
tid_1714,2,3,2,1,1,2,"[2, 2, 2, 2, 2, 2, 2, 2]"
tid_1715,1,1,1,1,1,1,"[2, 1, 1, 1, 1, 1, 1, 1]"
tid_1717,1,1,1,1,1,1,"[1, 1, 1, 1, 1, 1, 1, 1]"
tid_1719,2,3,2,2,2,2,"[2, 2, 2, 2, 2, 2, 2, 2]"
tid_1724,1,1,1,1,1,1,"[2, 1, 1, 1, 1, 1, 1, 1]"
tid_1726,2,3,2,2,2,2,"[2, 2, 2, 2, 2, 2, 2, 2]"
tid_1727,1,1,1,1,1,1,"[2, 1, 1, 1, 2, 1, 1, 1]"
tid_1728,2,3,2,1,1,2,"[2, 1, 2, 2, 2, 1, 1, 2]"
tid_173,0,2,0,0,0,0,"[0, 0, 0, 0, 0, 0, 0, 0]"
tid_1730,1,1,1,1,1,1,"[2, 1, 1, 1, 1, 1, 1, 1]"
tid_1731,2,3,2,1,1,1,"[2, 1, 1, 1, 2, 1, 2, 1]"
tid_1732,1,1,1,1,1,1,"[2, 1, 1, 1, 2, 1, 1, 1]"
tid_1738,2,3,2,2,2,2,"[2, 2, 2, 2, 2, 2, 2, 2]"
tid_1739,0,2,0,1,1,1,"[0, 0, 0, 2, 2, 1, 1, 1]"
tid_1740,0,2,0,2,2,2,"[0, 2, 0, 0, 0, 2, 0, 0]"
tid_1742,0,2,0,0,0,0,"[0, 0, 0, 0, 0, 0, 0, 0]"
tid_1745,1,1,1,1,1,1,"[0, 1, 0, 1, 1, 1, 1, 1]"
tid_1746,0,2,0,1,1,1,"[0, 0, 0, 0, 1, 1, 1, 0]"
tid_1747,0,2,0,1,1,1,"[0, 1, 0, 0, 0, 1, 1, 1]"
tid_1752,0,2,0,1,1,0,"[0, 0, 0, 0, 0, 1, 0, 0]"
tid_1755,2,3,2,2,2,2,"[2, 3, 2, 2, 2, 3, 2, 2]"
tid_1756,0,2,0,1,1,1,"[0, 0, 0, 0, 0, 0, 0, 0]"
tid_1758,0,2,0,2,2,0,"[0, 0, 0, 0, 0, 0, 0, 0]"
tid_1759,2,3,2,1,1,1,"[2, 1, 2, 2, 2, 1, 2, 2]"
tid_1764,2,3,2,2,2,2,"[2, 2, 2, 2, 2, 2, 2, 2]"
tid_1765,2,3,2,2,2,2,"[2, 2, 2, 2, 2, 2, 2, 2]"
tid_1766,1,1,1,1,1,1,"[2, 1, 1, 2, 1, 1, 1, 2]"
tid_1768,1,1,1,1,1,1,"[1, 1, 1, 1, 1, 1, 1, 1]"
tid_1769,1,1,1,1,1,1,"[2, 1, 1, 1, 1, 1, 1, 2]"
tid_1770,2,3,2,2,2,2,"[2, 2, 2, 2, 2, 2, 2, 2]"
tid_1771,1,1,1,1,1,1,"[1, 1, 1, 1, 1, 1, 1, 1]"
tid_1773,1,1,1,1,1,1,"[1, 1, 1, 1, 1, 1, 1, 1]"
tid_1774,2,3,2,1,1,1,"[2, 1, 2, 1, 1, 2, 2, 2]"
tid_1775,1,1,1,1,1,1,"[1, 1, 1, 1, 1, 1, 1, 1]"
tid_1776,1,1,1,1,1,1,"[1, 1, 1, 1, 1, 1, 1, 1]"
tid_1777,1,1,1,1,1,1,"[1, 1, 1, 1, 1, 1, 1, 1]"
tid_1778,1,1,1,1,1,1,"[2, 1, 1, 1, 1, 1, 1, 1]"
tid_1780,1,1,1,1,1,1,"[1, 1, 1, 1, 1, 1, 1, 1]"
tid_1781,1,1,1,1,1,1,"[1, 1, 1, 1, 1, 1, 1, 1]"
tid_1782,1,1,1,1,1,1,"[1, 1, 1, 1, 1, 1, 1, 1]"
tid_1783,0,2,0,2,2,0,"[0, 0, 0, 0, 0, 0, 0, 0]"
tid_1784,1,1,1,1,1,1,"[1, 1, 1, 1, 1, 1, 1, 1]"
tid_1785,2,3,2,2,2,2,"[2, 2, 2, 2, 2, 2, 2, 2]"
tid_1786,1,1,1,1,1,1,"[1, 1, 1, 1, 1, 1, 1, 1]"
tid_1787,1,1,1,1,1,1,"[1, 1, 1, 1, 1, 1, 1, 1]"
tid_1788,1,1,1,1,1,1,"[1, 1, 1, 1, 1, 1, 1, 1]"
tid_18,1,1,1,1,1,1,"[0, 1, 1, 1, 1, 1, 1, 1]"
tid_181,0,2,0,1,1,0,"[0, 0, 0, 0, 0, 0, 0, 0]"
tid_184,0,2,0,1,1,0,"[0, 0, 0, 0, 0, 0, 0, 0]"
tid_1845,2,3,2,2,2,2,"[2, 2, 2, 2, 2, 2, 2, 2]"
tid_1846,1,1,1,2,2,1,"[2, 1, 1, 1, 1, 1, 2, 1]"
tid_1848,1,1,1,1,1,1,"[1, 1, 1, 1, 1, 1, 1, 1]"
tid_185,0,2,0,0,0,0,"[0, 0, 0, 0, 0, 0, 0, 0]"
tid_1852,2,3,2,1,1,2,"[2, 1, 2, 2, 1, 1, 2, 2]"
tid_1853,1,1,1,1,1,1,"[1, 1, 1, 1, 1, 1, 1, 1]"
tid_1856,1,1,1,1,1,1,"[0, 1, 1, 1, 1, 1, 1, 1]"
tid_1861,2,3,2,2,2,2,"[2, 2, 2, 2, 2, 2, 2, 2]"
tid_1862,1,1,1,1,1,1,"[1, 1, 1, 1, 1, 1, 1, 1]"
tid_1868,1,1,1,1,1,1,"[1, 1, 1, 1, 1, 1, 1, 1]"
tid_1869,1,1,1,1,1,1,"[2, 1, 1, 1, 1, 1, 1, 1]"
tid_1872,1,1,1,1,1,1,"[0, 1, 0, 1, 1, 1, 1, 1]"
tid_1873,1,1,1,1,1,1,"[1, 1, 1, 1, 1, 1, 1, 1]"
tid_1874,2,3,2,2,2,2,"[2, 2, 2, 2, 2, 2, 2, 2]"
tid_1875,2,3,2,2,2,2,"[2, 2, 2, 2, 2, 2, 2, 2]"
tid_1876,2,3,2,2,2,2,"[2, 2, 2, 2, 2, 2, 2, 2]"
tid_1877,2,3,2,2,2,2,"[2, 2, 2, 2, 2, 2, 2, 2]"
tid_1878,2,3,2,1,1,2,"[2, 2, 2, 2, 2, 1, 2, 2]"
tid_1879,2,3,2,2,2,2,"[2, 2, 2, 2, 2, 2, 2, 2]"
tid_188,0,2,0,0,0,0,"[0, 0, 0, 0, 0, 0, 0, 0]"
tid_1880,1,1,1,1,1,1,"[1, 1, 1, 1, 1, 1, 1, 1]"
tid_1881,2,3,2,2,2,2,"[2, 2, 2, 2, 2, 2, 2, 2]"
tid_1883,2,3,2,2,2,2,"[2, 2, 2, 2, 2, 2, 2, 2]"
tid_1884,1,1,1,1,1,1,"[1, 1, 1, 1, 1, 1, 1, 1]"
tid_1885,2,3,2,2,2,2,"[2, 2, 2, 2, 2, 2, 2, 2]"
tid_1886,1,1,1,1,1,1,"[2, 1, 1, 1, 1, 1, 1, 1]"
tid_1887,0,2,0,1,1,1,"[0, 1, 0, 0, 1, 1, 1, 1]"
tid_1888,1,1,1,1,1,1,"[2, 1, 2, 2, 2, 1, 2, 2]"
tid_1889,1,1,1,1,1,1,"[0, 1, 1, 1, 1, 1, 1, 1]"
tid_1890,2,3,2,2,2,2,"[2, 2, 2, 2, 2, 2, 2, 2]"
tid_1891,1,1,1,1,1,1,"[0, 1, 1, 0, 1, 1, 1, 1]"
tid_1892,1,1,1,1,1,1,"[1, 1, 1, 1, 1, 1, 1, 1]"
tid_1893,0,2,0,0,0,0,"[0, 0, 0, 0, 0, 0, 0, 0]"
tid_1895,1,1,1,1,1,1,"[1, 1, 1, 1, 1, 1, 1, 1]"
tid_1896,1,1,1,1,1,1,"[0, 1, 1, 1, 1, 1, 1, 1]"
tid_1897,1,1,1,2,2,1,"[1, 1, 1, 1, 1, 1, 1, 1]"
tid_1898,1,1,1,1,1,1,"[0, 1, 1, 1, 1, 1, 1, 1]"
tid_1899,2,3,2,1,1,2,"[2, 2, 2, 2, 2, 1, 2, 2]"
tid_1900,2,3,2,1,1,2,"[2, 2, 2, 2, 2, 2, 2, 2]"
tid_1901,1,1,1,1,1,1,"[1, 1, 1, 1, 1, 1, 1, 1]"
tid_1902,0,2,0,1,1,1,"[0, 1, 0, 1, 0, 1, 1, 1]"
tid_1903,1,1,1,1,1,1,"[1, 1, 1, 1, 1, 1, 1, 1]"
tid_1904,2,3,2,2,2,2,"[2, 2, 2, 2, 2, 2, 2, 2]"
tid_1905,0,2,0,2,2,2,"[0, 0, 0, 0, 0, 2, 0, 0]"
tid_1906,0,2,0,2,2,1,"[0, 0, 0, 0, 0, 0, 0, 0]"
tid_1907,1,1,1,1,1,1,"[0, 1, 1, 1, 1, 1, 1, 1]"
tid_1908,1,1,1,1,1,1,"[1, 1, 1, 1, 1, 1, 1, 1]"
tid_1909,1,1,1,1,1,1,"[0, 1, 1, 1, 1, 1, 1, 1]"
tid_191,0,2,0,0,0,0,"[0, 0, 0, 0, 0, 0, 0, 0]"
tid_1910,1,1,1,1,1,1,"[1, 1, 1, 1, 1, 1, 1, 1]"
tid_1912,1,1,1,1,1,1,"[1, 1, 1, 1, 1, 1, 1, 1]"
tid_1915,0,2,0,1,1,1,"[0, 1, 0, 1, 1, 1, 0, 0]"
tid_1916,0,2,0,1,1,1,"[0, 1, 0, 1, 1, 1, 1, 1]"
tid_1917,1,1,1,1,1,1,"[0, 1, 1, 1, 1, 1, 1, 1]"
tid_1918,1,1,1,1,1,1,"[0, 1, 1, 1, 1, 1, 1, 1]"
tid_1919,2,3,2,2,2,2,"[2, 2, 2, 2, 2, 2, 2, 2]"
tid_1920,0,2,0,2,2,0,"[0, 0, 0, 0, 0, 0, 0, 0]"
tid_1921,1,1,1,1,1,1,"[0, 1, 1, 1, 1, 1, 1, 1]"
tid_1922,2,3,2,2,2,2,"[2, 2, 2, 2, 2, 1, 2, 2]"
tid_1924,0,2,0,2,2,1,"[0, 0, 0, 0, 0, 1, 0, 0]"
tid_1925,1,1,1,1,1,1,"[1, 1, 1, 1, 1, 1, 1, 1]"
tid_1927,2,3,2,2,2,2,"[2, 2, 2, 2, 2, 2, 2, 2]"
tid_1929,1,1,1,1,1,1,"[0, 1, 1, 1, 1, 1, 1, 1]"
tid_1930,1,1,1,1,1,1,"[0, 1, 1, 1, 1, 1, 1, 1]"
tid_1931,0,2,0,1,1,1,"[0, 0, 0, 0, 0, 1, 0, 0]"
tid_1932,0,2,0,1,1,1,"[0, 1, 0, 0, 1, 1, 1, 1]"
tid_1933,1,1,1,1,1,1,"[0, 1, 1, 1, 1, 1, 1, 1]"
tid_1934,0,2,0,1,1,1,"[0, 0, 0, 0, 0, 1, 0, 0]"
tid_1936,0,2,0,0,0,0,"[0, 0, 0, 0, 0, 0, 0, 0]"
tid_1937,0,2,0,1,1,1,"[0, 0, 0, 0, 0, 0, 0, 0]"
tid_1939,0,2,0,1,1,1,"[0, 0, 0, 0, 0, 1, 0, 1]"
tid_194,0,2,0,0,0,0,"[0, 0, 0, 0, 0, 0, 0, 0]"
tid_1940,0,2,0,1,1,0,"[0, 0, 0, 0, 0, 1, 0, 0]"
tid_1941,1,1,1,1,1,1,"[2, 1, 2, 2, 1, 1, 1, 2]"
tid_1942,0,2,0,1,1,0,"[0, 0, 0, 0, 0, 0, 0, 0]"
tid_1944,2,3,2,1,1,2,"[2, 2, 2, 2, 2, 2, 2, 2]"
tid_1945,0,2,0,1,1,0,"[0, 0, 0, 0, 0, 0, 0, 0]"
tid_1947,1,1,1,1,1,1,"[0, 1, 1, 1, 1, 1, 1, 1]"
tid_1948,2,3,2,1,1,2,"[2, 1, 2, 2, 2, 1, 2, 2]"
tid_1949,0,2,0,1,1,1,"[0, 0, 0, 0, 0, 1, 0, 0]"
tid_195,0,2,0,0,0,0,"[0, 0, 0, 0, 0, 0, 0, 0]"
tid_1951,1,1,1,1,1,1,"[1, 1, 1, 1, 1, 1, 1, 1]"
tid_1952,0,2,0,2,2,2,"[0, 0, 0, 0, 0, 2, 0, 0]"
tid_1954,1,1,1,1,1,1,"[1, 1, 1, 1, 1, 1, 1, 1]"
tid_1955,1,1,1,1,1,1,"[1, 1, 1, 1, 1, 1, 1, 1]"
tid_1956,1,1,1,1,1,1,"[1, 1, 1, 1, 1, 1, 1, 1]"
tid_1957,1,1,1,1,1,1,"[1, 1, 1, 1, 1, 1, 1, 1]"
tid_1958,3,0,3,3,3,3,"[3, 3, 3, 3, 3, 3, 3, 3]"
tid_1959,1,1,1,1,1,1,"[1, 1, 1, 1, 1, 1, 1, 1]"
tid_1960,1,1,1,1,1,1,"[1, 1, 1, 1, 1, 1, 1, 1]"
tid_1961,3,0,3,3,3,3,"[3, 3, 3, 3, 3, 3, 3, 3]"
tid_1962,1,1,1,1,1,1,"[1, 1, 1, 1, 1, 1, 1, 1]"
tid_1963,1,1,1,1,1,1,"[1, 1, 1, 1, 1, 1, 1, 1]"
tid_1965,1,1,1,1,1,1,"[1, 1, 1, 1, 1, 1, 1, 1]"
tid_1966,1,1,1,1,1,1,"[1, 1, 1, 1, 1, 1, 1, 1]"
tid_1967,1,1,1,1,1,1,"[1, 1, 1, 1, 1, 1, 1, 1]"
tid_1968,3,0,3,3,3,3,"[3, 3, 3, 3, 3, 3, 3, 3]"
tid_1969,1,1,1,1,1,1,"[1, 1, 1, 1, 1, 1, 1, 1]"
tid_1971,2,3,2,2,2,2,"[2, 2, 2, 2, 2, 2, 2, 2]"
tid_1972,1,1,1,1,1,1,"[1, 1, 1, 1, 1, 1, 1, 1]"
tid_1973,1,1,1,1,1,1,"[2, 1, 1, 1, 1, 1, 1, 1]"
tid_1974,2,3,2,2,2,2,"[2, 2, 2, 2, 2, 2, 2, 2]"
tid_1976,3,0,3,2,2,3,"[2, 3, 3, 3, 3, 3, 3, 3]"
tid_1977,2,3,2,2,2,2,"[2, 2, 2, 2, 2, 2, 2, 2]"
tid_1978,2,3,2,2,2,2,"[2, 2, 2, 2, 2, 2, 2, 2]"
tid_1979,2,3,2,2,2,2,"[2, 2, 2, 2, 2, 2, 2, 2]"
tid_198,0,2,0,0,0,0,"[0, 0, 0, 0, 0, 0, 0, 0]"
tid_1980,2,3,2,1,1,1,"[2, 1, 2, 2, 1, 1, 2, 1]"
tid_1981,3,0,3,3,3,3,"[3, 3, 3, 3, 3, 3, 3, 3]"
tid_1982,2,3,2,2,2,2,"[2, 2, 2, 2, 2, 2, 2, 2]"
tid_1983,1,1,1,1,1,1,"[2, 1, 1, 1, 1, 1, 1, 1]"
tid_1985,1,1,1,2,2,1,"[2, 1, 1, 1, 2, 1, 1, 1]"
tid_1986,2,3,2,2,2,2,"[2, 2, 2, 2, 2, 2, 2, 2]"
tid_1987,2,3,2,1,1,2,"[2, 2, 2, 2, 2, 1, 2, 2]"
tid_1988,1,1,1,1,1,1,"[1, 1, 1, 1, 1, 1, 1, 1]"
tid_1989,1,1,1,1,1,1,"[1, 1, 1, 1, 1, 1, 1, 1]"
tid_1990,2,3,2,2,2,2,"[2, 2, 2, 2, 2, 2, 2, 2]"
tid_1991,2,3,2,1,1,2,"[2, 2, 2, 2, 2, 2, 2, 2]"
tid_1993,2,3,2,2,2,2,"[2, 2, 2, 2, 2, 2, 2, 2]"
tid_1994,2,3,2,1,1,2,"[2, 2, 2, 2, 2, 2, 2, 2]"
tid_1995,2,3,2,2,2,2,"[2, 2, 2, 2, 2, 2, 2, 2]"
tid_1996,2,3,2,1,1,2,"[2, 2, 2, 2, 2, 1, 2, 1]"
tid_1999,2,3,2,1,1,2,"[2, 2, 2, 2, 2, 2, 2, 2]"
tid_2,0,2,0,0,0,0,"[0, 0, 0, 0, 0, 0, 0, 0]"
tid_20,0,2,0,1,1,1,"[0, 0, 0, 0, 0, 1, 0, 0]"
tid_2000,2,3,2,2,2,2,"[2, 2, 2, 2, 2, 2, 2, 2]"
tid_2001,1,1,1,1,1,1,"[2, 1, 1, 1, 1, 1, 1, 1]"
tid_2002,2,3,2,2,2,2,"[2, 2, 2, 2, 2, 2, 2, 2]"
tid_2004,2,3,2,2,2,2,"[2, 2, 2, 2, 2, 2, 2, 2]"
tid_2005,2,3,2,2,2,2,"[2, 2, 2, 2, 2, 2, 2, 2]"
tid_2006,2,3,2,2,2,2,"[2, 2, 2, 2, 2, 2, 2, 2]"
tid_2008,1,1,1,1,1,1,"[1, 1, 1, 1, 1, 1, 1, 1]"
tid_2009,2,3,2,2,2,2,"[2, 2, 2, 2, 2, 2, 2, 2]"
tid_201,0,2,0,0,0,0,"[0, 0, 0, 0, 0, 0, 0, 0]"
tid_2010,2,3,2,2,2,2,"[2, 2, 2, 2, 2, 2, 2, 2]"
tid_2011,2,3,2,1,1,2,"[2, 2, 2, 2, 2, 2, 2, 2]"
tid_2012,1,1,1,1,1,1,"[1, 1, 1, 1, 1, 1, 1, 1]"
tid_2015,1,1,1,1,1,1,"[2, 1, 1, 1, 1, 1, 1, 1]"
tid_2017,1,1,1,1,1,1,"[1, 1, 1, 1, 1, 1, 1, 1]"
tid_2018,1,1,1,1,1,1,"[1, 1, 1, 1, 1, 1, 1, 1]"
tid_2019,1,1,1,1,1,1,"[1, 1, 1, 1, 1, 1, 1, 1]"
tid_2021,1,1,1,1,1,1,"[1, 1, 1, 1, 1, 1, 1, 1]"
tid_2024,1,1,1,1,1,1,"[0, 1, 1, 1, 1, 1, 1, 1]"
tid_2025,1,1,1,1,1,1,"[1, 1, 1, 1, 1, 1, 1, 1]"
tid_2028,1,1,1,1,1,1,"[1, 1, 1, 1, 1, 1, 1, 1]"
tid_2030,1,1,1,1,1,1,"[1, 1, 1, 1, 1, 1, 1, 1]"
tid_2031,1,1,1,1,1,1,"[1, 1, 1, 1, 1, 1, 1, 1]"
tid_2032,2,3,2,2,2,2,"[2, 2, 2, 2, 2, 2, 2, 2]"
tid_2034,1,1,1,1,1,1,"[1, 1, 1, 1, 1, 1, 1, 1]"
tid_2035,1,1,1,1,1,1,"[1, 1, 1, 1, 1, 1, 1, 1]"
tid_2036,1,1,1,1,1,1,"[1, 1, 1, 1, 1, 1, 1, 1]"
tid_2037,1,1,1,1,1,1,"[1, 1, 1, 1, 1, 1, 1, 1]"
tid_2039,1,1,1,1,1,1,"[2, 1, 1, 1, 1, 1, 1, 1]"
tid_204,0,2,0,0,0,0,"[0, 0, 0, 0, 0, 0, 0, 0]"
tid_2040,1,1,1,2,2,1,"[0, 1, 0, 1, 1, 1, 1, 1]"
tid_2042,1,1,1,1,1,1,"[2, 1, 1, 1, 1, 1, 1, 1]"
tid_2044,2,3,2,2,2,2,"[2, 2, 2, 2, 2, 2, 2, 2]"
tid_2045,3,0,3,3,3,3,"[3, 3, 3, 3, 3, 3, 3, 3]"
tid_2046,1,1,1,1,1,1,"[0, 1, 1, 1, 1, 1, 1, 1]"
tid_2047,2,3,2,2,2,2,"[2, 2, 2, 2, 2, 2, 2, 2]"
tid_2048,2,3,2,2,2,2,"[2, 2, 2, 2, 2, 2, 2, 2]"
tid_2050,1,1,1,1,1,1,"[1, 1, 1, 1, 1, 1, 1, 1]"
tid_2051,2,3,2,1,1,2,"[2, 2, 2, 2, 2, 1, 2, 2]"
tid_2052,1,1,1,1,1,1,"[1, 1, 1, 1, 1, 1, 1, 1]"
tid_2054,1,1,1,1,1,1,"[1, 1, 1, 1, 1, 1, 1, 1]"
tid_2055,2,3,2,1,1,2,"[2, 2, 2, 1, 2, 1, 2, 2]"
tid_2058,1,1,1,1,1,1,"[1, 1, 1, 1, 1, 1, 1, 1]"
tid_2059,1,1,1,1,1,1,"[2, 1, 1, 1, 1, 1, 1, 1]"
tid_206,2,3,2,2,2,2,"[2, 2, 2, 2, 2, 2, 2, 2]"
tid_2060,2,3,2,2,2,2,"[2, 2, 2, 2, 2, 2, 2, 2]"
tid_2061,0,2,0,1,1,1,"[0, 0, 0, 1, 1, 1, 1, 1]"
tid_2062,2,3,2,2,2,2,"[2, 2, 2, 2, 2, 2, 2, 2]"
tid_2063,2,3,2,2,2,2,"[2, 2, 2, 2, 2, 2, 2, 2]"
tid_2064,1,1,1,1,1,1,"[1, 1, 1, 1, 1, 1, 1, 1]"
tid_2069,0,2,0,1,1,1,"[0, 1, 0, 1, 1, 1, 1, 1]"
tid_207,2,3,2,2,2,2,"[2, 2, 2, 2, 2, 2, 2, 2]"
tid_2070,2,3,2,2,2,2,"[2, 2, 2, 2, 2, 2, 2, 2]"
tid_2072,1,1,1,1,1,1,"[1, 1, 1, 1, 1, 1, 1, 1]"
tid_2074,2,3,2,2,2,2,"[2, 2, 2, 2, 2, 2, 2, 2]"
tid_2075,1,1,1,1,1,1,"[2, 1, 1, 1, 1, 1, 1, 1]"
tid_2076,1,1,1,1,1,1,"[0, 1, 1, 1, 1, 1, 1, 1]"
tid_2077,1,1,1,1,1,1,"[1, 1, 1, 1, 1, 1, 1, 1]"
tid_2079,0,2,0,1,1,1,"[0, 0, 0, 0, 1, 1, 1, 1]"
tid_208,1,1,1,1,1,1,"[2, 1, 1, 1, 1, 1, 1, 1]"
tid_2080,2,3,2,1,1,2,"[2, 2, 2, 2, 2, 1, 2, 2]"
tid_2081,2,3,2,1,1,1,"[2, 1, 2, 1, 1, 1, 1, 1]"
tid_2082,2,3,2,2,2,2,"[2, 2, 2, 2, 2, 2, 2, 2]"
tid_2085,1,1,1,1,1,1,"[0, 1, 1, 1, 1, 1, 1, 1]"
tid_2088,2,3,2,1,1,2,"[0, 2, 2, 2, 2, 2, 2, 2]"
tid_2089,2,3,2,2,2,2,"[2, 2, 2, 2, 2, 2, 2, 2]"
tid_209,1,1,1,1,1,1,"[1, 1, 1, 1, 1, 1, 1, 1]"
tid_2093,0,2,0,1,1,1,"[0, 0, 0, 0, 0, 0, 0, 0]"
tid_2094,1,1,1,1,1,1,"[0, 1, 1, 1, 1, 1, 1, 1]"
tid_2095,1,1,1,1,1,1,"[0, 1, 1, 1, 1, 1, 1, 1]"
tid_2098,2,3,2,2,2,2,"[2, 2, 2, 2, 2, 2, 2, 2]"
tid_21,2,3,2,2,2,2,"[2, 2, 2, 2, 2, 2, 2, 2]"
tid_210,3,0,3,2,2,3,"[2, 3, 3, 3, 3, 3, 3, 3]"
tid_2100,0,2,0,1,1,1,"[0, 1, 0, 0, 0, 1, 0, 0]"
tid_2101,2,3,2,2,2,2,"[2, 2, 2, 2, 2, 2, 2, 2]"
tid_2108,2,3,2,2,2,2,"[2, 2, 2, 2, 2, 2, 2, 2]"
tid_2109,2,3,2,2,2,2,"[2, 2, 2, 2, 2, 2, 2, 2]"
tid_211,2,3,2,2,2,2,"[2, 2, 2, 2, 2, 2, 2, 2]"
tid_2110,1,1,1,1,1,1,"[1, 1, 1, 1, 1, 1, 1, 1]"
tid_2111,2,3,2,1,1,2,"[2, 1, 2, 2, 2, 1, 2, 2]"
tid_2112,1,1,1,1,1,1,"[1, 1, 1, 1, 1, 1, 1, 1]"
tid_2113,2,3,2,1,1,2,"[2, 2, 2, 2, 2, 2, 2, 2]"
tid_2114,1,1,1,1,1,1,"[1, 1, 1, 1, 1, 1, 1, 1]"
tid_2116,1,1,1,1,1,1,"[1, 1, 1, 1, 1, 1, 1, 1]"
tid_2117,1,1,1,1,1,1,"[1, 1, 1, 1, 1, 1, 1, 1]"
tid_2118,1,1,1,1,1,1,"[1, 1, 1, 1, 1, 1, 1, 1]"
tid_2119,2,3,2,2,2,2,"[2, 2, 2, 2, 2, 2, 2, 2]"
tid_212,1,1,1,1,1,1,"[1, 1, 1, 1, 1, 1, 1, 1]"
tid_2120,1,1,1,1,1,1,"[1, 1, 1, 1, 1, 1, 1, 1]"
tid_2121,1,1,1,1,1,1,"[1, 1, 1, 1, 1, 1, 1, 1]"
tid_2122,3,0,3,3,3,3,"[3, 3, 3, 3, 3, 3, 3, 3]"
tid_2124,2,3,2,2,2,2,"[2, 2, 2, 2, 2, 2, 2, 2]"
tid_2125,1,1,1,1,1,1,"[1, 1, 1, 1, 1, 1, 1, 1]"
tid_2126,1,1,1,1,1,1,"[1, 1, 1, 1, 1, 1, 1, 1]"
tid_2127,1,1,1,1,1,1,"[1, 1, 1, 1, 1, 1, 1, 1]"
tid_2128,1,1,1,1,1,1,"[1, 1, 1, 1, 1, 1, 1, 1]"
tid_2129,1,1,1,1,1,1,"[1, 1, 0, 1, 1, 1, 1, 1]"
tid_213,1,1,1,1,1,1,"[1, 1, 1, 1, 1, 1, 1, 1]"
tid_2130,1,1,1,1,1,1,"[1, 1, 1, 1, 1, 1, 1, 1]"
tid_2131,1,1,1,1,1,1,"[1, 1, 1, 1, 1, 1, 1, 1]"
tid_2132,1,1,1,1,1,1,"[1, 1, 1, 1, 1, 1, 1, 1]"
tid_2133,1,1,1,1,1,1,"[1, 1, 1, 1, 1, 1, 1, 1]"
tid_2134,1,1,1,1,1,1,"[1, 1, 1, 1, 1, 1, 1, 1]"
tid_2136,1,1,1,1,1,1,"[1, 1, 1, 1, 1, 1, 1, 1]"
tid_2137,1,1,1,1,1,1,"[1, 1, 1, 1, 1, 1, 1, 1]"
tid_2138,1,1,1,1,1,1,"[1, 1, 1, 1, 1, 1, 1, 1]"
tid_2139,1,1,1,1,1,1,"[0, 1, 1, 1, 1, 1, 1, 1]"
tid_214,1,1,1,1,1,1,"[1, 1, 1, 1, 1, 1, 1, 1]"
tid_2140,1,1,1,1,1,1,"[1, 1, 1, 1, 1, 1, 1, 1]"
tid_2142,1,1,1,1,1,1,"[2, 1, 1, 1, 1, 1, 1, 1]"
tid_2143,1,1,1,1,1,1,"[0, 1, 1, 1, 1, 1, 1, 1]"
tid_2144,2,3,2,2,2,2,"[2, 2, 2, 2, 2, 2, 2, 2]"
tid_2146,2,3,2,2,2,2,"[2, 2, 2, 2, 2, 2, 2, 2]"
tid_2148,3,0,3,3,3,3,"[3, 3, 3, 3, 3, 3, 3, 3]"
tid_2149,1,1,1,1,1,1,"[1, 1, 1, 1, 1, 1, 1, 1]"
tid_215,1,1,1,1,1,1,"[1, 1, 1, 1, 1, 1, 1, 1]"
tid_2150,1,1,1,1,1,1,"[1, 1, 1, 1, 1, 1, 1, 1]"
tid_2152,1,1,1,1,1,1,"[1, 1, 1, 1, 1, 1, 1, 1]"
tid_2153,3,0,3,3,3,3,"[3, 3, 3, 3, 3, 3, 3, 3]"
tid_2155,1,1,1,1,1,1,"[1, 1, 1, 1, 1, 1, 1, 1]"
tid_2157,1,1,1,1,1,1,"[1, 1, 1, 1, 1, 1, 1, 1]"
tid_2158,3,0,3,3,3,3,"[3, 3, 3, 3, 3, 3, 3, 3]"
tid_216,1,1,1,1,1,1,"[1, 1, 1, 1, 1, 1, 1, 1]"
tid_2161,0,2,0,2,2,2,"[0, 0, 0, 0, 0, 0, 0, 0]"
tid_2162,1,1,1,1,1,1,"[1, 1, 1, 1, 1, 1, 1, 1]"
tid_2163,1,1,1,1,1,1,"[1, 1, 1, 1, 1, 1, 1, 1]"
tid_2164,2,3,2,2,2,2,"[2, 2, 2, 2, 2, 2, 2, 2]"
tid_2165,2,3,2,2,2,2,"[2, 2, 2, 2, 2, 2, 2, 2]"
tid_2167,1,1,1,2,2,1,"[1, 1, 2, 1, 1, 1, 1, 1]"
tid_2168,2,3,2,2,2,2,"[2, 1, 2, 2, 2, 1, 2, 2]"
tid_2169,2,3,2,2,2,2,"[2, 2, 2, 2, 2, 2, 2, 2]"
tid_217,1,1,1,1,1,1,"[2, 1, 2, 1, 1, 1, 1, 1]"
tid_2171,0,2,0,1,1,1,"[0, 0, 0, 1, 1, 1, 1, 1]"
tid_2172,1,1,1,1,1,1,"[0, 1, 0, 1, 1, 1, 1, 1]"
tid_2173,0,2,0,1,1,1,"[0, 1, 0, 2, 2, 1, 1, 1]"
tid_2174,1,1,1,1,1,1,"[0, 1, 1, 1, 1, 1, 1, 1]"
tid_2175,2,3,2,1,1,2,"[2, 2, 2, 2, 2, 2, 2, 2]"
tid_2176,1,1,1,1,1,1,"[1, 1, 1, 1, 1, 1, 1, 1]"
tid_2177,0,2,0,1,1,1,"[0, 1, 0, 0, 1, 1, 0, 0]"
tid_2178,1,1,1,1,1,1,"[1, 1, 1, 1, 1, 1, 1, 1]"
tid_2179,1,1,1,1,1,1,"[0, 1, 1, 1, 1, 1, 1, 1]"
tid_218,2,3,2,1,1,2,"[2, 2, 2, 2, 2, 2, 2, 2]"
tid_2180,1,1,1,1,1,1,"[0, 1, 1, 1, 1, 1, 1, 1]"
tid_2181,1,1,1,1,1,1,"[2, 1, 1, 1, 1, 1, 1, 1]"
tid_2182,1,1,1,1,1,1,"[1, 1, 1, 1, 1, 1, 1, 1]"
tid_2183,1,1,1,1,1,1,"[1, 1, 1, 1, 1, 1, 1, 1]"
tid_2184,1,1,1,1,1,1,"[0, 1, 1, 1, 1, 1, 1, 1]"
tid_2185,1,1,1,1,1,1,"[0, 1, 1, 1, 1, 1, 1, 1]"
tid_2186,2,3,2,2,2,2,"[2, 2, 2, 2, 2, 2, 2, 2]"
tid_2187,1,1,1,1,1,1,"[1, 1, 1, 1, 1, 1, 1, 1]"
tid_2188,2,3,2,2,2,2,"[2, 2, 2, 2, 2, 2, 2, 2]"
tid_2189,2,3,2,1,1,1,"[2, 1, 2, 1, 1, 1, 2, 2]"
tid_219,1,1,1,1,1,1,"[1, 1, 1, 1, 1, 1, 1, 1]"
tid_2190,2,3,2,2,2,2,"[2, 2, 2, 2, 2, 2, 2, 2]"
tid_2191,1,1,1,1,1,1,"[2, 1, 1, 1, 1, 1, 1, 1]"
tid_2192,2,3,2,2,2,2,"[2, 2, 2, 2, 2, 2, 2, 2]"
tid_2193,2,3,2,2,2,2,"[2, 2, 2, 2, 2, 2, 2, 2]"
tid_2194,1,1,1,1,1,1,"[1, 1, 1, 1, 1, 1, 1, 1]"
tid_22,1,1,1,1,1,1,"[0, 1, 1, 1, 1, 1, 1, 1]"
tid_220,1,1,1,1,1,1,"[1, 1, 1, 1, 1, 1, 1, 1]"
tid_2201,1,1,1,1,1,1,"[1, 1, 1, 1, 1, 1, 1, 1]"
tid_221,2,3,2,2,2,2,"[2, 2, 2, 2, 2, 2, 2, 2]"
tid_2216,2,3,2,2,2,2,"[2, 2, 2, 2, 2, 2, 2, 2]"
tid_2217,3,0,3,2,2,3,"[3, 3, 3, 3, 3, 3, 3, 3]"
tid_2218,2,3,2,2,2,2,"[2, 2, 2, 2, 2, 2, 2, 2]"
tid_2219,2,3,2,2,2,2,"[2, 2, 2, 2, 2, 2, 2, 2]"
tid_222,2,3,2,1,1,1,"[2, 1, 2, 2, 1, 1, 2, 2]"
tid_2220,2,3,2,2,2,2,"[2, 2, 2, 2, 2, 2, 2, 2]"
tid_2221,2,3,2,2,2,2,"[2, 2, 2, 2, 2, 2, 2, 2]"
tid_2222,2,3,2,2,2,2,"[2, 2, 2, 2, 2, 2, 2, 2]"
tid_2224,3,0,3,2,2,3,"[3, 3, 3, 3, 3, 3, 3, 3]"
tid_2225,2,3,2,2,2,2,"[2, 2, 2, 2, 2, 2, 2, 2]"
tid_2226,2,3,2,2,2,2,"[2, 2, 2, 2, 2, 2, 2, 2]"
tid_2227,2,3,2,2,2,2,"[2, 2, 2, 2, 2, 2, 2, 2]"
tid_2228,2,3,2,2,2,2,"[2, 2, 2, 2, 2, 2, 2, 2]"
tid_2229,2,3,2,2,2,2,"[2, 2, 2, 2, 2, 2, 2, 2]"
tid_223,1,1,1,1,1,1,"[1, 1, 1, 1, 1, 1, 1, 1]"
tid_2230,2,3,2,1,1,2,"[2, 2, 2, 2, 2, 1, 2, 2]"
tid_2231,2,3,2,1,1,2,"[2, 2, 2, 2, 2, 2, 2, 2]"
tid_2232,3,0,3,3,3,3,"[3, 3, 3, 3, 3, 3, 3, 3]"
tid_2233,3,0,3,3,3,3,"[3, 3, 3, 3, 3, 3, 3, 3]"
tid_2234,3,0,3,3,3,3,"[3, 3, 3, 3, 3, 3, 3, 3]"
tid_2235,2,3,2,1,1,2,"[2, 2, 2, 2, 2, 2, 2, 2]"
tid_2236,3,0,3,3,3,3,"[3, 3, 3, 3, 3, 3, 3, 3]"
tid_2238,3,0,3,3,3,3,"[3, 3, 3, 3, 3, 3, 3, 3]"
tid_224,2,3,2,2,2,2,"[2, 2, 2, 2, 2, 2, 2, 2]"
tid_2241,2,3,2,2,2,2,"[2, 2, 2, 2, 2, 2, 2, 2]"
tid_2242,3,0,3,3,3,3,"[3, 3, 3, 3, 3, 3, 3, 3]"
tid_2243,2,3,2,2,2,2,"[2, 2, 2, 2, 2, 2, 2, 2]"
tid_2244,3,0,3,3,3,3,"[3, 3, 3, 3, 3, 3, 3, 3]"
tid_2245,3,0,3,3,3,3,"[3, 3, 3, 3, 3, 3, 3, 3]"
tid_2248,3,0,3,3,3,3,"[3, 3, 3, 3, 3, 3, 3, 3]"
tid_225,3,0,3,2,2,3,"[3, 3, 2, 3, 3, 3, 2, 3]"
tid_2250,3,0,3,3,3,3,"[3, 3, 3, 3, 3, 3, 3, 3]"
tid_2251,2,3,2,2,2,2,"[2, 2, 2, 2, 2, 2, 2, 2]"
tid_2252,2,3,2,2,2,2,"[2, 2, 2, 2, 2, 2, 2, 2]"
tid_2253,1,1,1,1,1,1,"[2, 1, 1, 1, 1, 1, 1, 1]"
tid_2254,1,1,1,1,1,1,"[1, 1, 0, 1, 1, 1, 1, 1]"
tid_2255,1,1,1,1,1,1,"[0, 1, 1, 1, 1, 1, 1, 1]"
tid_2256,1,1,1,1,1,1,"[1, 1, 1, 1, 1, 1, 1, 1]"
tid_2257,1,1,1,1,1,1,"[1, 1, 1, 1, 1, 1, 1, 1]"
tid_2258,0,2,0,1,1,1,"[0, 1, 1, 1, 1, 1, 1, 0]"
tid_2259,1,1,1,1,1,1,"[0, 1, 1, 1, 1, 1, 1, 1]"
tid_226,3,0,3,3,3,3,"[3, 3, 3, 3, 3, 3, 3, 3]"
tid_2260,1,1,1,1,1,1,"[1, 1, 1, 1, 1, 1, 1, 1]"
tid_2262,0,2,0,0,0,0,"[0, 0, 0, 0, 0, 0, 0, 0]"
tid_2264,2,3,2,2,2,2,"[2, 2, 2, 2, 2, 2, 2, 2]"
tid_2265,1,1,1,1,1,1,"[0, 1, 1, 1, 1, 1, 0, 0]"
tid_2266,0,2,0,1,1,1,"[0, 1, 0, 1, 1, 1, 1, 0]"
tid_2267,1,1,1,1,1,1,"[1, 1, 1, 1, 1, 1, 1, 1]"
tid_2268,1,1,1,1,1,1,"[0, 1, 1, 1, 1, 1, 1, 1]"
tid_2269,1,1,1,1,1,1,"[0, 1, 1, 1, 1, 1, 1, 0]"
tid_227,1,1,1,1,1,1,"[1, 1, 1, 1, 1, 1, 1, 1]"
tid_2270,0,2,0,1,1,1,"[0, 1, 0, 1, 0, 0, 1, 0]"
tid_2271,1,1,1,1,1,1,"[0, 1, 1, 1, 1, 1, 1, 1]"
tid_2272,0,2,0,1,1,1,"[0, 0, 0, 1, 1, 1, 1, 1]"
tid_2274,2,3,2,1,1,2,"[2, 2, 2, 2, 2, 2, 2, 2]"
tid_2275,2,3,2,2,2,2,"[2, 2, 2, 2, 2, 2, 2, 2]"
tid_2276,1,1,1,1,1,1,"[1, 1, 1, 1, 1, 1, 1, 1]"
tid_2278,2,3,2,1,1,2,"[2, 2, 2, 2, 2, 2, 2, 2]"
tid_2279,2,3,2,2,2,2,"[2, 2, 2, 2, 2, 2, 2, 2]"
tid_228,3,0,3,3,3,3,"[3, 3, 3, 3, 3, 3, 3, 3]"
tid_2280,2,3,2,2,2,2,"[2, 2, 2, 2, 2, 2, 2, 2]"
tid_2281,2,3,2,2,2,2,"[2, 2, 2, 2, 2, 2, 2, 2]"
tid_2282,2,3,2,2,2,2,"[2, 2, 2, 2, 2, 2, 2, 2]"
tid_2286,1,1,1,2,2,1,"[0, 1, 1, 1, 1, 1, 1, 1]"
tid_2287,2,3,2,2,2,2,"[2, 2, 2, 2, 2, 2, 2, 2]"
tid_2288,2,3,2,2,2,2,"[2, 2, 2, 2, 2, 2, 2, 2]"
tid_2289,2,3,2,2,2,2,"[2, 2, 2, 2, 2, 2, 2, 2]"
tid_229,2,3,2,2,2,2,"[2, 2, 2, 2, 2, 2, 2, 2]"
tid_2292,1,1,1,1,1,1,"[0, 1, 1, 1, 1, 1, 1, 1]"
tid_2293,2,3,2,2,2,2,"[2, 2, 2, 2, 2, 2, 2, 2]"
tid_2294,0,2,0,1,1,1,"[0, 1, 0, 0, 1, 1, 0, 0]"
tid_2295,2,3,2,2,2,2,"[2, 2, 2, 2, 2, 2, 2, 2]"
tid_2296,2,3,2,1,1,2,"[2, 2, 2, 2, 2, 2, 2, 2]"
tid_2297,1,1,1,1,1,1,"[1, 1, 1, 1, 1, 1, 1, 1]"
tid_2298,1,1,1,1,1,1,"[0, 1, 1, 1, 1, 1, 1, 1]"
tid_2299,2,3,2,2,2,2,"[2, 2, 2, 2, 2, 2, 2, 2]"
tid_23,2,3,2,2,2,2,"[2, 2, 2, 2, 2, 2, 2, 2]"
tid_230,1,1,1,1,1,1,"[1, 1, 1, 1, 1, 1, 1, 1]"
tid_2300,1,1,1,1,1,1,"[1, 1, 1, 1, 1, 1, 1, 1]"
tid_2301,1,1,1,2,2,1,"[2, 1, 1, 1, 1, 1, 1, 1]"
tid_2302,0,2,0,1,1,1,"[0, 1, 0, 0, 0, 1, 0, 0]"
tid_2303,1,1,1,1,1,1,"[0, 1, 1, 1, 1, 1, 0, 1]"
tid_2304,1,1,1,1,1,1,"[0, 1, 1, 1, 1, 1, 1, 1]"
tid_2305,1,1,1,1,1,1,"[0, 1, 1, 1, 1, 1, 1, 1]"
tid_2307,2,3,2,1,1,2,"[2, 1, 1, 2, 2, 1, 2, 1]"
tid_2308,1,1,1,1,1,1,"[1, 1, 1, 1, 1, 1, 1, 1]"
tid_2309,1,1,1,1,1,1,"[0, 1, 1, 1, 1, 1, 1, 1]"
tid_231,3,0,3,3,3,3,"[3, 3, 3, 3, 3, 3, 3, 3]"
tid_2310,2,3,2,1,1,2,"[2, 2, 2, 2, 2, 2, 2, 2]"
tid_2311,2,3,2,2,2,2,"[2, 2, 2, 2, 2, 2, 2, 2]"
tid_2312,2,3,2,2,2,2,"[2, 2, 0, 2, 2, 2, 2, 2]"
tid_2314,2,3,2,1,1,1,"[2, 1, 2, 1, 1, 1, 2, 1]"
tid_2315,1,1,1,1,1,1,"[0, 1, 1, 1, 1, 1, 1, 1]"
tid_2316,1,1,1,1,1,1,"[2, 1, 1, 1, 1, 1, 1, 1]"
tid_2317,1,1,1,1,1,1,"[0, 1, 1, 1, 1, 1, 1, 1]"
tid_2318,2,3,2,2,2,2,"[2, 2, 2, 2, 2, 2, 2, 2]"
tid_232,1,1,1,1,1,1,"[1, 1, 1, 1, 1, 1, 1, 1]"
tid_2320,2,3,2,2,2,2,"[2, 2, 2, 2, 2, 2, 2, 2]"
tid_2321,1,1,1,1,1,1,"[1, 1, 1, 1, 1, 1, 1, 1]"
tid_2322,1,1,1,1,1,1,"[1, 1, 1, 1, 1, 1, 1, 1]"
tid_2323,1,1,1,1,1,1,"[1, 1, 1, 1, 1, 1, 1, 1]"
tid_2324,2,3,2,1,1,2,"[2, 2, 2, 2, 2, 1, 2, 2]"
tid_2325,1,1,1,1,1,1,"[1, 1, 1, 1, 1, 1, 1, 1]"
tid_2326,1,1,1,1,1,1,"[1, 1, 1, 1, 1, 1, 1, 1]"
tid_2327,2,3,2,1,1,2,"[2, 1, 1, 1, 1, 1, 2, 2]"
tid_2328,2,3,2,1,1,2,"[2, 2, 2, 2, 2, 2, 2, 2]"
tid_2329,1,1,1,1,1,1,"[1, 1, 1, 1, 1, 1, 1, 1]"
tid_233,1,1,1,1,1,1,"[1, 1, 1, 1, 1, 1, 1, 1]"
tid_2330,1,1,1,1,1,1,"[1, 1, 1, 1, 1, 1, 1, 1]"
tid_2332,1,1,1,1,1,1,"[1, 1, 1, 1, 1, 1, 1, 1]"
tid_2333,2,3,2,2,2,2,"[2, 2, 2, 2, 2, 2, 2, 2]"
tid_2334,2,3,2,2,2,2,"[2, 2, 2, 2, 2, 2, 2, 2]"
tid_2335,2,3,2,2,2,1,"[2, 1, 2, 2, 2, 1, 2, 2]"
tid_2336,1,1,1,2,2,1,"[1, 1, 1, 1, 1, 1, 1, 1]"
tid_2337,2,3,2,2,2,2,"[2, 2, 2, 2, 2, 2, 2, 2]"
tid_2338,1,1,1,2,2,1,"[1, 1, 2, 1, 1, 1, 1, 1]"
tid_2339,1,1,1,1,1,1,"[1, 1, 0, 1, 1, 1, 1, 1]"
tid_234,2,3,2,2,2,2,"[2, 2, 2, 2, 2, 2, 2, 2]"
tid_2340,1,1,1,1,1,1,"[1, 1, 1, 1, 1, 1, 1, 1]"
tid_2341,3,0,3,3,3,3,"[3, 3, 3, 3, 3, 3, 3, 3]"
tid_2343,1,1,1,1,1,1,"[1, 1, 1, 1, 1, 1, 1, 1]"
tid_2344,3,0,3,3,3,3,"[3, 3, 3, 3, 3, 3, 3, 3]"
tid_2345,3,0,3,3,3,3,"[3, 3, 3, 3, 3, 3, 3, 3]"
tid_2348,3,0,3,3,3,3,"[3, 3, 3, 3, 3, 3, 3, 3]"
tid_2349,3,0,3,3,3,3,"[3, 3, 3, 3, 3, 3, 3, 3]"
tid_235,2,3,2,1,1,2,"[2, 1, 1, 1, 1, 1, 1, 2]"
tid_2351,3,0,3,3,3,3,"[3, 3, 3, 3, 3, 3, 3, 3]"
tid_2354,3,0,3,3,3,3,"[3, 3, 3, 3, 3, 3, 3, 3]"
tid_2355,3,0,3,3,3,3,"[3, 3, 3, 3, 3, 3, 3, 3]"
tid_2356,3,0,3,3,3,3,"[3, 3, 3, 3, 3, 3, 3, 3]"
tid_2357,3,0,3,3,3,3,"[3, 3, 3, 3, 3, 3, 3, 3]"
tid_2358,3,0,3,3,3,3,"[3, 3, 3, 3, 3, 3, 3, 3]"
tid_2359,2,3,2,2,2,2,"[2, 2, 2, 2, 2, 2, 2, 2]"
tid_236,2,3,2,2,2,2,"[2, 2, 2, 2, 2, 2, 2, 2]"
tid_2361,2,3,2,2,2,2,"[2, 2, 2, 2, 2, 2, 2, 2]"
tid_2364,3,0,3,3,3,3,"[3, 3, 3, 3, 3, 3, 3, 3]"
tid_2365,2,3,2,2,2,2,"[2, 2, 2, 2, 2, 2, 2, 2]"
tid_2366,0,2,0,1,1,1,"[0, 0, 0, 0, 0, 0, 0, 0]"
tid_2368,2,3,2,2,2,2,"[2, 2, 2, 2, 2, 2, 2, 2]"
tid_2369,0,2,0,1,1,1,"[0, 0, 0, 0, 0, 0, 0, 0]"
tid_237,1,1,1,2,2,1,"[1, 1, 1, 1, 1, 1, 1, 1]"
tid_2372,2,3,2,2,2,2,"[2, 2, 0, 2, 2, 2, 0, 2]"
tid_2373,2,3,2,2,2,2,"[2, 2, 2, 2, 2, 2, 2, 2]"
tid_2374,2,3,2,2,2,2,"[2, 2, 2, 2, 2, 2, 2, 2]"
tid_2375,2,3,2,2,2,2,"[2, 2, 2, 2, 2, 2, 2, 2]"
tid_2377,0,2,0,0,0,1,"[0, 0, 0, 0, 0, 0, 0, 0]"
tid_2379,0,2,0,1,1,1,"[0, 0, 0, 1, 1, 1, 0, 1]"
tid_238,1,1,1,1,1,1,"[1, 1, 1, 1, 1, 1, 1, 1]"
tid_2381,0,2,0,1,1,1,"[0, 0, 0, 0, 0, 0, 0, 0]"
tid_2382,0,2,0,1,1,1,"[0, 0, 0, 0, 0, 0, 0, 0]"
tid_2385,2,3,2,2,2,2,"[2, 2, 2, 2, 2, 2, 2, 2]"
tid_2386,0,2,0,1,1,0,"[0, 0, 0, 0, 0, 0, 0, 0]"
tid_2388,3,0,3,3,3,3,"[3, 3, 3, 3, 3, 3, 3, 3]"
tid_239,1,1,1,1,1,1,"[1, 1, 1, 1, 1, 1, 1, 1]"
tid_2391,3,0,3,3,3,3,"[3, 3, 3, 3, 3, 3, 3, 3]"
tid_2392,2,3,2,1,1,2,"[2, 2, 2, 2, 2, 2, 2, 2]"
tid_2398,2,3,2,1,1,1,"[2, 2, 2, 2, 2, 2, 2, 2]"
tid_2399,2,3,2,2,2,2,"[2, 2, 2, 2, 2, 2, 2, 2]"
tid_240,1,1,1,1,1,1,"[1, 1, 1, 1, 1, 1, 1, 1]"
tid_2400,3,0,3,2,2,3,"[3, 3, 3, 3, 3, 3, 3, 3]"
tid_2401,0,2,0,1,1,1,"[0, 0, 0, 0, 0, 0, 0, 0]"
tid_2402,2,3,2,2,2,2,"[2, 2, 2, 2, 2, 2, 2, 2]"
tid_2407,1,1,1,1,1,1,"[1, 1, 1, 1, 1, 1, 0, 1]"
tid_2408,0,2,0,1,1,1,"[0, 1, 0, 1, 1, 1, 1, 1]"
tid_241,3,0,3,1,1,3,"[2, 3, 3, 3, 3, 3, 2, 3]"
tid_2410,1,1,1,1,1,1,"[1, 1, 1, 1, 1, 1, 1, 1]"
tid_2411,1,1,1,1,1,1,"[1, 1, 1, 1, 1, 1, 1, 1]"
tid_2412,1,1,1,1,1,1,"[1, 1, 1, 1, 1, 1, 1, 1]"
tid_242,1,1,1,1,1,1,"[1, 1, 1, 1, 1, 1, 1, 1]"
tid_2422,1,1,1,1,1,1,"[1, 1, 1, 1, 1, 1, 1, 1]"
tid_2423,3,0,3,3,3,3,"[3, 3, 3, 3, 3, 3, 3, 3]"
tid_2424,2,3,2,2,2,2,"[2, 2, 2, 2, 2, 2, 2, 2]"
tid_2425,2,3,2,2,2,2,"[2, 2, 2, 2, 2, 2, 2, 2]"
tid_2426,3,0,3,3,3,3,"[3, 3, 3, 3, 3, 3, 3, 3]"
tid_2427,2,3,2,2,2,2,"[2, 2, 2, 2, 2, 2, 2, 2]"
tid_2428,3,0,3,3,3,3,"[3, 3, 3, 3, 3, 3, 3, 3]"
tid_2429,2,3,2,2,2,2,"[2, 2, 2, 2, 2, 2, 2, 2]"
tid_243,1,1,1,1,1,1,"[1, 1, 1, 1, 1, 1, 1, 1]"
tid_2430,1,1,1,1,1,1,"[0, 1, 0, 1, 1, 1, 1, 1]"
tid_2431,2,3,2,2,2,2,"[2, 2, 2, 2, 2, 2, 2, 2]"
tid_2432,1,1,1,1,1,1,"[0, 1, 0, 1, 1, 1, 0, 1]"
tid_2436,0,2,0,1,1,1,"[0, 0, 0, 0, 0, 0, 0, 0]"
tid_2441,3,0,3,3,3,3,"[3, 3, 3, 3, 3, 3, 3, 3]"
tid_2442,3,0,3,3,3,3,"[3, 3, 3, 3, 3, 3, 3, 3]"
tid_2444,3,0,3,3,3,3,"[3, 3, 3, 3, 3, 3, 3, 3]"
tid_2445,2,3,2,1,1,1,"[2, 2, 2, 1, 2, 1, 2, 1]"
tid_2447,1,1,1,1,1,1,"[0, 1, 0, 1, 1, 1, 1, 1]"
tid_2450,3,0,3,3,3,3,"[3, 3, 3, 3, 3, 3, 3, 3]"
tid_2457,3,0,3,3,3,3,"[3, 3, 3, 3, 3, 3, 3, 3]"
tid_2459,3,0,3,3,3,3,"[3, 3, 3, 3, 3, 3, 3, 3]"
tid_2460,3,0,3,3,3,3,"[3, 3, 3, 3, 3, 3, 3, 3]"
tid_25,2,3,2,2,2,2,"[2, 2, 2, 2, 2, 2, 2, 2]"
tid_2587,1,1,1,2,2,1,"[1, 1, 1, 1, 1, 1, 1, 1]"
tid_2588,1,1,1,2,2,1,"[1, 1, 1, 1, 1, 1, 1, 1]"
tid_26,2,3,2,2,2,2,"[2, 2, 2, 2, 2, 2, 2, 2]"
tid_2618,1,1,1,1,1,1,"[1, 1, 1, 1, 1, 1, 1, 1]"
tid_2619,2,3,2,2,2,1,"[2, 1, 2, 2, 2, 1, 2, 2]"
tid_2620,2,3,2,2,2,2,"[2, 2, 2, 2, 2, 2, 2, 2]"
tid_2621,2,3,2,2,2,2,"[2, 2, 2, 2, 2, 2, 2, 2]"
tid_2644,2,3,2,2,2,2,"[2, 2, 2, 2, 2, 2, 2, 2]"
tid_2646,2,3,2,2,2,2,"[2, 2, 2, 2, 2, 2, 2, 2]"
tid_2647,2,3,2,2,2,2,"[2, 2, 2, 2, 2, 2, 2, 2]"
tid_2648,0,2,0,1,1,1,"[0, 0, 0, 0, 0, 0, 0, 0]"
tid_2649,2,3,2,2,2,2,"[2, 2, 2, 2, 2, 2, 2, 2]"
tid_2651,2,3,2,2,2,2,"[2, 2, 2, 2, 2, 2, 2, 2]"
tid_2652,2,3,2,1,1,2,"[2, 2, 2, 2, 2, 2, 2, 2]"
tid_269,2,3,2,2,2,2,"[2, 2, 2, 2, 2, 2, 2, 2]"
tid_27,2,3,2,2,2,2,"[2, 2, 2, 2, 2, 2, 2, 2]"
tid_270,2,3,2,2,2,2,"[2, 2, 2, 2, 2, 2, 2, 2]"
tid_271,3,0,3,2,2,2,"[2, 3, 3, 3, 3, 3, 2, 3]"
tid_2710,1,1,1,2,2,1,"[1, 1, 1, 1, 1, 1, 1, 1]"
tid_272,0,2,0,1,1,1,"[0, 1, 1, 0, 0, 1, 0, 0]"
tid_274,2,3,2,2,2,2,"[2, 2, 2, 2, 2, 2, 2, 2]"
tid_275,1,1,1,1,1,1,"[1, 1, 1, 1, 1, 1, 1, 1]"
tid_276,1,1,1,1,1,1,"[2, 1, 1, 1, 1, 1, 1, 2]"
tid_277,1,1,1,1,1,1,"[0, 1, 1, 1, 1, 1, 1, 1]"
tid_278,0,2,0,2,2,2,"[0, 0, 0, 0, 0, 0, 0, 0]"
tid_279,1,1,1,1,1,1,"[0, 1, 1, 1, 1, 1, 1, 1]"
tid_28,0,2,0,2,2,0,"[0, 0, 0, 0, 0, 0, 0, 0]"
tid_280,1,1,1,1,1,1,"[1, 1, 1, 1, 1, 1, 1, 1]"
tid_2808,2,3,2,2,2,2,"[2, 2, 2, 2, 2, 2, 2, 2]"
tid_2809,0,2,0,2,2,2,"[0, 0, 0, 0, 0, 2, 0, 0]"
tid_281,1,1,1,1,1,1,"[0, 1, 1, 1, 1, 1, 1, 1]"
tid_2813,1,1,1,1,1,1,"[1, 1, 1, 1, 1, 1, 1, 1]"
tid_2814,2,3,2,2,2,2,"[2, 2, 2, 2, 2, 2, 2, 2]"
tid_282,1,1,1,1,1,1,"[0, 1, 1, 1, 1, 1, 1, 1]"
tid_283,2,3,2,1,1,1,"[0, 1, 1, 2, 2, 1, 2, 2]"
tid_284,2,3,2,2,2,2,"[2, 2, 2, 2, 2, 2, 2, 2]"
tid_285,1,1,1,1,1,1,"[1, 1, 1, 1, 1, 1, 1, 1]"
tid_287,0,2,0,1,1,1,"[0, 1, 0, 0, 1, 1, 0, 0]"
tid_2872,3,0,3,3,3,3,"[3, 3, 3, 3, 3, 3, 3, 3]"
tid_2876,0,2,0,0,0,0,"[0, 0, 0, 0, 0, 0, 0, 0]"
tid_2879,3,0,3,3,3,3,"[3, 3, 3, 3, 3, 3, 3, 3]"
tid_2880,3,0,3,3,3,3,"[3, 3, 3, 3, 3, 3, 3, 3]"
tid_2881,0,2,0,0,0,0,"[0, 0, 0, 0, 0, 0, 0, 0]"
tid_2882,3,0,3,3,3,3,"[3, 3, 3, 3, 3, 3, 3, 3]"
tid_2883,1,1,1,2,2,1,"[0, 1, 0, 1, 1, 1, 1, 1]"
tid_2884,2,3,2,2,2,2,"[2, 2, 2, 2, 2, 2, 2, 2]"
tid_2885,0,2,0,1,1,1,"[0, 0, 0, 0, 0, 0, 0, 0]"
tid_2886,2,3,2,2,2,2,"[2, 2, 2, 2, 2, 2, 2, 2]"
tid_2887,2,3,2,2,2,2,"[2, 2, 2, 2, 2, 2, 2, 2]"
tid_289,2,3,2,1,1,2,"[2, 2, 2, 2, 2, 2, 2, 2]"
tid_29,2,3,2,2,2,2,"[2, 2, 2, 2, 2, 2, 2, 2]"
tid_290,1,1,1,1,1,1,"[0, 1, 1, 0, 1, 1, 1, 1]"
tid_292,0,2,0,1,1,0,"[0, 0, 0, 0, 0, 1, 1, 0]"
tid_293,0,2,0,1,1,1,"[0, 1, 1, 0, 0, 1, 1, 1]"
tid_294,2,3,2,2,2,2,"[2, 2, 2, 2, 2, 2, 2, 2]"
tid_295,1,1,1,1,1,1,"[1, 1, 1, 1, 1, 1, 1, 1]"
tid_296,1,1,1,1,1,1,"[1, 1, 1, 1, 1, 1, 1, 1]"
tid_298,2,3,2,2,2,2,"[2, 2, 2, 2, 2, 2, 2, 2]"
tid_3,2,3,2,1,1,2,"[2, 2, 2, 2, 2, 1, 2, 2]"
tid_30,0,2,0,0,0,0,"[0, 0, 0, 0, 0, 0, 0, 0]"
tid_300,2,3,2,1,1,1,"[2, 1, 1, 2, 1, 1, 2, 2]"
tid_3005,2,3,2,2,2,2,"[2, 2, 2, 2, 2, 2, 2, 2]"
tid_3009,2,3,2,2,2,2,"[2, 2, 2, 2, 2, 2, 2, 2]"
tid_301,0,2,0,2,2,2,"[0, 0, 0, 2, 0, 2, 0, 0]"
tid_3011,2,3,2,2,2,2,"[2, 2, 2, 2, 2, 2, 2, 2]"
tid_3012,1,1,1,1,1,1,"[0, 1, 1, 1, 1, 1, 1, 1]"
tid_3013,2,3,2,2,2,2,"[2, 2, 2, 2, 2, 2, 2, 2]"
tid_302,2,3,2,1,1,2,"[2, 2, 2, 2, 2, 1, 2, 2]"
tid_303,2,3,2,2,2,2,"[2, 2, 2, 2, 2, 2, 2, 2]"
tid_304,1,1,1,1,1,1,"[0, 1, 1, 1, 1, 1, 1, 1]"
tid_305,1,1,1,1,1,1,"[0, 1, 1, 1, 1, 1, 1, 0]"
tid_307,2,3,2,2,2,2,"[2, 2, 2, 2, 2, 2, 2, 2]"
tid_308,2,3,2,2,2,2,"[2, 2, 2, 2, 2, 2, 2, 2]"
tid_309,2,3,2,2,2,2,"[2, 2, 2, 2, 2, 2, 2, 2]"
tid_31,0,2,0,1,1,2,"[0, 0, 0, 0, 0, 1, 0, 0]"
tid_312,3,0,3,3,3,3,"[3, 3, 3, 3, 3, 3, 3, 3]"
tid_314,0,2,0,1,1,1,"[0, 1, 0, 1, 0, 1, 1, 1]"
tid_316,3,0,3,3,3,3,"[3, 3, 3, 3, 3, 3, 3, 3]"
tid_317,1,1,1,1,1,1,"[0, 1, 1, 1, 0, 1, 1, 1]"
tid_318,3,0,3,3,3,3,"[3, 3, 3, 3, 3, 3, 3, 3]"
tid_319,1,1,1,3,3,3,"[1, 3, 2, 1, 1, 1, 2, 1]"
tid_32,0,2,0,1,1,1,"[0, 0, 0, 0, 0, 1, 1, 0]"
tid_320,2,3,2,1,1,2,"[2, 1, 2, 2, 2, 1, 2, 2]"
tid_321,1,1,1,1,1,1,"[0, 1, 1, 1, 1, 1, 1, 1]"
tid_323,2,3,2,1,1,2,"[2, 2, 2, 2, 2, 1, 2, 2]"
tid_324,2,3,2,1,1,2,"[2, 2, 2, 2, 2, 2, 2, 2]"
tid_325,3,0,3,3,3,3,"[3, 3, 3, 3, 3, 3, 3, 3]"
tid_326,0,2,0,1,1,0,"[0, 0, 0, 0, 0, 0, 0, 0]"
tid_327,3,0,3,3,3,3,"[3, 3, 3, 3, 3, 3, 3, 3]"
tid_329,0,2,0,1,1,0,"[0, 0, 0, 0, 0, 0, 0, 0]"
tid_33,0,2,0,1,1,0,"[0, 0, 0, 0, 0, 0, 0, 0]"
tid_330,3,0,3,3,3,3,"[3, 3, 3, 3, 3, 3, 3, 3]"
tid_331,1,1,1,2,2,1,"[1, 1, 2, 1, 1, 1, 2, 1]"
tid_332,3,0,3,3,3,3,"[3, 3, 3, 3, 3, 3, 3, 3]"
tid_333,3,0,3,3,3,3,"[3, 3, 3, 3, 3, 3, 3, 3]"
tid_334,3,0,3,3,3,3,"[3, 3, 3, 3, 3, 3, 3, 3]"
tid_335,1,1,1,1,1,1,"[1, 1, 1, 1, 1, 1, 1, 1]"
tid_336,1,1,1,1,1,1,"[1, 1, 1, 1, 1, 1, 1, 1]"
tid_337,0,2,0,1,1,1,"[0, 0, 0, 0, 0, 1, 0, 1]"
tid_338,3,0,3,3,3,3,"[3, 3, 3, 3, 3, 3, 3, 3]"
tid_339,0,2,0,1,1,1,"[0, 0, 0, 0, 0, 1, 0, 0]"
tid_34,0,2,0,1,1,0,"[0, 0, 0, 0, 0, 0, 0, 0]"
tid_340,3,0,3,3,3,3,"[3, 3, 3, 3, 3, 3, 3, 3]"
tid_341,3,0,3,3,3,3,"[3, 3, 2, 3, 3, 3, 3, 3]"
tid_342,1,1,1,1,1,1,"[1, 1, 1, 1, 1, 1, 1, 1]"
tid_343,0,2,0,1,1,1,"[0, 1, 0, 0, 0, 0, 0, 0]"
tid_345,0,2,0,0,0,0,"[0, 0, 0, 0, 0, 0, 0, 0]"
tid_346,0,2,0,0,0,0,"[0, 0, 0, 0, 0, 0, 0, 0]"
tid_347,0,2,0,0,0,0,"[0, 0, 0, 0, 0, 0, 0, 0]"
tid_348,0,2,0,0,0,0,"[0, 0, 0, 0, 0, 0, 0, 0]"
tid_349,0,2,0,0,0,0,"[0, 0, 0, 0, 0, 0, 0, 0]"
tid_35,0,2,0,0,0,0,"[0, 0, 0, 0, 0, 0, 0, 0]"
tid_351,0,2,0,0,0,0,"[0, 0, 0, 0, 0, 0, 0, 0]"
tid_352,0,2,0,0,0,0,"[0, 0, 0, 0, 0, 0, 0, 0]"
tid_354,2,3,2,2,2,2,"[2, 2, 2, 2, 2, 2, 2, 2]"
tid_355,2,3,2,2,2,2,"[2, 2, 2, 2, 2, 2, 2, 2]"
tid_356,2,3,2,2,2,2,"[2, 2, 2, 2, 2, 2, 2, 2]"
tid_357,2,3,2,2,2,2,"[2, 2, 2, 2, 2, 2, 2, 2]"
tid_358,0,2,0,1,1,1,"[0, 1, 0, 1, 0, 1, 0, 0]"
tid_359,2,3,2,1,1,2,"[0, 2, 2, 2, 2, 2, 2, 2]"
tid_36,0,2,0,1,1,0,"[0, 0, 0, 0, 0, 0, 0, 0]"
tid_360,2,3,2,1,1,2,"[2, 2, 2, 2, 2, 1, 2, 2]"
tid_361,2,3,2,1,1,2,"[2, 2, 2, 2, 2, 2, 2, 2]"
tid_362,2,3,2,2,2,2,"[2, 2, 2, 2, 2, 2, 2, 2]"
tid_363,2,3,2,1,1,2,"[0, 2, 2, 2, 2, 2, 2, 2]"
tid_364,0,2,0,0,0,0,"[0, 0, 0, 0, 0, 0, 0, 0]"
tid_365,2,3,2,1,1,2,"[2, 2, 2, 2, 2, 2, 2, 2]"
tid_366,2,3,2,1,1,2,"[2, 2, 2, 2, 2, 2, 2, 2]"
tid_367,0,2,0,1,1,2,"[0, 2, 0, 0, 2, 2, 0, 0]"
tid_368,2,3,2,2,2,2,"[2, 2, 2, 2, 2, 2, 2, 2]"
tid_369,2,3,2,2,2,2,"[2, 2, 2, 2, 2, 2, 2, 2]"
tid_37,0,2,0,1,1,0,"[0, 0, 0, 0, 0, 0, 0, 0]"
tid_370,2,3,2,2,2,2,"[2, 3, 2, 3, 3, 2, 2, 3]"
tid_371,0,2,0,2,2,0,"[0, 0, 0, 0, 0, 0, 0, 0]"
tid_372,0,2,0,1,1,0,"[0, 0, 0, 0, 0, 0, 0, 0]"
tid_373,2,3,2,2,2,2,"[2, 2, 2, 2, 2, 2, 2, 2]"
tid_374,2,3,2,2,2,2,"[2, 2, 2, 2, 2, 2, 2, 2]"
tid_375,2,3,2,2,2,2,"[2, 2, 2, 2, 2, 2, 2, 2]"
tid_376,2,3,2,1,1,2,"[2, 2, 2, 2, 2, 2, 2, 2]"
tid_377,1,1,1,1,1,1,"[2, 1, 1, 1, 1, 1, 1, 1]"
tid_378,0,2,0,1,1,0,"[0, 0, 0, 0, 0, 0, 0, 0]"
tid_379,2,3,2,2,2,2,"[2, 2, 2, 2, 2, 2, 2, 2]"
tid_38,2,3,2,2,2,2,"[2, 2, 2, 2, 2, 2, 2, 2]"
tid_380,2,3,2,2,2,2,"[2, 2, 2, 2, 2, 2, 2, 2]"
tid_381,2,3,2,1,1,2,"[0, 2, 2, 2, 1, 1, 2, 2]"
tid_382,2,3,2,2,2,2,"[2, 2, 2, 2, 2, 2, 2, 2]"
tid_383,0,2,0,1,1,1,"[0, 0, 0, 0, 0, 1, 0, 1]"
tid_384,1,1,1,1,1,1,"[0, 1, 1, 1, 1, 1, 1, 1]"
tid_385,2,3,2,2,2,2,"[2, 2, 2, 2, 2, 2, 2, 2]"
tid_386,2,3,2,2,2,2,"[2, 2, 2, 2, 2, 2, 2, 2]"
tid_387,2,3,2,2,2,2,"[2, 2, 2, 2, 2, 2, 2, 2]"
tid_388,0,2,0,0,0,0,"[0, 0, 0, 0, 0, 0, 0, 0]"
tid_39,0,2,0,0,0,0,"[0, 0, 0, 0, 0, 0, 0, 0]"
tid_390,2,3,2,2,2,2,"[2, 2, 2, 2, 2, 2, 2, 2]"
tid_391,2,3,2,2,2,2,"[2, 2, 2, 2, 2, 2, 2, 2]"
tid_392,1,1,1,1,1,1,"[0, 1, 1, 1, 1, 1, 0, 1]"
tid_393,0,2,0,1,1,1,"[0, 0, 0, 0, 0, 1, 0, 1]"
tid_395,0,2,0,1,1,2,"[0, 0, 0, 0, 0, 1, 0, 0]"
tid_396,2,3,2,1,1,2,"[0, 2, 2, 2, 2, 2, 2, 2]"
tid_397,2,3,2,2,2,2,"[0, 2, 2, 2, 2, 2, 2, 2]"
tid_398,2,3,2,1,1,2,"[2, 2, 1, 1, 1, 1, 2, 2]"
tid_4,0,2,0,0,0,0,"[0, 0, 0, 0, 0, 0, 0, 0]"
tid_40,2,3,2,2,2,2,"[2, 2, 2, 2, 2, 2, 2, 2]"
tid_402,0,2,0,0,0,0,"[0, 0, 0, 0, 0, 0, 0, 0]"
tid_403,0,2,0,0,0,0,"[0, 0, 0, 0, 0, 0, 0, 0]"
tid_404,0,2,0,1,1,1,"[0, 1, 0, 0, 1, 1, 0, 0]"
tid_405,0,2,0,0,0,0,"[0, 0, 0, 0, 0, 0, 0, 0]"
tid_41,0,2,0,1,1,0,"[0, 0, 0, 0, 0, 0, 0, 0]"
tid_410,0,2,0,0,0,0,"[0, 0, 0, 0, 0, 0, 0, 0]"
tid_414,0,2,0,0,0,0,"[0, 0, 0, 0, 0, 0, 0, 0]"
tid_416,0,2,0,0,0,0,"[0, 0, 0, 0, 0, 0, 0, 0]"
tid_418,2,3,2,2,2,2,"[2, 2, 2, 2, 2, 2, 2, 2]"
tid_419,2,3,2,2,2,2,"[2, 2, 2, 2, 2, 2, 2, 2]"
tid_42,0,2,0,0,0,0,"[0, 0, 0, 0, 0, 0, 0, 0]"
tid_420,2,3,2,2,2,2,"[2, 2, 2, 2, 2, 2, 2, 2]"
tid_421,2,3,2,2,2,2,"[2, 2, 2, 2, 2, 2, 2, 2]"
tid_422,2,3,2,2,2,2,"[2, 2, 2, 2, 2, 2, 2, 2]"
tid_423,0,2,0,1,1,2,"[0, 1, 0, 0, 0, 0, 0, 0]"
tid_424,2,3,2,1,1,2,"[2, 2, 2, 2, 2, 2, 2, 2]"
tid_425,2,3,2,1,1,2,"[2, 2, 2, 2, 2, 2, 2, 2]"
tid_428,1,1,1,1,1,1,"[0, 1, 1, 1, 1, 1, 1, 1]"
tid_429,2,3,2,1,1,2,"[2, 1, 1, 2, 2, 1, 1, 2]"
tid_43,0,2,0,1,1,1,"[0, 1, 1, 1, 0, 1, 0, 0]"
tid_430,0,2,0,2,2,2,"[0, 0, 0, 0, 0, 0, 0, 0]"
tid_431,2,3,2,2,2,2,"[2, 2, 2, 2, 2, 2, 2, 2]"
tid_432,2,3,2,1,1,2,"[2, 2, 2, 2, 2, 2, 2, 2]"
tid_433,2,3,2,2,2,2,"[2, 2, 2, 2, 2, 2, 2, 2]"
tid_434,2,3,2,1,1,2,"[2, 1, 1, 2, 2, 1, 2, 2]"
tid_435,0,2,0,1,1,1,"[0, 0, 0, 0, 1, 1, 0, 0]"
tid_436,0,2,0,1,1,1,"[0, 1, 0, 0, 0, 0, 0, 0]"
tid_437,1,1,1,1,1,1,"[1, 1, 1, 1, 1, 1, 1, 1]"
tid_438,0,2,0,1,1,1,"[0, 0, 0, 0, 0, 1, 0, 0]"
tid_44,2,3,2,2,2,2,"[2, 2, 2, 2, 2, 2, 2, 2]"
tid_440,2,3,2,2,2,2,"[2, 2, 2, 2, 2, 2, 2, 2]"
tid_441,1,1,1,1,1,1,"[0, 1, 1, 1, 1, 1, 1, 1]"
tid_442,1,1,1,1,1,1,"[0, 1, 1, 1, 1, 1, 1, 1]"
tid_443,2,3,2,2,2,2,"[2, 2, 2, 2, 2, 2, 2, 2]"
tid_445,1,1,1,1,1,1,"[0, 1, 1, 1, 1, 1, 1, 1]"
tid_446,2,3,2,1,1,2,"[0, 2, 2, 2, 2, 2, 2, 2]"
tid_447,1,1,1,1,1,1,"[0, 1, 1, 1, 1, 1, 1, 1]"
tid_448,2,3,2,2,2,2,"[2, 2, 2, 2, 2, 2, 2, 2]"
tid_449,1,1,1,1,1,1,"[1, 1, 1, 1, 1, 1, 1, 1]"
tid_45,0,2,0,1,1,0,"[0, 0, 0, 0, 0, 0, 0, 0]"
tid_450,2,3,2,2,2,2,"[2, 2, 2, 2, 2, 2, 2, 2]"
tid_451,1,1,1,1,1,1,"[2, 1, 1, 1, 1, 1, 1, 1]"
tid_452,1,1,1,1,1,1,"[1, 1, 1, 1, 1, 1, 1, 1]"
tid_456,1,1,1,1,1,1,"[1, 1, 1, 1, 1, 1, 1, 1]"
tid_458,0,2,0,1,1,1,"[0, 0, 0, 0, 0, 1, 0, 0]"
tid_459,0,2,0,1,1,1,"[0, 0, 0, 0, 0, 1, 0, 0]"
tid_46,0,2,0,1,1,1,"[0, 0, 0, 1, 0, 1, 0, 0]"
tid_460,1,1,1,1,1,1,"[0, 1, 0, 2, 2, 1, 1, 1]"
tid_47,0,2,0,0,0,0,"[0, 0, 0, 0, 0, 0, 0, 0]"
tid_478,2,3,2,2,2,2,"[2, 2, 2, 2, 2, 2, 2, 2]"
tid_479,2,3,2,2,2,2,"[2, 2, 2, 2, 2, 2, 2, 2]"
tid_48,0,2,0,0,0,0,"[0, 0, 0, 0, 0, 0, 0, 0]"
tid_480,2,3,2,2,2,2,"[2, 2, 2, 2, 2, 2, 2, 2]"
tid_481,2,3,2,2,2,2,"[2, 2, 2, 2, 2, 2, 2, 2]"
tid_482,2,3,2,2,2,2,"[2, 2, 2, 2, 2, 2, 2, 2]"
tid_484,0,2,0,0,0,0,"[0, 0, 0, 0, 0, 0, 0, 0]"
tid_485,0,2,0,0,0,0,"[0, 0, 0, 0, 0, 0, 0, 0]"
tid_486,0,2,0,2,2,2,"[0, 0, 0, 0, 0, 2, 0, 0]"
tid_487,0,2,0,0,0,0,"[0, 0, 0, 0, 0, 0, 0, 0]"
tid_489,1,1,1,1,1,1,"[1, 1, 1, 1, 1, 1, 1, 1]"
tid_49,0,2,0,2,2,0,"[0, 0, 0, 0, 0, 1, 0, 0]"
tid_490,0,2,0,0,0,0,"[0, 0, 0, 0, 0, 0, 0, 0]"
tid_491,0,2,0,0,0,0,"[0, 0, 0, 0, 0, 0, 0, 0]"
tid_492,0,2,0,0,0,0,"[0, 0, 0, 0, 0, 0, 0, 0]"
tid_493,1,1,1,1,1,1,"[0, 1, 1, 1, 1, 1, 1, 1]"
tid_494,0,2,0,1,1,0,"[0, 0, 0, 0, 0, 0, 0, 0]"
tid_495,1,1,1,1,1,1,"[0, 1, 1, 1, 1, 1, 1, 1]"
tid_496,0,2,0,1,1,0,"[0, 0, 0, 0, 0, 0, 0, 0]"
tid_497,2,3,2,1,1,2,"[2, 2, 2, 2, 2, 2, 2, 2]"
tid_498,0,2,0,0,0,0,"[0, 0, 0, 0, 0, 0, 0, 0]"
tid_499,0,2,0,0,0,0,"[0, 0, 0, 0, 0, 0, 0, 0]"
tid_5,0,2,0,1,1,0,"[0, 0, 0, 0, 0, 0, 0, 0]"
tid_50,0,2,0,0,0,0,"[0, 0, 0, 0, 0, 0, 0, 0]"
tid_501,0,2,0,1,1,1,"[0, 0, 0, 0, 0, 1, 0, 0]"
tid_504,2,3,2,2,2,2,"[2, 2, 2, 2, 2, 2, 2, 2]"
tid_505,1,1,1,1,1,1,"[1, 1, 1, 1, 1, 1, 1, 1]"
tid_506,2,3,2,2,2,2,"[2, 1, 2, 2, 2, 1, 2, 2]"
tid_507,2,3,2,2,2,2,"[2, 2, 2, 2, 2, 2, 2, 2]"
tid_508,2,3,2,2,2,2,"[2, 2, 2, 2, 2, 2, 2, 2]"
tid_509,2,3,2,2,2,2,"[2, 2, 2, 2, 2, 2, 2, 2]"
tid_51,0,2,0,2,2,0,"[0, 0, 0, 0, 0, 0, 0, 0]"
tid_510,2,3,2,2,2,1,"[2, 1, 2, 2, 2, 1, 2, 2]"
tid_511,0,2,0,1,1,1,"[0, 1, 0, 0, 0, 1, 0, 0]"
tid_512,1,1,1,1,1,1,"[1, 1, 1, 1, 1, 1, 1, 1]"
tid_515,0,2,0,1,1,0,"[0, 0, 0, 0, 0, 0, 0, 0]"
tid_517,0,2,0,1,1,1,"[0, 0, 0, 0, 0, 0, 0, 0]"
tid_518,1,1,1,2,2,1,"[2, 1, 1, 2, 1, 1, 1, 2]"
tid_52,0,2,0,1,1,1,"[0, 0, 0, 0, 0, 0, 0, 0]"
tid_521,1,1,1,1,1,1,"[0, 1, 1, 1, 1, 1, 1, 1]"
tid_522,1,1,1,1,1,1,"[1, 1, 1, 1, 1, 1, 0, 0]"
tid_523,1,1,1,1,1,1,"[1, 1, 0, 1, 1, 1, 1, 1]"
tid_524,1,1,1,1,1,1,"[0, 1, 0, 0, 0, 1, 1, 0]"
tid_525,1,1,1,1,1,1,"[1, 1, 1, 1, 1, 1, 1, 1]"
tid_527,2,3,2,2,2,2,"[2, 2, 2, 2, 2, 2, 2, 2]"
tid_529,1,1,1,1,1,1,"[2, 1, 1, 1, 1, 1, 2, 1]"
tid_53,0,2,0,0,0,0,"[0, 0, 0, 0, 0, 0, 0, 0]"
tid_530,0,2,0,1,1,1,"[0, 1, 0, 1, 1, 1, 0, 0]"
tid_532,1,1,1,1,1,1,"[1, 1, 1, 1, 1, 1, 1, 1]"
tid_533,1,1,1,1,1,1,"[1, 1, 1, 1, 1, 1, 1, 1]"
tid_534,0,2,0,1,1,1,"[0, 1, 0, 0, 1, 1, 1, 1]"
tid_535,1,1,1,1,1,1,"[0, 1, 1, 1, 1, 1, 1, 1]"
tid_537,1,1,1,1,1,1,"[0, 1, 1, 1, 1, 1, 1, 1]"
tid_538,1,1,1,1,1,1,"[1, 1, 1, 1, 1, 1, 1, 1]"
tid_539,0,2,0,1,1,1,"[0, 1, 0, 0, 0, 1, 1, 1]"
tid_54,0,2,0,0,0,0,"[0, 0, 0, 0, 0, 0, 0, 0]"
tid_540,0,2,0,1,1,1,"[0, 1, 0, 0, 1, 1, 0, 1]"
tid_541,1,1,1,1,1,1,"[1, 1, 1, 1, 1, 1, 1, 1]"
tid_543,2,3,2,1,1,2,"[2, 2, 2, 2, 2, 1, 2, 2]"
tid_544,1,1,1,1,1,1,"[1, 1, 1, 1, 1, 1, 1, 1]"
tid_545,0,2,0,1,1,1,"[0, 1, 0, 0, 0, 1, 0, 0]"
tid_547,2,3,2,1,1,2,"[2, 2, 2, 2, 2, 1, 2, 2]"
tid_548,1,1,1,1,1,1,"[0, 1, 1, 1, 1, 1, 1, 1]"
tid_55,0,2,0,1,1,0,"[0, 0, 0, 0, 0, 0, 0, 0]"
tid_550,1,1,1,1,1,1,"[0, 1, 1, 0, 1, 1, 0, 1]"
tid_552,1,1,1,1,1,1,"[0, 1, 1, 1, 1, 1, 1, 0]"
tid_557,1,1,1,1,1,1,"[1, 1, 1, 1, 1, 1, 1, 1]"
tid_559,0,2,0,1,1,1,"[0, 1, 1, 1, 1, 1, 1, 1]"
tid_56,0,2,0,1,1,0,"[0, 0, 0, 0, 0, 0, 0, 0]"
tid_561,1,1,1,1,1,1,"[2, 1, 1, 1, 1, 1, 2, 2]"
tid_563,1,1,1,1,1,1,"[1, 1, 1, 1, 1, 1, 1, 1]"
tid_564,1,1,1,1,1,1,"[0, 1, 1, 1, 1, 1, 1, 1]"
tid_565,0,2,0,1,1,1,"[0, 0, 1, 1, 1, 1, 1, 0]"
tid_566,1,1,1,1,1,1,"[1, 1, 1, 1, 1, 1, 1, 1]"
tid_569,1,1,1,1,1,1,"[1, 1, 1, 1, 1, 1, 1, 1]"
tid_57,0,2,0,2,2,2,"[0, 0, 0, 0, 0, 2, 0, 0]"
tid_571,1,1,1,1,1,1,"[1, 1, 1, 1, 1, 1, 0, 1]"
tid_572,1,1,1,1,1,1,"[1, 1, 1, 1, 1, 1, 1, 1]"
tid_574,1,1,1,1,1,1,"[1, 1, 1, 1, 1, 1, 1, 1]"
tid_578,0,2,0,2,2,2,"[0, 0, 0, 0, 0, 2, 1, 1]"
tid_579,2,3,2,2,2,2,"[2, 2, 2, 2, 2, 1, 2, 2]"
tid_58,1,1,1,1,1,1,"[0, 1, 1, 1, 1, 1, 1, 1]"
tid_580,3,0,3,3,3,3,"[3, 3, 3, 3, 3, 3, 3, 3]"
tid_581,2,3,2,2,2,2,"[2, 2, 2, 2, 2, 2, 2, 2]"
tid_582,3,0,3,3,3,3,"[3, 3, 3, 3, 3, 3, 3, 3]"
tid_583,2,3,2,1,1,2,"[2, 2, 2, 2, 2, 2, 2, 2]"
tid_584,2,3,2,1,1,2,"[2, 2, 2, 2, 2, 1, 2, 2]"
tid_585,2,3,2,2,2,2,"[2, 2, 2, 2, 2, 2, 2, 2]"
tid_586,0,2,0,1,1,1,"[0, 0, 0, 0, 0, 1, 0, 0]"
tid_587,0,2,0,0,0,0,"[0, 0, 0, 0, 0, 0, 0, 0]"
tid_588,3,0,3,3,3,3,"[3, 3, 3, 3, 3, 3, 3, 3]"
tid_589,1,1,1,1,1,1,"[0, 1, 0, 1, 1, 1, 1, 1]"
tid_59,0,2,0,0,0,0,"[0, 0, 0, 0, 0, 0, 0, 0]"
tid_591,1,1,1,1,1,1,"[1, 1, 1, 1, 1, 1, 1, 1]"
tid_592,0,2,0,1,1,0,"[0, 0, 0, 0, 0, 0, 0, 1]"
tid_594,1,1,1,1,1,1,"[1, 1, 1, 1, 1, 1, 1, 1]"
tid_595,1,1,1,1,1,1,"[1, 1, 1, 1, 1, 1, 1, 1]"
tid_598,1,1,1,1,1,1,"[0, 1, 1, 1, 1, 1, 1, 1]"
tid_599,2,3,2,1,1,2,"[2, 2, 2, 2, 2, 2, 2, 2]"
tid_6,0,2,0,0,0,0,"[0, 0, 0, 0, 0, 0, 0, 0]"
tid_60,0,2,0,1,1,0,"[0, 0, 0, 0, 0, 0, 0, 0]"
tid_600,2,3,2,2,2,2,"[2, 2, 2, 2, 2, 2, 2, 2]"
tid_601,0,2,0,1,1,0,"[0, 0, 0, 0, 0, 0, 0, 0]"
tid_602,1,1,1,1,1,1,"[0, 1, 1, 1, 1, 1, 1, 1]"
tid_603,1,1,1,2,2,1,"[2, 1, 1, 1, 1, 1, 1, 1]"
tid_604,0,2,0,1,1,0,"[0, 0, 0, 0, 0, 0, 0, 0]"
tid_606,0,2,0,1,1,0,"[0, 0, 0, 0, 0, 1, 0, 0]"
tid_607,0,2,0,0,0,0,"[0, 0, 0, 0, 0, 0, 0, 0]"
tid_608,2,3,2,2,2,2,"[2, 2, 2, 2, 2, 2, 2, 2]"
tid_61,0,2,0,0,0,0,"[0, 0, 0, 0, 0, 0, 0, 0]"
tid_612,2,3,2,2,2,2,"[2, 2, 2, 2, 2, 2, 2, 2]"
tid_613,1,1,1,1,1,1,"[1, 1, 1, 1, 1, 1, 1, 1]"
tid_614,3,0,3,3,3,3,"[3, 3, 3, 3, 3, 3, 3, 3]"
tid_615,3,0,3,3,3,3,"[3, 3, 3, 3, 3, 3, 3, 3]"
tid_616,1,1,1,1,1,1,"[1, 1, 1, 1, 1, 1, 1, 1]"
tid_618,3,0,3,3,3,3,"[3, 3, 3, 3, 3, 3, 3, 3]"
tid_619,3,0,3,3,3,3,"[3, 3, 3, 3, 3, 3, 3, 3]"
tid_62,2,3,2,2,2,2,"[2, 2, 2, 2, 2, 2, 2, 2]"
tid_621,1,1,1,1,1,1,"[1, 1, 1, 1, 1, 1, 1, 1]"
tid_63,0,2,0,0,0,0,"[0, 0, 0, 0, 0, 0, 0, 0]"
tid_65,0,2,0,1,1,1,"[0, 0, 0, 0, 0, 0, 0, 0]"
tid_66,0,2,0,2,2,0,"[0, 0, 0, 0, 0, 0, 0, 0]"
tid_666,2,3,2,2,2,2,"[2, 2, 2, 2, 2, 2, 2, 2]"
tid_667,2,3,2,2,2,2,"[2, 2, 2, 2, 2, 2, 2, 2]"
tid_668,3,0,3,2,2,3,"[3, 3, 3, 3, 3, 3, 3, 3]"
tid_669,2,3,2,2,2,2,"[2, 2, 2, 2, 2, 2, 2, 2]"
tid_67,0,2,0,0,0,0,"[0, 0, 0, 0, 0, 0, 0, 0]"
tid_670,2,3,2,2,2,1,"[2, 1, 2, 2, 1, 1, 1, 1]"
tid_671,1,1,1,1,1,1,"[1, 1, 1, 1, 1, 1, 1, 1]"
tid_674,1,1,1,2,2,1,"[1, 1, 1, 1, 1, 1, 1, 1]"
tid_675,1,1,1,2,2,1,"[2, 1, 1, 1, 2, 1, 2, 2]"
tid_676,1,1,1,1,1,1,"[0, 1, 0, 1, 1, 1, 1, 1]"
tid_677,1,1,1,2,2,1,"[1, 1, 1, 1, 1, 1, 1, 1]"
tid_678,3,0,3,3,3,3,"[3, 3, 3, 3, 3, 3, 3, 3]"
tid_679,1,1,1,2,2,1,"[0, 1, 0, 1, 0, 1, 1, 1]"
tid_68,0,2,0,1,1,0,"[0, 0, 0, 0, 0, 0, 0, 0]"
tid_680,1,1,1,1,1,1,"[1, 1, 1, 1, 1, 1, 1, 1]"
tid_683,1,1,1,1,1,1,"[0, 1, 1, 1, 1, 1, 1, 1]"
tid_685,2,3,2,1,1,2,"[2, 1, 2, 2, 2, 2, 2, 2]"
tid_686,2,3,2,2,2,2,"[2, 2, 2, 2, 2, 2, 2, 2]"
tid_687,1,1,1,1,1,1,"[1, 1, 1, 1, 1, 1, 1, 1]"
tid_689,2,3,2,2,2,2,"[2, 2, 2, 2, 2, 1, 2, 2]"
tid_69,0,2,0,0,0,0,"[0, 0, 0, 0, 0, 0, 0, 0]"
tid_690,2,3,2,1,1,2,"[2, 2, 1, 2, 1, 1, 2, 2]"
tid_691,3,0,3,3,3,3,"[3, 3, 3, 3, 3, 3, 3, 3]"
tid_692,1,1,1,1,1,1,"[0, 1, 1, 1, 1, 1, 1, 1]"
tid_693,2,3,2,2,2,2,"[2, 2, 2, 2, 2, 2, 2, 2]"
tid_695,1,1,1,1,1,1,"[0, 1, 1, 1, 1, 1, 1, 1]"
tid_696,1,1,1,1,1,1,"[0, 1, 1, 1, 1, 1, 1, 1]"
tid_697,2,3,2,2,2,2,"[2, 2, 2, 2, 2, 1, 2, 2]"
tid_698,2,3,2,1,1,2,"[2, 2, 2, 2, 2, 2, 2, 2]"
tid_699,1,1,1,1,1,1,"[1, 1, 1, 1, 1, 1, 1, 1]"
tid_7,0,2,0,0,0,0,"[0, 0, 0, 0, 0, 0, 0, 0]"
tid_70,0,2,0,1,1,1,"[0, 1, 0, 0, 1, 1, 1, 1]"
tid_701,1,1,1,1,1,1,"[1, 1, 1, 1, 1, 1, 1, 1]"
tid_702,3,0,3,2,2,3,"[3, 3, 2, 3, 3, 3, 3, 3]"
tid_703,1,1,1,1,1,1,"[1, 1, 1, 1, 1, 1, 1, 1]"
tid_704,1,1,1,1,1,1,"[2, 1, 1, 1, 1, 1, 1, 1]"
tid_705,1,1,1,1,1,1,"[2, 1, 1, 1, 1, 1, 1, 1]"
tid_706,1,1,1,1,1,1,"[0, 1, 1, 1, 1, 1, 1, 1]"
tid_708,3,0,3,3,3,3,"[3, 3, 3, 3, 3, 3, 3, 3]"
tid_71,0,2,0,0,0,0,"[0, 0, 0, 0, 0, 0, 0, 0]"
tid_710,1,1,1,1,1,1,"[1, 1, 1, 1, 1, 1, 1, 1]"
tid_711,1,1,1,1,1,1,"[2, 1, 1, 1, 1, 1, 1, 1]"
tid_712,1,1,1,1,1,1,"[1, 1, 1, 1, 1, 1, 1, 1]"
tid_714,2,3,2,1,1,2,"[2, 2, 2, 2, 2, 2, 2, 2]"
tid_715,1,1,1,1,1,1,"[1, 1, 1, 1, 1, 1, 1, 1]"
tid_716,3,0,3,3,3,3,"[3, 3, 3, 3, 3, 3, 3, 3]"
tid_717,1,1,1,1,1,1,"[0, 1, 1, 1, 1, 1, 1, 1]"
tid_718,3,0,3,3,3,3,"[3, 3, 3, 3, 3, 3, 3, 3]"
tid_72,0,2,0,0,0,0,"[0, 0, 0, 0, 0, 0, 0, 0]"
tid_720,3,0,3,3,3,3,"[3, 3, 3, 3, 3, 3, 3, 3]"
tid_722,2,3,2,1,1,2,"[2, 2, 2, 2, 2, 2, 2, 2]"
tid_723,1,1,1,1,1,1,"[2, 1, 1, 2, 1, 1, 1, 1]"
tid_725,1,1,1,2,2,1,"[1, 1, 1, 1, 1, 1, 1, 1]"
tid_726,3,0,3,3,3,3,"[3, 3, 3, 3, 3, 3, 3, 3]"
tid_727,2,3,2,2,2,2,"[2, 2, 2, 2, 2, 2, 2, 2]"
tid_73,0,2,0,0,0,0,"[0, 0, 0, 0, 0, 0, 0, 0]"
tid_731,2,3,2,2,2,2,"[2, 2, 2, 2, 2, 2, 2, 2]"
tid_734,1,1,1,1,1,1,"[2, 1, 1, 1, 1, 1, 1, 1]"
tid_735,0,2,0,0,0,0,"[0, 0, 0, 0, 0, 0, 0, 0]"
tid_736,1,1,1,1,1,1,"[1, 1, 1, 1, 1, 1, 1, 1]"
tid_737,1,1,1,1,1,1,"[0, 1, 1, 1, 1, 1, 1, 1]"
tid_738,1,1,1,1,1,1,"[1, 1, 1, 1, 1, 1, 1, 1]"
tid_739,1,1,1,2,2,1,"[2, 1, 1, 1, 1, 1, 1, 1]"
tid_74,0,2,0,1,1,2,"[0, 0, 0, 0, 0, 0, 0, 0]"
tid_741,2,3,2,2,2,2,"[2, 2, 2, 2, 2, 2, 2, 2]"
tid_742,0,2,0,1,1,1,"[0, 0, 0, 1, 1, 1, 0, 1]"
tid_743,1,1,1,1,1,1,"[1, 1, 1, 1, 1, 1, 1, 1]"
tid_744,0,2,0,1,1,1,"[0, 0, 1, 1, 1, 1, 1, 1]"
tid_745,1,1,1,1,1,1,"[1, 1, 1, 1, 1, 1, 1, 1]"
tid_746,1,1,1,1,1,1,"[0, 1, 1, 1, 1, 1, 1, 1]"
tid_747,1,1,1,1,1,1,"[1, 1, 1, 1, 1, 1, 1, 1]"
tid_748,2,3,2,2,2,2,"[2, 2, 2, 2, 2, 2, 2, 2]"
tid_749,2,3,2,2,2,2,"[2, 2, 2, 2, 2, 2, 2, 2]"
tid_75,0,2,0,2,2,2,"[0, 0, 0, 0, 0, 2, 0, 0]"
tid_751,1,1,1,1,1,1,"[2, 1, 1, 1, 1, 1, 1, 1]"
tid_752,1,1,1,1,1,1,"[1, 1, 1, 1, 1, 1, 1, 1]"
tid_753,1,1,1,1,1,1,"[1, 1, 1, 1, 1, 1, 1, 1]"
tid_754,2,3,2,2,2,2,"[2, 2, 2, 2, 2, 1, 1, 1]"
tid_755,1,1,1,1,1,1,"[1, 1, 1, 1, 1, 1, 1, 1]"
tid_756,1,1,1,2,2,1,"[2, 1, 1, 1, 1, 1, 1, 1]"
tid_757,0,2,0,2,2,0,"[0, 0, 0, 0, 0, 0, 0, 0]"
tid_758,1,1,1,1,1,1,"[1, 1, 1, 1, 1, 1, 1, 1]"
tid_76,2,3,2,2,2,2,"[2, 2, 2, 2, 2, 2, 2, 2]"
tid_760,1,1,1,1,1,1,"[1, 1, 1, 1, 1, 1, 1, 1]"
tid_761,1,1,1,1,1,1,"[0, 1, 1, 1, 1, 1, 1, 1]"
tid_763,2,3,2,2,2,2,"[2, 2, 2, 2, 2, 2, 2, 2]"
tid_765,1,1,1,1,1,1,"[1, 1, 1, 1, 1, 1, 1, 1]"
tid_766,2,3,2,2,2,2,"[2, 2, 2, 2, 2, 2, 2, 2]"
tid_767,2,3,2,2,2,2,"[2, 1, 2, 2, 2, 1, 2, 2]"
tid_77,2,3,2,2,2,2,"[2, 2, 2, 2, 2, 2, 2, 2]"
tid_771,1,1,1,1,1,1,"[0, 1, 1, 1, 1, 1, 1, 1]"
tid_774,1,1,1,1,1,1,"[0, 1, 1, 1, 1, 1, 1, 1]"
tid_775,2,3,2,2,2,2,"[2, 2, 2, 2, 2, 2, 2, 2]"
tid_776,2,3,2,2,2,2,"[2, 2, 2, 2, 2, 2, 2, 2]"
tid_777,2,3,2,2,2,2,"[2, 2, 2, 2, 2, 2, 2, 2]"
tid_778,2,3,2,2,2,2,"[2, 2, 2, 2, 2, 2, 2, 2]"
tid_779,1,1,1,2,2,1,"[1, 1, 1, 1, 1, 1, 1, 1]"
tid_78,0,2,0,1,1,0,"[0, 0, 0, 0, 0, 0, 0, 0]"
tid_780,1,1,1,1,1,1,"[1, 1, 1, 1, 1, 1, 1, 1]"
tid_781,1,1,1,2,2,1,"[1, 1, 1, 1, 1, 1, 1, 1]"
tid_782,2,3,2,2,2,2,"[2, 2, 2, 2, 2, 2, 2, 2]"
tid_783,1,1,1,1,1,1,"[1, 1, 1, 1, 1, 1, 1, 1]"
tid_784,1,1,1,1,1,1,"[1, 1, 1, 1, 1, 1, 1, 1]"
tid_785,0,2,0,2,2,2,"[0, 0, 0, 0, 0, 0, 0, 0]"
tid_789,0,2,0,1,1,1,"[0, 0, 0, 0, 0, 1, 0, 0]"
tid_79,2,3,2,2,2,2,"[2, 2, 2, 2, 2, 2, 2, 2]"
tid_790,1,1,1,1,1,1,"[0, 1, 1, 1, 1, 1, 1, 1]"
tid_791,1,1,1,1,1,1,"[2, 1, 1, 1, 1, 1, 1, 1]"
tid_792,2,3,2,2,2,2,"[2, 2, 2, 2, 2, 2, 2, 2]"
tid_793,2,3,2,1,1,2,"[2, 2, 2, 1, 2, 1, 2, 2]"
tid_794,0,2,0,1,1,1,"[0, 1, 0, 0, 0, 0, 0, 0]"
tid_795,1,1,1,1,1,1,"[0, 1, 1, 1, 1, 1, 1, 1]"
tid_797,1,1,1,1,1,1,"[1, 1, 1, 1, 1, 1, 1, 1]"
tid_798,1,1,1,1,1,1,"[0, 1, 1, 1, 1, 1, 1, 1]"
tid_799,2,3,2,2,2,2,"[2, 2, 2, 2, 2, 2, 2, 2]"
tid_8,2,3,2,2,2,2,"[2, 2, 2, 2, 2, 2, 2, 2]"
tid_80,0,2,0,1,1,0,"[0, 0, 0, 0, 0, 0, 0, 0]"
tid_800,2,3,2,1,1,2,"[2, 2, 2, 2, 2, 1, 2, 2]"
tid_802,1,1,1,1,1,1,"[0, 1, 1, 1, 1, 1, 1, 1]"
tid_803,1,1,1,1,1,1,"[2, 1, 1, 1, 1, 1, 1, 1]"
tid_804,1,1,1,1,1,1,"[0, 1, 1, 1, 1, 1, 1, 1]"
tid_805,1,1,1,1,1,1,"[1, 1, 1, 1, 1, 1, 1, 1]"
tid_806,1,1,1,1,1,1,"[0, 1, 1, 1, 1, 1, 1, 1]"
tid_807,2,3,2,2,2,2,"[2, 2, 2, 2, 2, 2, 2, 2]"
tid_808,1,1,1,1,1,1,"[1, 1, 1, 1, 1, 1, 1, 1]"
tid_809,0,2,0,2,2,2,"[0, 0, 0, 2, 2, 2, 0, 2]"
tid_81,0,2,0,1,1,0,"[0, 0, 0, 0, 0, 0, 0, 0]"
tid_810,0,2,0,1,1,1,"[0, 0, 0, 1, 0, 1, 1, 0]"
tid_812,0,2,0,0,0,0,"[0, 0, 0, 0, 0, 0, 0, 0]"
tid_813,0,2,0,1,1,0,"[0, 0, 0, 0, 0, 0, 0, 0]"
tid_814,2,3,2,1,1,2,"[2, 2, 2, 2, 2, 2, 2, 2]"
tid_815,2,3,2,1,1,1,"[2, 1, 2, 1, 2, 1, 1, 1]"
tid_817,0,2,0,1,1,1,"[0, 1, 0, 0, 0, 1, 0, 0]"
tid_818,2,3,2,2,2,2,"[2, 2, 2, 2, 2, 2, 2, 2]"
tid_819,2,3,2,2,2,2,"[2, 2, 2, 2, 2, 2, 2, 2]"
tid_82,0,2,0,1,1,0,"[0, 0, 0, 0, 0, 0, 0, 0]"
tid_820,2,3,2,2,2,2,"[2, 2, 2, 2, 2, 2, 2, 2]"
tid_821,0,2,0,1,1,1,"[0, 0, 0, 0, 0, 1, 0, 0]"
tid_822,1,1,1,1,1,1,"[2, 1, 1, 1, 1, 1, 1, 1]"
tid_823,0,2,0,1,1,2,"[0, 2, 0, 2, 2, 2, 2, 2]"
tid_824,0,2,0,2,2,0,"[0, 0, 0, 0, 0, 0, 0, 0]"
tid_825,0,2,0,1,1,1,"[0, 0, 0, 0, 0, 1, 0, 0]"
tid_826,0,2,0,0,0,0,"[0, 0, 0, 0, 0, 0, 0, 0]"
tid_827,0,2,0,0,0,0,"[0, 0, 0, 0, 0, 0, 0, 0]"
tid_828,2,3,2,1,1,2,"[2, 2, 2, 2, 2, 2, 2, 2]"
tid_829,0,2,0,1,1,0,"[0, 0, 0, 0, 0, 0, 0, 0]"
tid_83,0,2,0,2,2,2,"[0, 2, 0, 0, 2, 2, 0, 2]"
tid_830,0,2,0,2,2,0,"[0, 0, 0, 0, 0, 0, 0, 0]"
tid_831,0,2,0,1,1,0,"[0, 0, 0, 0, 0, 0, 0, 0]"
tid_832,0,2,0,1,1,0,"[0, 0, 0, 0, 0, 0, 0, 0]"
tid_833,2,3,2,1,1,2,"[2, 2, 2, 2, 2, 2, 2, 2]"
tid_834,0,2,0,0,0,0,"[0, 0, 0, 0, 0, 0, 0, 0]"
tid_835,0,2,0,0,0,0,"[0, 0, 0, 0, 0, 0, 0, 0]"
tid_836,0,2,0,1,1,0,"[0, 0, 0, 0, 0, 0, 0, 0]"
tid_838,0,2,0,0,0,0,"[0, 0, 0, 0, 0, 0, 0, 0]"
tid_839,0,2,0,1,1,1,"[0, 0, 0, 0, 0, 0, 0, 0]"
tid_841,0,2,0,0,0,0,"[0, 0, 0, 0, 0, 0, 0, 0]"
tid_842,2,3,2,2,2,2,"[2, 2, 2, 2, 2, 2, 2, 2]"
tid_843,2,3,2,2,2,2,"[2, 2, 2, 2, 2, 2, 2, 2]"
tid_844,1,1,1,1,1,1,"[2, 1, 1, 1, 1, 1, 1, 1]"
tid_846,1,1,1,1,1,1,"[1, 1, 1, 1, 1, 1, 1, 1]"
tid_847,2,3,2,2,2,2,"[2, 2, 2, 2, 2, 2, 2, 2]"
tid_848,3,0,3,3,3,3,"[3, 3, 3, 3, 3, 3, 3, 3]"
tid_849,1,1,1,1,1,1,"[1, 1, 1, 1, 1, 1, 1, 1]"
tid_851,1,1,1,1,1,1,"[1, 1, 1, 1, 1, 1, 1, 1]"
tid_852,3,0,3,1,1,3,"[2, 3, 3, 3, 3, 3, 2, 2]"
tid_853,3,0,3,3,3,3,"[3, 3, 3, 3, 3, 3, 3, 3]"
tid_854,3,0,3,3,3,3,"[3, 3, 3, 3, 3, 3, 3, 3]"
tid_856,1,1,1,1,1,1,"[1, 1, 1, 1, 1, 1, 1, 1]"
tid_857,1,1,1,1,1,1,"[1, 1, 1, 1, 1, 1, 1, 1]"
tid_859,1,1,1,1,1,1,"[1, 1, 1, 1, 1, 1, 1, 1]"
tid_860,0,2,0,0,0,0,"[0, 0, 0, 0, 0, 0, 0, 0]"
tid_870,1,1,1,1,1,1,"[1, 1, 1, 1, 1, 1, 1, 1]"
tid_872,0,2,0,0,0,0,"[0, 0, 0, 0, 0, 0, 0, 0]"
tid_873,2,3,2,1,1,2,"[2, 1, 2, 2, 2, 1, 1, 1]"
tid_874,1,1,1,1,1,1,"[2, 1, 1, 1, 1, 1, 1, 1]"
tid_876,0,2,0,2,2,1,"[0, 0, 0, 0, 0, 1, 1, 1]"
tid_877,1,1,1,1,1,1,"[1, 1, 1, 1, 1, 1, 1, 1]"
tid_878,3,0,3,3,3,3,"[3, 3, 3, 3, 3, 3, 3, 3]"
tid_879,1,1,1,1,1,1,"[1, 1, 1, 1, 1, 1, 1, 1]"
tid_880,1,1,1,1,1,1,"[1, 1, 1, 1, 1, 1, 1, 1]"
tid_881,1,1,1,2,2,1,"[2, 1, 1, 1, 1, 1, 1, 1]"
tid_882,0,2,0,1,1,1,"[0, 0, 0, 0, 1, 1, 1, 1]"
tid_883,3,0,3,3,3,3,"[3, 3, 3, 3, 3, 3, 3, 3]"
tid_884,3,0,3,3,3,3,"[3, 3, 3, 3, 3, 3, 3, 3]"
tid_885,1,1,1,1,1,1,"[1, 1, 1, 1, 1, 1, 1, 1]"
tid_886,3,0,3,3,3,3,"[3, 3, 3, 3, 3, 3, 3, 3]"
tid_888,3,0,3,3,3,3,"[3, 3, 3, 3, 3, 3, 3, 3]"
tid_897,1,1,1,1,1,1,"[2, 1, 1, 1, 1, 1, 2, 2]"
tid_898,1,1,1,1,1,1,"[1, 1, 1, 1, 1, 1, 1, 1]"
tid_9,0,2,0,0,0,0,"[0, 0, 0, 0, 0, 0, 0, 0]"
tid_900,1,1,1,1,1,1,"[1, 1, 1, 1, 1, 1, 1, 1]"
tid_901,1,1,1,1,1,1,"[1, 1, 1, 1, 1, 1, 1, 1]"
tid_902,1,1,1,1,1,1,"[1, 1, 1, 1, 1, 1, 1, 1]"
tid_903,2,3,2,1,1,2,"[2, 2, 1, 2, 1, 1, 1, 1]"
tid_904,1,1,1,1,1,1,"[1, 1, 1, 1, 1, 1, 1, 1]"
tid_905,2,3,2,1,1,2,"[2, 2, 2, 2, 2, 2, 2, 2]"
tid_907,3,0,3,3,3,3,"[3, 3, 3, 3, 3, 3, 3, 3]"
tid_908,1,1,1,1,1,1,"[2, 1, 1, 1, 2, 1, 2, 1]"
tid_909,1,1,1,1,1,1,"[2, 1, 1, 1, 1, 1, 1, 1]"
tid_911,1,1,1,2,2,1,"[1, 1, 1, 1, 1, 1, 1, 1]"
tid_912,2,3,2,2,2,2,"[2, 2, 2, 2, 2, 2, 2, 2]"
tid_913,2,3,2,2,2,2,"[2, 1, 1, 2, 2, 1, 2, 2]"
tid_914,1,1,1,1,1,1,"[1, 1, 1, 1, 1, 1, 1, 1]"
tid_915,1,1,1,1,1,1,"[1, 1, 1, 1, 1, 1, 1, 1]"
tid_916,3,0,3,3,3,3,"[3, 3, 3, 3, 3, 3, 3, 3]"
tid_917,3,0,3,3,3,3,"[3, 3, 3, 3, 3, 3, 3, 3]"
tid_918,2,3,2,2,2,2,"[2, 2, 2, 2, 2, 2, 2, 2]"
tid_920,2,3,2,2,2,1,"[2, 1, 2, 2, 1, 1, 2, 2]"
tid_922,1,1,1,1,1,1,"[0, 1, 1, 1, 1, 1, 2, 2]"
tid_923,1,1,1,1,1,1,"[0, 1, 1, 1, 1, 1, 1, 1]"
tid_924,0,2,0,1,1,1,"[0, 1, 0, 0, 0, 1, 0, 0]"
tid_925,2,3,2,2,2,2,"[2, 3, 2, 2, 2, 3, 2, 2]"
tid_926,0,2,0,1,1,1,"[0, 0, 0, 1, 1, 1, 0, 0]"
tid_927,2,3,2,2,2,2,"[2, 2, 2, 2, 2, 2, 2, 2]"
tid_928,0,2,0,0,0,0,"[0, 0, 0, 0, 0, 0, 0, 0]"
tid_929,0,2,0,1,1,1,"[0, 0, 0, 0, 0, 0, 0, 0]"
tid_930,1,1,1,1,1,1,"[0, 1, 1, 1, 1, 1, 1, 1]"
tid_986,2,3,2,2,2,2,"[2, 2, 2, 2, 2, 2, 2, 2]"
tid_987,2,3,2,2,2,2,"[2, 2, 2, 2, 2, 1, 2, 2]"
tid_988,2,3,2,2,2,2,"[2, 2, 2, 2, 2, 2, 2, 2]"
tid_989,2,3,2,2,2,2,"[2, 2, 2, 2, 2, 2, 2, 2]"
tid_991,2,3,2,2,2,2,"[2, 2, 0, 2, 2, 2, 0, 2]"
tid_992,2,3,2,1,1,2,"[2, 2, 2, 2, 2, 1, 2, 2]"
tid_993,1,1,1,1,1,1,"[1, 1, 1, 1, 1, 1, 1, 1]"
tid_994,1,1,1,1,1,1,"[1, 1, 1, 1, 1, 1, 1, 1]"
tid_995,1,1,1,1,1,1,"[1, 1, 1, 1, 1, 1, 1, 1]"
tid_996,2,3,2,2,2,2,"[2, 2, 2, 2, 2, 2, 2, 2]"
tid_998,2,3,2,2,2,1,"[2, 1, 2, 2, 2, 1, 2, 2]"
tid_999,1,1,1,1,1,1,"[2, 1, 1, 1, 1, 1, 1, 1]"
